payment_id,merchant_id,merchant_name,customer_id,customer_name,customer_vpa,customer_phone,amount,currency,status,recovery_status,decline_category,npci_code,failure_reason,remitter_bank_name,remitter_bank_code,recommended_action,risk_score,risk_level,successful_orders,dispute_count,retry_count,max_retries,created_at
pay_npci_00001,mer_kirana_net,Desi Kirana Network,cust_npci_00001,Gaurav Kulkarni,gaurav.kulkarni70@ibl,+919823508339,362.43,INR,RECOVERED,RECOVERED,TECHNICAL_DECLINE,U69,Remitter Bank System Unavailable / Switch Error,Yes Bank / PhonePe,YESB,DIRECT_GATEWAY_RETRY,0.02,LOW,18,0,1,3,2026-08-18T18:27:30.891769
pay_npci_00002,mer_kirana_net,Desi Kirana Network,cust_npci_00002,Isha Chopra,isha.chopra81@okicici,+919815499734,520.38,INR,FAILED,PENDING,BUSINESS_DECLINE,U19,Daily Per-Transaction or Cumulative Limit Exceeded,ICICI Bank,ICICI,SMART_PAYMENT_LINK,0.4624,MEDIUM,0,0,0,3,2026-09-02T16:11:32.406808
pay_npci_00003,mer_kirana_net,Desi Kirana Network,cust_npci_00003,Sanjay Reddy,sanjay.reddy72@oksbi,+919822066607,147.61,INR,FAILED,PENDING,BUSINESS_DECLINE,XH,Customer Account Blocked / Frozen / Dormant,State Bank of India,SBI,ESCALATE_TO_HUMAN,0.6594,MEDIUM,1,0,1,3,2026-08-19T20:24:03.062832
pay_npci_00004,mer_kirana_net,Desi Kirana Network,cust_npci_00004,Tanvi Kumar,tanvi.kumar70@axisbank,+919889452429,325.34,INR,RECOVERED,RECOVERED,TECHNICAL_DECLINE,BT,Issuer Switch Timeout During 2FA Verification,Axis Bank,AXIS,DIRECT_GATEWAY_RETRY,0.02,LOW,14,0,1,3,2026-08-10T09:14:48.622389
pay_npci_00005,mer_quick_kart,Bharat QuickCommerce,cust_npci_00005,Vivek Banerjee,vivek.banerjee93@paytm,+919888947636,22.23,INR,RECOVERED,RECOVERED,TECHNICAL_DECLINE,U69,Remitter Bank System Unavailable / Switch Error,Paytm Payments Bank,PYTM,DIRECT_GATEWAY_RETRY,0.02,LOW,17,0,1,3,2026-08-25T17:47:28.331084
pay_npci_00006,mer_swiggy_inst,Swiggy Instamart Partner,cust_npci_00006,Varun Patel,varun.patel93@paytm,+919813006284,78.38,INR,RECOVERED,RECOVERED,TECHNICAL_DECLINE,BT,Issuer Switch Timeout During 2FA Verification,Paytm Payments Bank,PYTM,DIRECT_GATEWAY_RETRY,0.02,LOW,17,0,1,3,2026-08-26T19:55:05.513974
pay_npci_00007,mer_quick_kart,Bharat QuickCommerce,cust_npci_00007,Aditi Desai,aditi.desai65@oksbi,+919884764352,4307.28,INR,RECOVERED,RECOVERED,TECHNICAL_DECLINE,BT,Issuer Switch Timeout During 2FA Verification,State Bank of India,SBI,DIRECT_GATEWAY_RETRY,0.02,LOW,12,0,1,3,2026-08-26T12:19:21.150841
pay_npci_00008,mer_quick_kart,Bharat QuickCommerce,cust_npci_00008,Gaurav Chopra,gaurav.chopra92@hdfcbank,+919876774185,71.69,INR,FAILED,PENDING,BUSINESS_DECLINE,U19,Daily Per-Transaction or Cumulative Limit Exceeded,HDFC Bank,HDFC,SMART_PAYMENT_LINK,0.4392,MEDIUM,5,0,0,3,2026-08-09T21:10:12.151633
pay_npci_00009,mer_tech_bazaar,Croma TechBazaar,cust_npci_00009,Zoya Rao,zoya.rao50@axisbank,+919875191535,177.28,INR,RECOVERED,RECOVERED,TECHNICAL_DECLINE,BT,Issuer Switch Timeout During 2FA Verification,Axis Bank,AXIS,DIRECT_GATEWAY_RETRY,0.0403,LOW,12,0,1,3,2026-09-01T16:58:03.779409
pay_npci_00010,mer_demo_apex,Apex Retail India Ltd,cust_npci_00010,Sanjay Sharma,sanjay.sharma37@ibl,+919838799785,2167.35,INR,FAILED,PENDING,BUSINESS_DECLINE,ZA,Insufficient Funds in Customer Account,Yes Bank / PhonePe,YESB,SMART_PAYMENT_LINK,0.6288,MEDIUM,10,1,0,3,2026-08-24T19:50:05.701563
pay_npci_00011,mer_quick_kart,Bharat QuickCommerce,cust_npci_00011,Rohan Reddy,rohan.reddy31@ibl,+919865428182,406.15,INR,RECOVERED,RECOVERED,BUSINESS_DECLINE,ZM,Invalid MPIN Entered by Customer,Yes Bank / PhonePe,YESB,CUSTOMER_WHATSAPP_NUDGE,0.2975,LOW,10,0,1,3,2026-08-16T17:13:58.752238
pay_npci_00012,mer_swiggy_inst,Swiggy Instamart Partner,cust_npci_00012,Pooja Singh,pooja.singh68@icici,+919839682930,114.49,INR,RECOVERED,RECOVERED,TECHNICAL_DECLINE,U69,Remitter Bank System Unavailable / Switch Error,ICICI Bank,ICICI,DIRECT_GATEWAY_RETRY,0.02,LOW,17,0,1,3,2026-08-30T15:55:23.317243
pay_npci_00013,mer_demo_apex,Apex Retail India Ltd,cust_npci_00013,Tanvi Gupta,tanvi.gupta49@okaxis,+919895615280,4648.02,INR,FAILED,PENDING,TECHNICAL_DECLINE,U69,Remitter Bank System Unavailable / Switch Error,Axis Bank,AXIS,DIRECT_GATEWAY_RETRY,0.0818,LOW,1,0,1,3,2026-08-18T10:30:39.119639
pay_npci_00014,mer_kirana_net,Desi Kirana Network,cust_npci_00014,Aarav Chopra,aarav.chopra47@okaxis,+919874551578,3790.5,INR,FAILED,PENDING,BUSINESS_DECLINE,XH,Customer Account Blocked / Frozen / Dormant,Axis Bank,AXIS,ESCALATE_TO_HUMAN,0.5775,MEDIUM,8,0,2,3,2026-08-31T10:57:21.818302
pay_npci_00015,mer_quick_kart,Bharat QuickCommerce,cust_npci_00015,Rohan Kulkarni,rohan.kulkarni74@kotak,+919888227592,3406.5,INR,FAILED,PENDING,TECHNICAL_DECLINE,U69,Remitter Bank System Unavailable / Switch Error,Kotak Mahindra Bank,KKBK,DIRECT_GATEWAY_RETRY,0.1172,LOW,1,0,1,3,2026-08-19T09:06:17.492753
pay_npci_00016,mer_tech_bazaar,Croma TechBazaar,cust_npci_00016,Sneha Patel,sneha.patel35@ybl,+919854749596,3672.2,INR,FAILED,PENDING,BUSINESS_DECLINE,XH,Customer Account Blocked / Frozen / Dormant,Yes Bank / PhonePe,YESB,ESCALATE_TO_HUMAN,0.5269,MEDIUM,18,0,1,3,2026-08-21T09:48:19.859064
pay_npci_00017,mer_kirana_net,Desi Kirana Network,cust_npci_00017,Aarav Kulkarni,aarav.kulkarni53@okpnb,+919854840496,4351.26,INR,RECOVERED,RECOVERED,BUSINESS_DECLINE,ZA,Insufficient Funds in Customer Account,Punjab National Bank,PNB,SMART_PAYMENT_LINK,0.3385,LOW,13,0,1,3,2026-08-11T10:16:50.524413
pay_npci_00018,mer_demo_apex,Apex Retail India Ltd,cust_npci_00018,Sanjay Reddy,sanjay.reddy93@sbi,+919890076991,474.05,INR,RECOVERED,RECOVERED,TECHNICAL_DECLINE,U69,Remitter Bank System Unavailable / Switch Error,State Bank of India,SBI,DIRECT_GATEWAY_RETRY,0.02,LOW,15,0,1,3,2026-08-12T07:23:07.538356
pay_npci_00019,mer_quick_kart,Bharat QuickCommerce,cust_npci_00019,Gaurav Joshi,gaurav.joshi49@oksbi,+919848761771,156.69,INR,FAILED,PENDING,BUSINESS_DECLINE,ZA,Insufficient Funds in Customer Account,State Bank of India,SBI,SMART_PAYMENT_LINK,0.4177,MEDIUM,3,0,0,3,2026-08-06T11:34:35.006406
pay_npci_00020,mer_kirana_net,Desi Kirana Network,cust_npci_00020,Sunil Mehta,sunil.mehta97@sbi,+919883553661,1164.29,INR,RECOVERED,RECOVERED,TECHNICAL_DECLINE,BT,Issuer Switch Timeout During 2FA Verification,State Bank of India,SBI,DIRECT_GATEWAY_RETRY,0.1553,LOW,3,0,1,3,2026-08-20T19:22:19.038017
pay_npci_00021,mer_swiggy_inst,Swiggy Instamart Partner,cust_npci_00021,Kavita Chatterjee,kavita.chatterjee71@kmbl,+919856180554,217.44,INR,FAILED,PENDING,BUSINESS_DECLINE,ZM,Invalid MPIN Entered by Customer,Kotak Mahindra Bank,KKBK,CUSTOMER_WHATSAPP_NUDGE,0.2769,LOW,9,0,1,3,2026-08-28T20:55:25.845567
pay_npci_00022,mer_tech_bazaar,Croma TechBazaar,cust_npci_00022,Rahul Kumar,rahul.kumar77@ibl,+919856068426,113.86,INR,FAILED,PENDING,BUSINESS_DECLINE,ZA,Insufficient Funds in Customer Account,Yes Bank / PhonePe,YESB,SMART_PAYMENT_LINK,0.4457,MEDIUM,4,0,2,3,2026-08-09T19:27:50.944482
pay_npci_00023,mer_quick_kart,Bharat QuickCommerce,cust_npci_00023,Pranav Kumar,pranav.kumar69@sbi,+919868934659,170.81,INR,RECOVERED,RECOVERED,BUSINESS_DECLINE,U19,Daily Per-Transaction or Cumulative Limit Exceeded,State Bank of India,SBI,SMART_PAYMENT_LINK,0.3098,LOW,18,0,1,3,2026-08-19T12:51:33.181836
pay_npci_00024,mer_demo_apex,Apex Retail India Ltd,cust_npci_00024,Neha Chatterjee,neha.chatterjee73@okpnb,+919835221418,483.08,INR,FAILED,PENDING,BUSINESS_DECLINE,ZA,Insufficient Funds in Customer Account,Punjab National Bank,PNB,SMART_PAYMENT_LINK,0.3919,MEDIUM,1,0,2,3,2026-08-08T10:09:44.208604
pay_npci_00025,mer_tech_bazaar,Croma TechBazaar,cust_npci_00025,Sanjay Mehta,sanjay.mehta10@paytm,+919849818825,423.73,INR,RECOVERED,RECOVERED,BUSINESS_DECLINE,ZA,Insufficient Funds in Customer Account,Paytm Payments Bank,PYTM,SMART_PAYMENT_LINK,0.2739,LOW,9,0,1,3,2026-08-23T19:43:19.439070
pay_npci_00026,mer_kirana_net,Desi Kirana Network,cust_npci_00026,Ananya Kumar,ananya.kumar89@axisbank,+919879332233,120.39,INR,RECOVERED,RECOVERED,TECHNICAL_DECLINE,U69,Remitter Bank System Unavailable / Switch Error,Axis Bank,AXIS,DIRECT_GATEWAY_RETRY,0.02,LOW,15,0,1,3,2026-09-02T13:53:39.706544
pay_npci_00027,mer_kirana_net,Desi Kirana Network,cust_npci_00027,Kavita Mehta,kavita.mehta85@sbi,+919872962836,3096.53,INR,RECOVERED,RECOVERED,BUSINESS_DECLINE,ZM,Invalid MPIN Entered by Customer,State Bank of India,SBI,CUSTOMER_WHATSAPP_NUDGE,0.227,LOW,8,0,1,3,2026-08-20T11:21:44.691641
pay_npci_00028,mer_kirana_net,Desi Kirana Network,cust_npci_00028,Sanjay Joshi,sanjay.joshi99@okicici,+919897589291,4428.92,INR,FAILED,IN_REVIEW,BUSINESS_DECLINE,K1,Suspected Fraud / Excessive Velocity Anomaly,ICICI Bank,ICICI,QUARANTINE_FOR_REVIEW,0.98,HIGH,13,1,1,3,2026-08-24T08:57:59.697218
pay_npci_00029,mer_demo_apex,Apex Retail India Ltd,cust_npci_00029,Tanvi Nair,tanvi.nair81@okpnb,+919841228094,385.21,INR,FAILED,PENDING,BUSINESS_DECLINE,XH,Customer Account Blocked / Frozen / Dormant,Punjab National Bank,PNB,ESCALATE_TO_HUMAN,0.5692,MEDIUM,14,0,1,3,2026-08-29T00:57:07.274020
pay_npci_00030,mer_quick_kart,Bharat QuickCommerce,cust_npci_00030,Vivek Reddy,vivek.reddy33@unionbank,+919848827591,405.61,INR,FAILED,PENDING,BUSINESS_DECLINE,ZA,Insufficient Funds in Customer Account,Union Bank of India,UBI,SMART_PAYMENT_LINK,0.2629,LOW,6,0,2,3,2026-08-10T08:24:41.428602
pay_npci_00031,mer_demo_apex,Apex Retail India Ltd,cust_npci_00031,Aarav Banerjee,aarav.banerjee37@hdfcbank,+919818448387,2103.75,INR,RECOVERED,RECOVERED,BUSINESS_DECLINE,ZA,Insufficient Funds in Customer Account,HDFC Bank,HDFC,SMART_PAYMENT_LINK,0.2837,LOW,18,0,1,3,2026-08-10T06:32:49.382529
pay_npci_00032,mer_demo_apex,Apex Retail India Ltd,cust_npci_00032,Sanjay Verma,sanjay.verma83@okaxis,+919861654289,3799.15,INR,RECOVERED,RECOVERED,TECHNICAL_DECLINE,U69,Remitter Bank System Unavailable / Switch Error,Axis Bank,AXIS,DIRECT_GATEWAY_RETRY,0.1325,LOW,5,0,1,3,2026-08-16T06:18:13.390024
pay_npci_00033,mer_quick_kart,Bharat QuickCommerce,cust_npci_00033,Amit Nair,amit.nair36@oksbi,+919882551054,3038.69,INR,RECOVERED,RECOVERED,TECHNICAL_DECLINE,BT,Issuer Switch Timeout During 2FA Verification,State Bank of India,SBI,DIRECT_GATEWAY_RETRY,0.0403,LOW,17,0,1,3,2026-08-29T03:20:55.327929
pay_npci_00034,mer_kirana_net,Desi Kirana Network,cust_npci_00034,Zoya Reddy,zoya.reddy83@hdfcbank,+919827564692,463.66,INR,RECOVERED,RECOVERED,TECHNICAL_DECLINE,BT,Issuer Switch Timeout During 2FA Verification,HDFC Bank,HDFC,DIRECT_GATEWAY_RETRY,0.02,LOW,10,0,1,3,2026-08-14T18:16:03.299720
pay_npci_00035,mer_tech_bazaar,Croma TechBazaar,cust_npci_00035,Sneha Verma,sneha.verma50@oksbi,+919895067885,1989.4,INR,FAILED,IN_REVIEW,BUSINESS_DECLINE,K1,Suspected Fraud / Excessive Velocity Anomaly,State Bank of India,SBI,QUARANTINE_FOR_REVIEW,0.98,HIGH,10,1,1,3,2026-08-13T11:49:59.492992
pay_npci_00036,mer_swiggy_inst,Swiggy Instamart Partner,cust_npci_00036,Pooja Kumar,pooja.kumar39@kmbl,+919845837411,225.54,INR,FAILED,PENDING,BUSINESS_DECLINE,ZA,Insufficient Funds in Customer Account,Kotak Mahindra Bank,KKBK,SMART_PAYMENT_LINK,0.2804,LOW,7,0,1,3,2026-09-03T20:08:17.576624
pay_npci_00037,mer_kirana_net,Desi Kirana Network,cust_npci_00037,Sanjay Kulkarni,sanjay.kulkarni31@icici,+919895587594,424.97,INR,RECOVERED,RECOVERED,TECHNICAL_DECLINE,BT,Issuer Switch Timeout During 2FA Verification,ICICI Bank,ICICI,DIRECT_GATEWAY_RETRY,0.02,LOW,14,0,1,3,2026-08-17T14:09:26.669391
pay_npci_00038,mer_swiggy_inst,Swiggy Instamart Partner,cust_npci_00038,Rahul Sharma,rahul.sharma51@paytm,+919871095038,1426.06,INR,RECOVERED,RECOVERED,BUSINESS_DECLINE,ZA,Insufficient Funds in Customer Account,Paytm Payments Bank,PYTM,SMART_PAYMENT_LINK,0.3084,LOW,8,0,1,3,2026-08-07T21:22:06.190687
pay_npci_00039,mer_demo_apex,Apex Retail India Ltd,cust_npci_00039,Varun Patel,varun.patel13@oksbi,+919879851899,430.58,INR,FAILED,PENDING,BUSINESS_DECLINE,ZA,Insufficient Funds in Customer Account,State Bank of India,SBI,SMART_PAYMENT_LINK,0.3824,MEDIUM,2,0,2,3,2026-08-28T20:02:21.544559
pay_npci_00040,mer_swiggy_inst,Swiggy Instamart Partner,cust_npci_00040,Neha Desai,neha.desai16@paytm,+919844797235,3658.0,INR,FAILED,PENDING,BUSINESS_DECLINE,ZM,Invalid MPIN Entered by Customer,Paytm Payments Bank,PYTM,CUSTOMER_WHATSAPP_NUDGE,0.4027,MEDIUM,4,0,0,3,2026-08-30T18:28:26.116185
pay_npci_00041,mer_kirana_net,Desi Kirana Network,cust_npci_00041,Rohan Desai,rohan.desai48@okpnb,+919848178083,329.62,INR,RECOVERED,RECOVERED,BUSINESS_DECLINE,ZA,Insufficient Funds in Customer Account,Punjab National Bank,PNB,SMART_PAYMENT_LINK,0.3316,LOW,7,0,1,3,2026-08-12T10:43:36.808533
pay_npci_00042,mer_kirana_net,Desi Kirana Network,cust_npci_00042,Sunil Kumar,sunil.kumar31@barodampay,+919884384387,3771.9,INR,RECOVERED,RECOVERED,BUSINESS_DECLINE,U19,Daily Per-Transaction or Cumulative Limit Exceeded,Bank of Baroda,BOB,SMART_PAYMENT_LINK,0.3328,LOW,7,0,1,3,2026-08-14T12:53:28.683457
pay_npci_00043,mer_kirana_net,Desi Kirana Network,cust_npci_00043,Varun Reddy,varun.reddy92@oksbi,+919848710587,1919.7,INR,RECOVERED,RECOVERED,BUSINESS_DECLINE,ZA,Insufficient Funds in Customer Account,State Bank of India,SBI,SMART_PAYMENT_LINK,0.3358,LOW,8,0,1,3,2026-08-24T18:10:22.790396
pay_npci_00044,mer_swiggy_inst,Swiggy Instamart Partner,cust_npci_00044,Neha Chopra,neha.chopra18@ybl,+919877507349,1863.27,INR,RECOVERED,RECOVERED,BUSINESS_DECLINE,ZM,Invalid MPIN Entered by Customer,Yes Bank / PhonePe,YESB,CUSTOMER_WHATSAPP_NUDGE,0.2316,LOW,7,0,1,3,2026-08-13T19:41:55.994028
pay_npci_00045,mer_demo_apex,Apex Retail India Ltd,cust_npci_00045,Pooja Verma,pooja.verma59@paytm,+919893874912,431.62,INR,RECOVERED,RECOVERED,TECHNICAL_DECLINE,U69,Remitter Bank System Unavailable / Switch Error,Paytm Payments Bank,PYTM,DIRECT_GATEWAY_RETRY,0.02,LOW,14,0,1,3,2026-08-13T06:13:50.357166
pay_npci_00046,mer_swiggy_inst,Swiggy Instamart Partner,cust_npci_00046,Amit Joshi,amit.joshi95@okhdfcbank,+919835961749,257.45,INR,FAILED,PENDING,TECHNICAL_DECLINE,U69,Remitter Bank System Unavailable / Switch Error,HDFC Bank,HDFC,DIRECT_GATEWAY_RETRY,0.1285,LOW,2,0,0,3,2026-08-20T22:56:54.970356
pay_npci_00047,mer_quick_kart,Bharat QuickCommerce,cust_npci_00047,Sunil Verma,sunil.verma28@okpnb,+919867036131,408.13,INR,RECOVERED,RECOVERED,BUSINESS_DECLINE,U19,Daily Per-Transaction or Cumulative Limit Exceeded,Punjab National Bank,PNB,SMART_PAYMENT_LINK,0.326,LOW,12,0,1,3,2026-08-29T18:55:45.942206
pay_npci_00048,mer_swiggy_inst,Swiggy Instamart Partner,cust_npci_00048,Rahul Desai,rahul.desai87@okpnb,+919887628061,4234.17,INR,RECOVERED,RECOVERED,TECHNICAL_DECLINE,BT,Issuer Switch Timeout During 2FA Verification,Punjab National Bank,PNB,DIRECT_GATEWAY_RETRY,0.02,LOW,7,0,1,3,2026-08-22T10:41:50.641622
pay_npci_00049,mer_quick_kart,Bharat QuickCommerce,cust_npci_00049,Deepak Chopra,deepak.chopra44@hdfcbank,+919896107800,72.12,INR,FAILED,IN_REVIEW,BUSINESS_DECLINE,K1,Suspected Fraud / Excessive Velocity Anomaly,HDFC Bank,HDFC,QUARANTINE_FOR_REVIEW,0.98,HIGH,7,1,2,3,2026-08-11T13:47:31.853485
pay_npci_00050,mer_tech_bazaar,Croma TechBazaar,cust_npci_00050,Pooja Kumar,pooja.kumar53@icici,+919811526658,4073.66,INR,FAILED,PENDING,BUSINESS_DECLINE,ZA,Insufficient Funds in Customer Account,ICICI Bank,ICICI,SMART_PAYMENT_LINK,0.6424,MEDIUM,9,1,1,3,2026-08-25T10:43:08.881320
pay_npci_00051,mer_swiggy_inst,Swiggy Instamart Partner,cust_npci_00051,Tanvi Kulkarni,tanvi.kulkarni27@oksbi,+919877546423,291.68,INR,RECOVERED,RECOVERED,BUSINESS_DECLINE,ZA,Insufficient Funds in Customer Account,State Bank of India,SBI,SMART_PAYMENT_LINK,0.3344,LOW,18,0,1,3,2026-09-02T20:12:57.569443
pay_npci_00052,mer_swiggy_inst,Swiggy Instamart Partner,cust_npci_00052,Aditi Mehta,aditi.mehta28@sbi,+919881400885,131.95,INR,RECOVERED,RECOVERED,BUSINESS_DECLINE,U19,Daily Per-Transaction or Cumulative Limit Exceeded,State Bank of India,SBI,SMART_PAYMENT_LINK,0.3139,LOW,18,0,1,3,2026-08-13T06:45:53.765452
pay_npci_00053,mer_kirana_net,Desi Kirana Network,cust_npci_00053,Manish Verma,manish.verma23@barodampay,+919898677203,450.17,INR,RECOVERED,RECOVERED,BUSINESS_DECLINE,ZA,Insufficient Funds in Customer Account,Bank of Baroda,BOB,SMART_PAYMENT_LINK,0.2857,LOW,9,0,1,3,2026-09-04T19:56:40.415337
pay_npci_00054,mer_kirana_net,Desi Kirana Network,cust_npci_00054,Aditi Banerjee,aditi.banerjee30@axisbank,+919855910209,334.81,INR,RECOVERED,RECOVERED,BUSINESS_DECLINE,ZM,Invalid MPIN Entered by Customer,Axis Bank,AXIS,CUSTOMER_WHATSAPP_NUDGE,0.2415,LOW,12,0,1,3,2026-09-03T10:56:15.672574
pay_npci_00055,mer_tech_bazaar,Croma TechBazaar,cust_npci_00055,Vikram Chatterjee,vikram.chatterjee36@sbi,+919881893431,289.76,INR,FAILED,PENDING,TECHNICAL_DECLINE,U69,Remitter Bank System Unavailable / Switch Error,State Bank of India,SBI,DIRECT_GATEWAY_RETRY,0.02,LOW,13,0,0,3,2026-08-10T16:35:52.525215
pay_npci_00056,mer_swiggy_inst,Swiggy Instamart Partner,cust_npci_00056,Amit Chopra,amit.chopra65@icici,+919819271767,1912.87,INR,RECOVERED,RECOVERED,BUSINESS_DECLINE,ZA,Insufficient Funds in Customer Account,ICICI Bank,ICICI,SMART_PAYMENT_LINK,0.3135,LOW,14,0,1,3,2026-08-17T23:34:15.357482
pay_npci_00057,mer_swiggy_inst,Swiggy Instamart Partner,cust_npci_00057,Manish Chopra,manish.chopra75@okicici,+919829251651,151.45,INR,FAILED,PENDING,BUSINESS_DECLINE,ZM,Invalid MPIN Entered by Customer,ICICI Bank,ICICI,CUSTOMER_WHATSAPP_NUDGE,0.4158,MEDIUM,5,0,0,3,2026-08-26T13:42:46.491727
pay_npci_00058,mer_quick_kart,Bharat QuickCommerce,cust_npci_00058,Ananya Singh,ananya.singh20@icici,+919864489051,1796.29,INR,RECOVERED,RECOVERED,TECHNICAL_DECLINE,U69,Remitter Bank System Unavailable / Switch Error,ICICI Bank,ICICI,DIRECT_GATEWAY_RETRY,0.02,LOW,9,0,1,3,2026-08-27T20:50:19.523376
pay_npci_00059,mer_tech_bazaar,Croma TechBazaar,cust_npci_00059,Rahul Patel,rahul.patel38@barodampay,+919870976246,2828.46,INR,RECOVERED,RECOVERED,BUSINESS_DECLINE,ZM,Invalid MPIN Entered by Customer,Bank of Baroda,BOB,CUSTOMER_WHATSAPP_NUDGE,0.275,LOW,10,0,1,3,2026-08-20T20:39:32.970016
pay_npci_00060,mer_kirana_net,Desi Kirana Network,cust_npci_00060,Kiran Sharma,kiran.sharma33@okicici,+919886755076,480.61,INR,RECOVERED,RECOVERED,BUSINESS_DECLINE,U19,Daily Per-Transaction or Cumulative Limit Exceeded,ICICI Bank,ICICI,SMART_PAYMENT_LINK,0.3394,LOW,16,0,1,3,2026-08-16T20:25:43.816543
pay_npci_00061,mer_demo_apex,Apex Retail India Ltd,cust_npci_00061,Kiran Reddy,kiran.reddy74@barodampay,+919838879554,4293.81,INR,RECOVERED,RECOVERED,TECHNICAL_DECLINE,U69,Remitter Bank System Unavailable / Switch Error,Bank of Baroda,BOB,DIRECT_GATEWAY_RETRY,0.02,LOW,8,0,1,3,2026-08-17T05:39:25.946829
pay_npci_00062,mer_quick_kart,Bharat QuickCommerce,cust_npci_00062,Rahul Chatterjee,rahul.chatterjee31@sbi,+919895542558,2937.8,INR,FAILED,PENDING,BUSINESS_DECLINE,ZM,Invalid MPIN Entered by Customer,State Bank of India,SBI,CUSTOMER_WHATSAPP_NUDGE,0.3826,MEDIUM,5,0,0,3,2026-09-04T07:47:54.841195
pay_npci_00063,mer_swiggy_inst,Swiggy Instamart Partner,cust_npci_00063,Vivek Sharma,vivek.sharma83@hdfcbank,+919898834642,284.91,INR,RECOVERED,RECOVERED,BUSINESS_DECLINE,ZM,Invalid MPIN Entered by Customer,HDFC Bank,HDFC,CUSTOMER_WHATSAPP_NUDGE,0.2769,LOW,14,0,1,3,2026-08-09T18:49:15.120650
pay_npci_00064,mer_tech_bazaar,Croma TechBazaar,cust_npci_00064,Rahul Kumar,rahul.kumar87@hdfcbank,+919827719518,556.65,INR,RECOVERED,RECOVERED,BUSINESS_DECLINE,U19,Daily Per-Transaction or Cumulative Limit Exceeded,HDFC Bank,HDFC,SMART_PAYMENT_LINK,0.3103,LOW,10,0,1,3,2026-08-24T20:57:20.091209
pay_npci_00065,mer_swiggy_inst,Swiggy Instamart Partner,cust_npci_00065,Aarav Chopra,aarav.chopra34@oksbi,+919863970297,137.18,INR,RECOVERED,RECOVERED,TECHNICAL_DECLINE,BT,Issuer Switch Timeout During 2FA Verification,State Bank of India,SBI,DIRECT_GATEWAY_RETRY,0.0428,LOW,6,0,1,3,2026-08-14T00:03:17.930877
pay_npci_00066,mer_demo_apex,Apex Retail India Ltd,cust_npci_00066,Kiran Singh,kiran.singh64@sbi,+919898709270,72.73,INR,FAILED,PENDING,BUSINESS_DECLINE,XH,Customer Account Blocked / Frozen / Dormant,State Bank of India,SBI,ESCALATE_TO_HUMAN,0.5383,MEDIUM,7,0,1,3,2026-08-10T12:13:59.390620
pay_npci_00067,mer_swiggy_inst,Swiggy Instamart Partner,cust_npci_00067,Kiran Kulkarni,kiran.kulkarni70@okpnb,+919827314210,2920.79,INR,RECOVERED,RECOVERED,TECHNICAL_DECLINE,U69,Remitter Bank System Unavailable / Switch Error,Punjab National Bank,PNB,DIRECT_GATEWAY_RETRY,0.02,LOW,18,0,1,3,2026-08-26T11:23:06.623816
pay_npci_00068,mer_swiggy_inst,Swiggy Instamart Partner,cust_npci_00068,Vivek Verma,vivek.verma49@barodampay,+919879942573,64304.24,INR,FAILED,PENDING,BUSINESS_DECLINE,ZM,Invalid MPIN Entered by Customer,Bank of Baroda,BOB,CUSTOMER_WHATSAPP_NUDGE,0.4642,MEDIUM,14,0,1,3,2026-09-02T07:25:04.256738
pay_npci_00069,mer_demo_apex,Apex Retail India Ltd,cust_npci_00069,Sanjay Kumar,sanjay.kumar28@sbi,+919885858225,52262.48,INR,FAILED,PENDING,TECHNICAL_DECLINE,U30,Beneficiary Bank Timeout After Debit (Ambiguous),State Bank of India,SBI,STATUS_POLL_VERIFICATION,0.3957,MEDIUM,10,0,0,3,2026-08-10T09:57:00.325706
pay_npci_00070,mer_swiggy_inst,Swiggy Instamart Partner,cust_npci_00070,Pranav Kulkarni,pranav.kulkarni39@sbi,+919845617922,4730.78,INR,RECOVERED,RECOVERED,BUSINESS_DECLINE,ZA,Insufficient Funds in Customer Account,State Bank of India,SBI,SMART_PAYMENT_LINK,0.3073,LOW,9,0,1,3,2026-08-16T19:40:34.503050
pay_npci_00071,mer_demo_apex,Apex Retail India Ltd,cust_npci_00071,Vivek Chopra,vivek.chopra19@barodampay,+919822498422,450.12,INR,FAILED,PENDING,BUSINESS_DECLINE,ZA,Insufficient Funds in Customer Account,Bank of Baroda,BOB,SMART_PAYMENT_LINK,0.4169,MEDIUM,5,0,0,3,2026-09-03T11:30:33.715720
pay_npci_00072,mer_kirana_net,Desi Kirana Network,cust_npci_00072,Zoya Kumar,zoya.kumar83@axisbank,+919848968174,101.26,INR,FAILED,PENDING,BUSINESS_DECLINE,ZA,Insufficient Funds in Customer Account,Axis Bank,AXIS,SMART_PAYMENT_LINK,0.4129,MEDIUM,0,0,0,3,2026-09-02T19:09:35.656688
pay_npci_00073,mer_demo_apex,Apex Retail India Ltd,cust_npci_00073,Pranav Kulkarni,pranav.kulkarni59@okpnb,+919894516205,2847.73,INR,RECOVERED,RECOVERED,TECHNICAL_DECLINE,BT,Issuer Switch Timeout During 2FA Verification,Punjab National Bank,PNB,DIRECT_GATEWAY_RETRY,0.1418,LOW,3,0,1,3,2026-08-08T18:07:16.213696
pay_npci_00074,mer_kirana_net,Desi Kirana Network,cust_npci_00074,Isha Nair,isha.nair32@barodampay,+919821326436,256.42,INR,RECOVERED,RECOVERED,BUSINESS_DECLINE,U19,Daily Per-Transaction or Cumulative Limit Exceeded,Bank of Baroda,BOB,SMART_PAYMENT_LINK,0.3438,LOW,11,0,1,3,2026-08-27T14:48:06.881071
pay_npci_00075,mer_kirana_net,Desi Kirana Network,cust_npci_00075,Aarav Rao,aarav.rao69@paytm,+919858745093,165.53,INR,RECOVERED,RECOVERED,BUSINESS_DECLINE,U19,Daily Per-Transaction or Cumulative Limit Exceeded,Paytm Payments Bank,PYTM,SMART_PAYMENT_LINK,0.3221,LOW,13,0,1,3,2026-08-16T17:00:56.541374
pay_npci_00076,mer_tech_bazaar,Croma TechBazaar,cust_npci_00076,Vivek Joshi,vivek.joshi96@barodampay,+919818127471,336.59,INR,RECOVERED,RECOVERED,BUSINESS_DECLINE,ZA,Insufficient Funds in Customer Account,Bank of Baroda,BOB,SMART_PAYMENT_LINK,0.3039,LOW,10,0,1,3,2026-08-29T20:27:06.237266
pay_npci_00077,mer_tech_bazaar,Croma TechBazaar,cust_npci_00077,Sunil Banerjee,sunil.banerjee20@okhdfcbank,+919855745162,434.03,INR,FAILED,IN_REVIEW,BUSINESS_DECLINE,K1,Suspected Fraud / Excessive Velocity Anomaly,HDFC Bank,HDFC,QUARANTINE_FOR_REVIEW,0.98,HIGH,6,1,0,3,2026-08-15T08:13:33.583261
pay_npci_00078,mer_quick_kart,Bharat QuickCommerce,cust_npci_00078,Neha Verma,neha.verma43@paytm,+919844407410,273.23,INR,FAILED,PENDING,BUSINESS_DECLINE,ZM,Invalid MPIN Entered by Customer,Paytm Payments Bank,PYTM,CUSTOMER_WHATSAPP_NUDGE,0.3902,MEDIUM,5,0,1,3,2026-09-04T21:22:46.994750
pay_npci_00079,mer_quick_kart,Bharat QuickCommerce,cust_npci_00079,Aarav Banerjee,aarav.banerjee59@oksbi,+919851258962,56886.7,INR,FAILED,PENDING,BUSINESS_DECLINE,ZA,Insufficient Funds in Customer Account,State Bank of India,SBI,SMART_PAYMENT_LINK,0.5058,MEDIUM,8,0,2,3,2026-08-18T21:00:28.864896
pay_npci_00080,mer_quick_kart,Bharat QuickCommerce,cust_npci_00080,Rahul Banerjee,rahul.banerjee91@paytm,+919888945536,305.7,INR,FAILED,PENDING,BUSINESS_DECLINE,ZM,Invalid MPIN Entered by Customer,Paytm Payments Bank,PYTM,CUSTOMER_WHATSAPP_NUDGE,0.4139,MEDIUM,4,0,2,3,2026-08-26T19:16:40.567129
pay_npci_00081,mer_quick_kart,Bharat QuickCommerce,cust_npci_00081,Deepak Rao,deepak.rao58@barodampay,+919820406939,392.5,INR,FAILED,PENDING,BUSINESS_DECLINE,ZM,Invalid MPIN Entered by Customer,Bank of Baroda,BOB,CUSTOMER_WHATSAPP_NUDGE,0.3466,LOW,5,0,1,3,2026-08-08T21:57:34.347259
pay_npci_00082,mer_kirana_net,Desi Kirana Network,cust_npci_00082,Aditi Gupta,aditi.gupta78@sbi,+919890247434,26106.67,INR,FAILED,PENDING,BUSINESS_DECLINE,ZA,Insufficient Funds in Customer Account,State Bank of India,SBI,SMART_PAYMENT_LINK,0.4484,MEDIUM,10,0,1,3,2026-08-25T05:19:13.142657
pay_npci_00083,mer_tech_bazaar,Croma TechBazaar,cust_npci_00083,Zoya Rao,zoya.rao96@paytm,+919831284528,168.76,INR,FAILED,PENDING,BUSINESS_DECLINE,XH,Customer Account Blocked / Frozen / Dormant,Paytm Payments Bank,PYTM,ESCALATE_TO_HUMAN,0.5719,MEDIUM,11,0,0,3,2026-08-12T19:08:32.836866
pay_npci_00084,mer_demo_apex,Apex Retail India Ltd,cust_npci_00084,Sunil Sharma,sunil.sharma71@oksbi,+919894834620,2592.13,INR,RECOVERED,RECOVERED,BUSINESS_DECLINE,ZA,Insufficient Funds in Customer Account,State Bank of India,SBI,SMART_PAYMENT_LINK,0.3227,LOW,12,0,1,3,2026-08-06T13:38:35.507360
pay_npci_00085,mer_quick_kart,Bharat QuickCommerce,cust_npci_00085,Kavita Gupta,kavita.gupta78@barodampay,+919824010791,166.37,INR,RECOVERED,RECOVERED,TECHNICAL_DECLINE,U69,Remitter Bank System Unavailable / Switch Error,Bank of Baroda,BOB,DIRECT_GATEWAY_RETRY,0.02,LOW,7,0,1,3,2026-08-06T12:05:40.920497
pay_npci_00086,mer_quick_kart,Bharat QuickCommerce,cust_npci_00086,Vivek Desai,vivek.desai13@ibl,+919820008727,427.11,INR,RECOVERED,RECOVERED,TECHNICAL_DECLINE,U69,Remitter Bank System Unavailable / Switch Error,Yes Bank / PhonePe,YESB,DIRECT_GATEWAY_RETRY,0.02,LOW,14,0,1,3,2026-08-09T20:03:32.687644
pay_npci_00087,mer_kirana_net,Desi Kirana Network,cust_npci_00087,Isha Kumar,isha.kumar56@axisbank,+919875112858,38747.45,INR,FAILED,PENDING,BUSINESS_DECLINE,ZA,Insufficient Funds in Customer Account,Axis Bank,AXIS,SMART_PAYMENT_LINK,0.4446,MEDIUM,7,0,1,3,2026-08-19T08:40:22.142130
pay_npci_00088,mer_swiggy_inst,Swiggy Instamart Partner,cust_npci_00088,Vivek Verma,vivek.verma24@okaxis,+919897128500,55685.79,INR,FAILED,PENDING,BUSINESS_DECLINE,U19,Daily Per-Transaction or Cumulative Limit Exceeded,Axis Bank,AXIS,SMART_PAYMENT_LINK,0.6352,MEDIUM,2,0,2,3,2026-08-29T04:22:41.739862
pay_npci_00089,mer_swiggy_inst,Swiggy Instamart Partner,cust_npci_00089,Tanvi Sharma,tanvi.sharma65@oksbi,+919869270611,3231.35,INR,FAILED,PENDING,BUSINESS_DECLINE,ZA,Insufficient Funds in Customer Account,State Bank of India,SBI,SMART_PAYMENT_LINK,0.4588,MEDIUM,0,0,1,3,2026-08-12T20:39:31.425029
pay_npci_00090,mer_tech_bazaar,Croma TechBazaar,cust_npci_00090,Pooja Joshi,pooja.joshi31@oksbi,+919894595302,379.84,INR,FAILED,PENDING,BUSINESS_DECLINE,U19,Daily Per-Transaction or Cumulative Limit Exceeded,State Bank of India,SBI,SMART_PAYMENT_LINK,0.3315,LOW,8,0,0,3,2026-08-15T07:27:19.457021
pay_npci_00091,mer_kirana_net,Desi Kirana Network,cust_npci_00091,Neha Kumar,neha.kumar34@okpnb,+919878457810,296.65,INR,RECOVERED,RECOVERED,BUSINESS_DECLINE,ZA,Insufficient Funds in Customer Account,Punjab National Bank,PNB,SMART_PAYMENT_LINK,0.3023,LOW,8,0,1,3,2026-09-03T08:41:44.648286
pay_npci_00092,mer_swiggy_inst,Swiggy Instamart Partner,cust_npci_00092,Rohan Kulkarni,rohan.kulkarni49@sbi,+919824006105,1585.28,INR,FAILED,IN_REVIEW,BUSINESS_DECLINE,K1,Suspected Fraud / Excessive Velocity Anomaly,State Bank of India,SBI,QUARANTINE_FOR_REVIEW,0.98,HIGH,18,1,0,3,2026-08-15T05:57:21.831846
pay_npci_00093,mer_quick_kart,Bharat QuickCommerce,cust_npci_00093,Zoya Rao,zoya.rao44@okicici,+919847543381,273.03,INR,RECOVERED,RECOVERED,BUSINESS_DECLINE,ZA,Insufficient Funds in Customer Account,ICICI Bank,ICICI,SMART_PAYMENT_LINK,0.2843,LOW,16,0,1,3,2026-08-08T09:36:30.472996
pay_npci_00094,mer_quick_kart,Bharat QuickCommerce,cust_npci_00094,Kavita Desai,kavita.desai62@paytm,+919884659658,2545.28,INR,RECOVERED,RECOVERED,BUSINESS_DECLINE,U19,Daily Per-Transaction or Cumulative Limit Exceeded,Paytm Payments Bank,PYTM,SMART_PAYMENT_LINK,0.3472,LOW,12,0,1,3,2026-08-24T06:49:19.507756
pay_npci_00095,mer_quick_kart,Bharat QuickCommerce,cust_npci_00095,Priya Kumar,priya.kumar34@barodampay,+919864489550,14189.06,INR,RECOVERED,RECOVERED,TECHNICAL_DECLINE,U30,Beneficiary Bank Timeout After Debit (Ambiguous),Bank of Baroda,BOB,STATUS_POLL_VERIFICATION,0.172,LOW,18,0,1,3,2026-08-28T12:39:09.448488
pay_npci_00096,mer_tech_bazaar,Croma TechBazaar,cust_npci_00096,Aarav Rao,aarav.rao83@okaxis,+919899307321,38230.97,INR,FAILED,PENDING,BUSINESS_DECLINE,ZA,Insufficient Funds in Customer Account,Axis Bank,AXIS,SMART_PAYMENT_LINK,0.4698,MEDIUM,18,0,1,3,2026-08-22T08:13:59.098030
pay_npci_00097,mer_demo_apex,Apex Retail India Ltd,cust_npci_00097,Pranav Reddy,pranav.reddy96@kotak,+919832486188,189.65,INR,FAILED,IN_REVIEW,BUSINESS_DECLINE,U19,Daily Per-Transaction or Cumulative Limit Exceeded,Kotak Mahindra Bank,KKBK,SMART_PAYMENT_LINK,0.8252,HIGH,4,1,0,3,2026-08-31T18:00:55.424477
pay_npci_00098,mer_tech_bazaar,Croma TechBazaar,cust_npci_00098,Varun Reddy,varun.reddy99@hdfcbank,+919847673057,1090.72,INR,RECOVERED,RECOVERED,TECHNICAL_DECLINE,BT,Issuer Switch Timeout During 2FA Verification,HDFC Bank,HDFC,DIRECT_GATEWAY_RETRY,0.1483,LOW,1,0,1,3,2026-08-30T13:34:27.303594
pay_npci_00099,mer_demo_apex,Apex Retail India Ltd,cust_npci_00099,Rahul Chatterjee,rahul.chatterjee13@oksbi,+919817002847,24.98,INR,RECOVERED,RECOVERED,TECHNICAL_DECLINE,U69,Remitter Bank System Unavailable / Switch Error,State Bank of India,SBI,DIRECT_GATEWAY_RETRY,0.02,LOW,7,0,1,3,2026-08-17T18:51:19.621676
pay_npci_00100,mer_quick_kart,Bharat QuickCommerce,cust_npci_00100,Pranav Sharma,pranav.sharma29@okhdfcbank,+919830926034,376.04,INR,RECOVERED,RECOVERED,BUSINESS_DECLINE,ZM,Invalid MPIN Entered by Customer,HDFC Bank,HDFC,CUSTOMER_WHATSAPP_NUDGE,0.2644,LOW,8,0,1,3,2026-08-27T06:25:23.641611
pay_npci_00101,mer_tech_bazaar,Croma TechBazaar,cust_npci_00101,Pranav Singh,pranav.singh38@sbi,+919899032725,28.91,INR,FAILED,PENDING,BUSINESS_DECLINE,U19,Daily Per-Transaction or Cumulative Limit Exceeded,State Bank of India,SBI,SMART_PAYMENT_LINK,0.3681,MEDIUM,7,0,0,3,2026-08-27T07:48:10.488152
pay_npci_00102,mer_kirana_net,Desi Kirana Network,cust_npci_00102,Pooja Singh,pooja.singh63@ibl,+919897625655,1598.15,INR,FAILED,PENDING,BUSINESS_DECLINE,XH,Customer Account Blocked / Frozen / Dormant,Yes Bank / PhonePe,YESB,ESCALATE_TO_HUMAN,0.5795,MEDIUM,15,0,0,3,2026-08-13T23:00:14.979437
pay_npci_00103,mer_demo_apex,Apex Retail India Ltd,cust_npci_00103,Aditi Gupta,aditi.gupta56@ybl,+919834689779,1238.5,INR,RECOVERED,RECOVERED,BUSINESS_DECLINE,U19,Daily Per-Transaction or Cumulative Limit Exceeded,Yes Bank / PhonePe,YESB,SMART_PAYMENT_LINK,0.295,LOW,16,0,1,3,2026-08-18T20:34:59.811097
pay_npci_00104,mer_swiggy_inst,Swiggy Instamart Partner,cust_npci_00104,Sunil Gupta,sunil.gupta37@sbi,+919878989012,153.85,INR,FAILED,PENDING,BUSINESS_DECLINE,XH,Customer Account Blocked / Frozen / Dormant,State Bank of India,SBI,ESCALATE_TO_HUMAN,0.5515,MEDIUM,8,0,1,3,2026-08-28T16:45:13.360934
pay_npci_00105,mer_swiggy_inst,Swiggy Instamart Partner,cust_npci_00105,Neha Chatterjee,neha.chatterjee62@hdfcbank,+919855964162,394.71,INR,FAILED,PENDING,BUSINESS_DECLINE,U19,Daily Per-Transaction or Cumulative Limit Exceeded,HDFC Bank,HDFC,SMART_PAYMENT_LINK,0.3661,MEDIUM,7,0,0,3,2026-08-15T09:40:59.859258
pay_npci_00106,mer_swiggy_inst,Swiggy Instamart Partner,cust_npci_00106,Pooja Chopra,pooja.chopra15@okpnb,+919866755489,203.2,INR,RECOVERED,RECOVERED,TECHNICAL_DECLINE,BT,Issuer Switch Timeout During 2FA Verification,Punjab National Bank,PNB,DIRECT_GATEWAY_RETRY,0.1576,LOW,3,0,1,3,2026-08-06T11:02:54.859113
pay_npci_00107,mer_tech_bazaar,Croma TechBazaar,cust_npci_00107,Rohan Nair,rohan.nair66@hdfcbank,+919835247282,490.42,INR,RECOVERED,RECOVERED,BUSINESS_DECLINE,ZM,Invalid MPIN Entered by Customer,HDFC Bank,HDFC,CUSTOMER_WHATSAPP_NUDGE,0.2809,LOW,12,0,1,3,2026-08-28T08:43:50.335592
pay_npci_00108,mer_quick_kart,Bharat QuickCommerce,cust_npci_00108,Kiran Kumar,kiran.kumar10@hdfcbank,+919873631544,4755.07,INR,RECOVERED,RECOVERED,BUSINESS_DECLINE,ZA,Insufficient Funds in Customer Account,HDFC Bank,HDFC,SMART_PAYMENT_LINK,0.2782,LOW,12,0,1,3,2026-08-11T17:59:58.676603
pay_npci_00109,mer_quick_kart,Bharat QuickCommerce,cust_npci_00109,Varun Singh,varun.singh74@sbi,+919875936140,1480.71,INR,RECOVERED,RECOVERED,BUSINESS_DECLINE,ZA,Insufficient Funds in Customer Account,State Bank of India,SBI,SMART_PAYMENT_LINK,0.3021,LOW,10,0,1,3,2026-08-23T17:37:04.575934
pay_npci_00110,mer_kirana_net,Desi Kirana Network,cust_npci_00110,Varun Chopra,varun.chopra58@axisbank,+919873696201,273.67,INR,FAILED,PENDING,BUSINESS_DECLINE,ZA,Insufficient Funds in Customer Account,Axis Bank,AXIS,SMART_PAYMENT_LINK,0.4549,MEDIUM,5,0,2,3,2026-08-14T18:36:01.118754
pay_npci_00111,mer_kirana_net,Desi Kirana Network,cust_npci_00111,Aarav Verma,aarav.verma40@oksbi,+919822239603,1386.26,INR,RECOVERED,RECOVERED,BUSINESS_DECLINE,ZM,Invalid MPIN Entered by Customer,State Bank of India,SBI,CUSTOMER_WHATSAPP_NUDGE,0.2908,LOW,17,0,1,3,2026-08-09T11:28:45.276084
pay_npci_00112,mer_kirana_net,Desi Kirana Network,cust_npci_00112,Neha Nair,neha.nair47@okicici,+919848919016,16109.78,INR,FAILED,IN_REVIEW,BUSINESS_DECLINE,K1,Suspected Fraud / Excessive Velocity Anomaly,ICICI Bank,ICICI,QUARANTINE_FOR_REVIEW,0.98,HIGH,8,1,0,3,2026-08-29T04:54:17.797570
pay_npci_00113,mer_quick_kart,Bharat QuickCommerce,cust_npci_00113,Amit Gupta,amit.gupta51@unionbank,+919864125770,219.03,INR,RECOVERED,RECOVERED,BUSINESS_DECLINE,ZA,Insufficient Funds in Customer Account,Union Bank of India,UBI,SMART_PAYMENT_LINK,0.3025,LOW,7,0,1,3,2026-08-05T12:16:24.134530
pay_npci_00114,mer_tech_bazaar,Croma TechBazaar,cust_npci_00114,Deepak Verma,deepak.verma94@barodampay,+919819421147,3787.55,INR,RECOVERED,RECOVERED,BUSINESS_DECLINE,ZM,Invalid MPIN Entered by Customer,Bank of Baroda,BOB,CUSTOMER_WHATSAPP_NUDGE,0.2383,LOW,16,0,1,3,2026-08-11T19:16:27.137210
pay_npci_00115,mer_tech_bazaar,Croma TechBazaar,cust_npci_00115,Zoya Gupta,zoya.gupta86@sbi,+919885866922,45.19,INR,FAILED,PENDING,BUSINESS_DECLINE,XH,Customer Account Blocked / Frozen / Dormant,State Bank of India,SBI,ESCALATE_TO_HUMAN,0.5982,MEDIUM,15,0,0,3,2026-08-22T18:48:41.271774
pay_npci_00116,mer_demo_apex,Apex Retail India Ltd,cust_npci_00116,Kiran Sharma,kiran.sharma43@barodampay,+919889609382,3671.12,INR,RECOVERED,RECOVERED,BUSINESS_DECLINE,U19,Daily Per-Transaction or Cumulative Limit Exceeded,Bank of Baroda,BOB,SMART_PAYMENT_LINK,0.3088,LOW,17,0,1,3,2026-08-31T18:57:11.934344
pay_npci_00117,mer_tech_bazaar,Croma TechBazaar,cust_npci_00117,Pranav Chopra,pranav.chopra92@kmbl,+919826211470,199.87,INR,RECOVERED,RECOVERED,TECHNICAL_DECLINE,BT,Issuer Switch Timeout During 2FA Verification,Kotak Mahindra Bank,KKBK,DIRECT_GATEWAY_RETRY,0.1008,LOW,3,0,1,3,2026-08-23T14:55:57.825852
pay_npci_00118,mer_quick_kart,Bharat QuickCommerce,cust_npci_00118,Sunil Mehta,sunil.mehta93@hdfcbank,+919844183730,759.01,INR,FAILED,PENDING,BUSINESS_DECLINE,U19,Daily Per-Transaction or Cumulative Limit Exceeded,HDFC Bank,HDFC,SMART_PAYMENT_LINK,0.308,LOW,18,0,1,3,2026-08-13T23:32:45.053419
pay_npci_00119,mer_swiggy_inst,Swiggy Instamart Partner,cust_npci_00119,Vikram Nair,vikram.nair50@okpnb,+919889963751,134.03,INR,RECOVERED,RECOVERED,BUSINESS_DECLINE,ZA,Insufficient Funds in Customer Account,Punjab National Bank,PNB,SMART_PAYMENT_LINK,0.2997,LOW,6,0,1,3,2026-09-01T19:53:06.185515
pay_npci_00120,mer_demo_apex,Apex Retail India Ltd,cust_npci_00120,Manish Banerjee,manish.banerjee68@hdfcbank,+919871932720,41.57,INR,FAILED,PENDING,BUSINESS_DECLINE,U19,Daily Per-Transaction or Cumulative Limit Exceeded,HDFC Bank,HDFC,SMART_PAYMENT_LINK,0.4522,MEDIUM,1,0,1,3,2026-08-20T13:18:38.971601
pay_npci_00121,mer_swiggy_inst,Swiggy Instamart Partner,cust_npci_00121,Vikram Patel,vikram.patel61@paytm,+919846041916,342.71,INR,RECOVERED,RECOVERED,BUSINESS_DECLINE,ZM,Invalid MPIN Entered by Customer,Paytm Payments Bank,PYTM,CUSTOMER_WHATSAPP_NUDGE,0.285,LOW,6,0,1,3,2026-08-15T17:27:26.720978
pay_npci_00122,mer_kirana_net,Desi Kirana Network,cust_npci_00122,Deepak Desai,deepak.desai85@sbi,+919859356638,281.05,INR,FAILED,PENDING,BUSINESS_DECLINE,U19,Daily Per-Transaction or Cumulative Limit Exceeded,State Bank of India,SBI,SMART_PAYMENT_LINK,0.4502,MEDIUM,5,0,0,3,2026-08-16T14:37:05.250799
pay_npci_00123,mer_demo_apex,Apex Retail India Ltd,cust_npci_00123,Rahul Joshi,rahul.joshi99@kotak,+919818413277,4182.63,INR,RECOVERED,RECOVERED,TECHNICAL_DECLINE,U30,Beneficiary Bank Timeout After Debit (Ambiguous),Kotak Mahindra Bank,KKBK,STATUS_POLL_VERIFICATION,0.2147,LOW,16,0,1,3,2026-08-23T09:57:57.308836
pay_npci_00124,mer_tech_bazaar,Croma TechBazaar,cust_npci_00124,Manish Banerjee,manish.banerjee96@hdfcbank,+919895866568,2771.54,INR,RECOVERED,RECOVERED,BUSINESS_DECLINE,U19,Daily Per-Transaction or Cumulative Limit Exceeded,HDFC Bank,HDFC,SMART_PAYMENT_LINK,0.2964,LOW,12,0,1,3,2026-08-25T11:38:34.732607
pay_npci_00125,mer_kirana_net,Desi Kirana Network,cust_npci_00125,Ananya Kulkarni,ananya.kulkarni42@okicici,+919866160287,278.04,INR,RECOVERED,RECOVERED,BUSINESS_DECLINE,U19,Daily Per-Transaction or Cumulative Limit Exceeded,ICICI Bank,ICICI,SMART_PAYMENT_LINK,0.347,LOW,6,0,1,3,2026-08-28T07:31:55.768395
pay_npci_00126,mer_quick_kart,Bharat QuickCommerce,cust_npci_00126,Priya Desai,priya.desai50@sbi,+919863155863,125.77,INR,FAILED,IN_REVIEW,BUSINESS_DECLINE,U19,Daily Per-Transaction or Cumulative Limit Exceeded,State Bank of India,SBI,SMART_PAYMENT_LINK,0.71,HIGH,13,1,0,3,2026-09-03T16:48:28.449803
pay_npci_00127,mer_quick_kart,Bharat QuickCommerce,cust_npci_00127,Manish Nair,manish.nair58@okpnb,+919884490163,440.48,INR,RECOVERED,RECOVERED,BUSINESS_DECLINE,ZM,Invalid MPIN Entered by Customer,Punjab National Bank,PNB,CUSTOMER_WHATSAPP_NUDGE,0.2233,LOW,11,0,1,3,2026-08-27T16:57:51.280249
pay_npci_00128,mer_quick_kart,Bharat QuickCommerce,cust_npci_00128,Kiran Verma,kiran.verma95@okpnb,+919873284958,290.36,INR,RECOVERED,RECOVERED,BUSINESS_DECLINE,ZA,Insufficient Funds in Customer Account,Punjab National Bank,PNB,SMART_PAYMENT_LINK,0.3343,LOW,12,0,1,3,2026-08-11T10:36:20.905134
pay_npci_00129,mer_tech_bazaar,Croma TechBazaar,cust_npci_00129,Aditi Kulkarni,aditi.kulkarni47@icici,+919840479768,240.95,INR,RECOVERED,RECOVERED,BUSINESS_DECLINE,ZM,Invalid MPIN Entered by Customer,ICICI Bank,ICICI,CUSTOMER_WHATSAPP_NUDGE,0.2606,LOW,18,0,1,3,2026-08-08T11:47:40.422462
pay_npci_00130,mer_quick_kart,Bharat QuickCommerce,cust_npci_00130,Kavita Banerjee,kavita.banerjee60@okpnb,+919894497378,292.75,INR,FAILED,PENDING,BUSINESS_DECLINE,ZA,Insufficient Funds in Customer Account,Punjab National Bank,PNB,SMART_PAYMENT_LINK,0.439,MEDIUM,1,0,2,3,2026-08-10T22:00:15.819043
pay_npci_00131,mer_swiggy_inst,Swiggy Instamart Partner,cust_npci_00131,Aditi Chatterjee,aditi.chatterjee65@okhdfcbank,+919861694570,410.4,INR,RECOVERED,RECOVERED,TECHNICAL_DECLINE,U69,Remitter Bank System Unavailable / Switch Error,HDFC Bank,HDFC,DIRECT_GATEWAY_RETRY,0.02,LOW,12,0,1,3,2026-08-27T12:43:59.943370
pay_npci_00132,mer_tech_bazaar,Croma TechBazaar,cust_npci_00132,Zoya Nair,zoya.nair28@ibl,+919810096767,2876.81,INR,RECOVERED,RECOVERED,TECHNICAL_DECLINE,U69,Remitter Bank System Unavailable / Switch Error,Yes Bank / PhonePe,YESB,DIRECT_GATEWAY_RETRY,0.02,LOW,18,0,1,3,2026-08-11T20:17:40.234416
pay_npci_00133,mer_demo_apex,Apex Retail India Ltd,cust_npci_00133,Ananya Chopra,ananya.chopra89@ybl,+919839659568,2233.92,INR,RECOVERED,RECOVERED,BUSINESS_DECLINE,ZA,Insufficient Funds in Customer Account,Yes Bank / PhonePe,YESB,SMART_PAYMENT_LINK,0.2952,LOW,7,0,1,3,2026-08-18T16:28:26.028293
pay_npci_00134,mer_tech_bazaar,Croma TechBazaar,cust_npci_00134,Sanjay Chatterjee,sanjay.chatterjee75@okicici,+919895621292,2207.7,INR,RECOVERED,RECOVERED,TECHNICAL_DECLINE,SWITCH_DOWN,NPCI Central Switch Queue Congestion,ICICI Bank,ICICI,BACKOFF_RETRY,0.02,LOW,13,0,1,3,2026-08-10T09:16:14.153593
pay_npci_00135,mer_demo_apex,Apex Retail India Ltd,cust_npci_00135,Varun Desai,varun.desai51@sbi,+919894723434,23.44,INR,FAILED,PENDING,BUSINESS_DECLINE,ZA,Insufficient Funds in Customer Account,State Bank of India,SBI,SMART_PAYMENT_LINK,0.6409,MEDIUM,7,1,2,3,2026-08-27T18:13:14.435825
pay_npci_00136,mer_kirana_net,Desi Kirana Network,cust_npci_00136,Aarav Mehta,aarav.mehta78@unionbank,+919848971617,229.29,INR,FAILED,PENDING,TECHNICAL_DECLINE,U69,Remitter Bank System Unavailable / Switch Error,Union Bank of India,UBI,DIRECT_GATEWAY_RETRY,0.125,LOW,0,0,2,3,2026-08-18T17:05:18.696459
pay_npci_00137,mer_kirana_net,Desi Kirana Network,cust_npci_00137,Varun Gupta,varun.gupta75@sbi,+919853582620,474.1,INR,RECOVERED,RECOVERED,TECHNICAL_DECLINE,BT,Issuer Switch Timeout During 2FA Verification,State Bank of India,SBI,DIRECT_GATEWAY_RETRY,0.0273,LOW,17,0,1,3,2026-08-12T13:08:04.181305
pay_npci_00138,mer_kirana_net,Desi Kirana Network,cust_npci_00138,Isha Reddy,isha.reddy32@icici,+919842188935,1583.99,INR,RECOVERED,RECOVERED,TECHNICAL_DECLINE,U69,Remitter Bank System Unavailable / Switch Error,ICICI Bank,ICICI,DIRECT_GATEWAY_RETRY,0.0803,LOW,2,0,1,3,2026-08-22T03:16:49.640772
pay_npci_00139,mer_quick_kart,Bharat QuickCommerce,cust_npci_00139,Isha Reddy,isha.reddy53@oksbi,+919815255616,177.04,INR,RECOVERED,RECOVERED,TECHNICAL_DECLINE,U30,Beneficiary Bank Timeout After Debit (Ambiguous),State Bank of India,SBI,STATUS_POLL_VERIFICATION,0.1936,LOW,15,0,1,3,2026-08-16T19:25:17.787154
pay_npci_00140,mer_swiggy_inst,Swiggy Instamart Partner,cust_npci_00140,Tanvi Joshi,tanvi.joshi29@okicici,+919862207916,392.54,INR,FAILED,PENDING,BUSINESS_DECLINE,XH,Customer Account Blocked / Frozen / Dormant,ICICI Bank,ICICI,ESCALATE_TO_HUMAN,0.5307,MEDIUM,17,0,1,3,2026-08-17T07:13:55.929244
pay_npci_00141,mer_quick_kart,Bharat QuickCommerce,cust_npci_00141,Deepak Chatterjee,deepak.chatterjee58@sbi,+919885894608,1652.65,INR,RECOVERED,RECOVERED,BUSINESS_DECLINE,ZM,Invalid MPIN Entered by Customer,State Bank of India,SBI,CUSTOMER_WHATSAPP_NUDGE,0.2808,LOW,17,0,1,3,2026-08-24T17:06:33.809853
pay_npci_00142,mer_kirana_net,Desi Kirana Network,cust_npci_00142,Neha Reddy,neha.reddy18@unionbank,+919824831290,958.2,INR,RECOVERED,RECOVERED,BUSINESS_DECLINE,ZM,Invalid MPIN Entered by Customer,Union Bank of India,UBI,CUSTOMER_WHATSAPP_NUDGE,0.2974,LOW,16,0,1,3,2026-08-23T09:43:45.256359
pay_npci_00143,mer_demo_apex,Apex Retail India Ltd,cust_npci_00143,Isha Chatterjee,isha.chatterjee49@okicici,+919861909173,98.19,INR,FAILED,PENDING,BUSINESS_DECLINE,ZA,Insufficient Funds in Customer Account,ICICI Bank,ICICI,SMART_PAYMENT_LINK,0.4306,MEDIUM,1,0,1,3,2026-08-18T17:17:07.836051
pay_npci_00144,mer_demo_apex,Apex Retail India Ltd,cust_npci_00144,Pranav Singh,pranav.singh25@oksbi,+919840724292,20.5,INR,RECOVERED,RECOVERED,BUSINESS_DECLINE,ZM,Invalid MPIN Entered by Customer,State Bank of India,SBI,CUSTOMER_WHATSAPP_NUDGE,0.2624,LOW,7,0,1,3,2026-08-25T19:55:29.214431
pay_npci_00145,mer_kirana_net,Desi Kirana Network,cust_npci_00145,Priya Chatterjee,priya.chatterjee28@axisbank,+919849564120,349.0,INR,FAILED,PENDING,BUSINESS_DECLINE,ZA,Insufficient Funds in Customer Account,Axis Bank,AXIS,SMART_PAYMENT_LINK,0.4422,MEDIUM,0,0,2,3,2026-08-20T16:14:13.170548
pay_npci_00146,mer_tech_bazaar,Croma TechBazaar,cust_npci_00146,Sanjay Desai,sanjay.desai47@paytm,+919840294091,359.72,INR,FAILED,PENDING,BUSINESS_DECLINE,ZA,Insufficient Funds in Customer Account,Paytm Payments Bank,PYTM,SMART_PAYMENT_LINK,0.4544,MEDIUM,2,0,2,3,2026-08-24T21:11:03.391901
pay_npci_00147,mer_quick_kart,Bharat QuickCommerce,cust_npci_00147,Sanjay Mehta,sanjay.mehta52@okhdfcbank,+919833516608,1758.11,INR,FAILED,PENDING,TECHNICAL_DECLINE,BT,Issuer Switch Timeout During 2FA Verification,HDFC Bank,HDFC,DIRECT_GATEWAY_RETRY,0.1192,LOW,2,0,2,3,2026-08-08T11:15:22.380673
pay_npci_00148,mer_swiggy_inst,Swiggy Instamart Partner,cust_npci_00148,Manish Sharma,manish.sharma61@oksbi,+919858509856,1867.97,INR,RECOVERED,RECOVERED,BUSINESS_DECLINE,ZA,Insufficient Funds in Customer Account,State Bank of India,SBI,SMART_PAYMENT_LINK,0.3396,LOW,8,0,1,3,2026-08-22T21:57:01.245682
pay_npci_00149,mer_swiggy_inst,Swiggy Instamart Partner,cust_npci_00149,Ananya Joshi,ananya.joshi69@okpnb,+919854491396,442.9,INR,RECOVERED,RECOVERED,TECHNICAL_DECLINE,BT,Issuer Switch Timeout During 2FA Verification,Punjab National Bank,PNB,DIRECT_GATEWAY_RETRY,0.02,LOW,18,0,1,3,2026-08-13T09:33:19.926284
pay_npci_00150,mer_quick_kart,Bharat QuickCommerce,cust_npci_00150,Pooja Sharma,pooja.sharma67@oksbi,+919887804176,50535.94,INR,FAILED,PENDING,TECHNICAL_DECLINE,U30,Beneficiary Bank Timeout After Debit (Ambiguous),State Bank of India,SBI,STATUS_POLL_VERIFICATION,0.3932,MEDIUM,14,0,0,3,2026-09-01T15:52:59.830401
pay_npci_00151,mer_swiggy_inst,Swiggy Instamart Partner,cust_npci_00151,Gaurav Nair,gaurav.nair52@kotak,+919887362875,435.86,INR,RECOVERED,RECOVERED,TECHNICAL_DECLINE,U69,Remitter Bank System Unavailable / Switch Error,Kotak Mahindra Bank,KKBK,DIRECT_GATEWAY_RETRY,0.0788,LOW,4,0,1,3,2026-08-17T10:57:03.009862
pay_npci_00152,mer_tech_bazaar,Croma TechBazaar,cust_npci_00152,Tanvi Reddy,tanvi.reddy47@okicici,+919884159374,1007.87,INR,RECOVERED,RECOVERED,BUSINESS_DECLINE,ZA,Insufficient Funds in Customer Account,ICICI Bank,ICICI,SMART_PAYMENT_LINK,0.3398,LOW,10,0,1,3,2026-08-23T12:26:51.995223
pay_npci_00153,mer_tech_bazaar,Croma TechBazaar,cust_npci_00153,Amit Rao,amit.rao41@oksbi,+919894044821,5837.24,INR,FAILED,PENDING,BUSINESS_DECLINE,ZM,Invalid MPIN Entered by Customer,State Bank of India,SBI,CUSTOMER_WHATSAPP_NUDGE,0.2691,LOW,18,0,1,3,2026-08-17T20:11:39.267377
pay_npci_00154,mer_quick_kart,Bharat QuickCommerce,cust_npci_00154,Manish Singh,manish.singh89@unionbank,+919813049847,54.39,INR,RECOVERED,RECOVERED,TECHNICAL_DECLINE,U69,Remitter Bank System Unavailable / Switch Error,Union Bank of India,UBI,DIRECT_GATEWAY_RETRY,0.02,LOW,10,0,1,3,2026-08-12T18:59:02.031677
pay_npci_00155,mer_quick_kart,Bharat QuickCommerce,cust_npci_00155,Aarav Gupta,aarav.gupta33@okhdfcbank,+919827955251,82.67,INR,FAILED,PENDING,TECHNICAL_DECLINE,BT,Issuer Switch Timeout During 2FA Verification,HDFC Bank,HDFC,DIRECT_GATEWAY_RETRY,0.02,LOW,12,0,1,3,2026-08-22T08:55:15.428218
pay_npci_00156,mer_swiggy_inst,Swiggy Instamart Partner,cust_npci_00156,Pranav Nair,pranav.nair47@paytm,+919833032816,338.92,INR,RECOVERED,RECOVERED,TECHNICAL_DECLINE,BT,Issuer Switch Timeout During 2FA Verification,Paytm Payments Bank,PYTM,DIRECT_GATEWAY_RETRY,0.0363,LOW,7,0,1,3,2026-08-30T12:38:06.687642
pay_npci_00157,mer_quick_kart,Bharat QuickCommerce,cust_npci_00157,Sanjay Banerjee,sanjay.banerjee21@sbi,+919848624560,45.01,INR,RECOVERED,RECOVERED,TECHNICAL_DECLINE,U69,Remitter Bank System Unavailable / Switch Error,State Bank of India,SBI,DIRECT_GATEWAY_RETRY,0.02,LOW,8,0,1,3,2026-08-20T10:10:32.393661
pay_npci_00158,mer_quick_kart,Bharat QuickCommerce,cust_npci_00158,Vivek Nair,vivek.nair15@kotak,+919821046100,301.35,INR,RECOVERED,RECOVERED,TECHNICAL_DECLINE,U69,Remitter Bank System Unavailable / Switch Error,Kotak Mahindra Bank,KKBK,DIRECT_GATEWAY_RETRY,0.0616,LOW,0,0,1,3,2026-08-07T11:37:03.449333
pay_npci_00159,mer_quick_kart,Bharat QuickCommerce,cust_npci_00159,Aditi Desai,aditi.desai77@sbi,+919862142466,10372.3,INR,RECOVERED,RECOVERED,TECHNICAL_DECLINE,U69,Remitter Bank System Unavailable / Switch Error,State Bank of India,SBI,DIRECT_GATEWAY_RETRY,0.1073,LOW,0,0,1,3,2026-08-10T15:09:12.078701
pay_npci_00160,mer_tech_bazaar,Croma TechBazaar,cust_npci_00160,Ananya Banerjee,ananya.banerjee95@icici,+919852306434,440.85,INR,FAILED,PENDING,BUSINESS_DECLINE,ZA,Insufficient Funds in Customer Account,ICICI Bank,ICICI,SMART_PAYMENT_LINK,0.4586,MEDIUM,1,0,0,3,2026-08-24T10:26:43.329185
pay_npci_00161,mer_demo_apex,Apex Retail India Ltd,cust_npci_00161,Vivek Sharma,vivek.sharma60@okhdfcbank,+919831683836,373.63,INR,RECOVERED,RECOVERED,BUSINESS_DECLINE,ZM,Invalid MPIN Entered by Customer,HDFC Bank,HDFC,CUSTOMER_WHATSAPP_NUDGE,0.2688,LOW,13,0,1,3,2026-08-23T20:18:22.447078
pay_npci_00162,mer_tech_bazaar,Croma TechBazaar,cust_npci_00162,Amit Mehta,amit.mehta76@ibl,+919847652131,102.08,INR,RECOVERED,RECOVERED,TECHNICAL_DECLINE,U69,Remitter Bank System Unavailable / Switch Error,Yes Bank / PhonePe,YESB,DIRECT_GATEWAY_RETRY,0.064,LOW,2,0,1,3,2026-08-29T10:57:09.411001
pay_npci_00163,mer_tech_bazaar,Croma TechBazaar,cust_npci_00163,Amit Chopra,amit.chopra44@okicici,+919880799288,488.95,INR,RECOVERED,RECOVERED,BUSINESS_DECLINE,ZM,Invalid MPIN Entered by Customer,ICICI Bank,ICICI,CUSTOMER_WHATSAPP_NUDGE,0.2557,LOW,9,0,1,3,2026-08-09T15:17:48.321695
pay_npci_00164,mer_quick_kart,Bharat QuickCommerce,cust_npci_00164,Zoya Patel,zoya.patel64@kmbl,+919831697724,51022.46,INR,FAILED,PENDING,BUSINESS_DECLINE,ZA,Insufficient Funds in Customer Account,Kotak Mahindra Bank,KKBK,SMART_PAYMENT_LINK,0.4789,MEDIUM,16,0,1,3,2026-08-31T12:17:25.876610
pay_npci_00165,mer_swiggy_inst,Swiggy Instamart Partner,cust_npci_00165,Gaurav Desai,gaurav.desai13@barodampay,+919877585869,430.66,INR,FAILED,PENDING,TECHNICAL_DECLINE,U69,Remitter Bank System Unavailable / Switch Error,Bank of Baroda,BOB,DIRECT_GATEWAY_RETRY,0.1316,LOW,5,0,2,3,2026-08-28T06:13:38.494650
pay_npci_00166,mer_demo_apex,Apex Retail India Ltd,cust_npci_00166,Manish Joshi,manish.joshi39@ibl,+919849192390,3086.63,INR,RECOVERED,RECOVERED,BUSINESS_DECLINE,ZM,Invalid MPIN Entered by Customer,Yes Bank / PhonePe,YESB,CUSTOMER_WHATSAPP_NUDGE,0.2988,LOW,14,0,1,3,2026-08-25T07:41:09.667007
pay_npci_00167,mer_kirana_net,Desi Kirana Network,cust_npci_00167,Priya Kumar,priya.kumar17@sbi,+919887781374,196.48,INR,RECOVERED,RECOVERED,BUSINESS_DECLINE,ZM,Invalid MPIN Entered by Customer,State Bank of India,SBI,CUSTOMER_WHATSAPP_NUDGE,0.2468,LOW,14,0,1,3,2026-08-30T21:45:17.575208
pay_npci_00168,mer_swiggy_inst,Swiggy Instamart Partner,cust_npci_00168,Pooja Kumar,pooja.kumar52@okpnb,+919876829099,83.87,INR,FAILED,IN_REVIEW,BUSINESS_DECLINE,K1,Suspected Fraud / Excessive Velocity Anomaly,Punjab National Bank,PNB,QUARANTINE_FOR_REVIEW,0.98,HIGH,5,1,2,3,2026-08-23T21:50:38.367516
pay_npci_00169,mer_kirana_net,Desi Kirana Network,cust_npci_00169,Pooja Chatterjee,pooja.chatterjee75@axisbank,+919878718766,365.62,INR,RECOVERED,RECOVERED,TECHNICAL_DECLINE,U69,Remitter Bank System Unavailable / Switch Error,Axis Bank,AXIS,DIRECT_GATEWAY_RETRY,0.02,LOW,15,0,1,3,2026-08-21T23:35:55.246680
pay_npci_00170,mer_tech_bazaar,Croma TechBazaar,cust_npci_00170,Aarav Mehta,aarav.mehta11@hdfcbank,+919858836649,2489.29,INR,RECOVERED,RECOVERED,TECHNICAL_DECLINE,U30,Beneficiary Bank Timeout After Debit (Ambiguous),HDFC Bank,HDFC,STATUS_POLL_VERIFICATION,0.3328,LOW,5,0,1,3,2026-08-29T07:18:37.003628
pay_npci_00171,mer_kirana_net,Desi Kirana Network,cust_npci_00171,Pooja Singh,pooja.singh55@barodampay,+919822470462,35.6,INR,FAILED,PENDING,BUSINESS_DECLINE,ZM,Invalid MPIN Entered by Customer,Bank of Baroda,BOB,CUSTOMER_WHATSAPP_NUDGE,0.3695,MEDIUM,4,0,2,3,2026-09-03T11:43:46.133082
pay_npci_00172,mer_swiggy_inst,Swiggy Instamart Partner,cust_npci_00172,Kavita Verma,kavita.verma88@ibl,+919831442517,289.47,INR,RECOVERED,RECOVERED,TECHNICAL_DECLINE,U69,Remitter Bank System Unavailable / Switch Error,Yes Bank / PhonePe,YESB,DIRECT_GATEWAY_RETRY,0.02,LOW,12,0,1,3,2026-08-27T06:37:24.213506
pay_npci_00173,mer_tech_bazaar,Croma TechBazaar,cust_npci_00173,Sneha Rao,sneha.rao11@oksbi,+919891172126,161.07,INR,RECOVERED,RECOVERED,BUSINESS_DECLINE,U19,Daily Per-Transaction or Cumulative Limit Exceeded,State Bank of India,SBI,SMART_PAYMENT_LINK,0.3295,LOW,15,0,1,3,2026-08-24T14:01:41.915442
pay_npci_00174,mer_kirana_net,Desi Kirana Network,cust_npci_00174,Isha Mehta,isha.mehta98@barodampay,+919842149764,65976.11,INR,FAILED,PENDING,TECHNICAL_DECLINE,SWITCH_DOWN,NPCI Central Switch Queue Congestion,Bank of Baroda,BOB,BACKOFF_RETRY,0.531,MEDIUM,7,1,2,3,2026-08-06T21:44:16.506553
pay_npci_00175,mer_tech_bazaar,Croma TechBazaar,cust_npci_00175,Gaurav Chatterjee,gaurav.chatterjee67@okicici,+919887227804,35.11,INR,RECOVERED,RECOVERED,TECHNICAL_DECLINE,U69,Remitter Bank System Unavailable / Switch Error,ICICI Bank,ICICI,DIRECT_GATEWAY_RETRY,0.02,LOW,13,0,1,3,2026-08-15T20:33:19.654781
pay_npci_00176,mer_tech_bazaar,Croma TechBazaar,cust_npci_00176,Aditi Joshi,aditi.joshi60@unionbank,+919896709751,410.99,INR,FAILED,IN_REVIEW,BUSINESS_DECLINE,XH,Customer Account Blocked / Frozen / Dormant,Union Bank of India,UBI,ESCALATE_TO_HUMAN,0.98,HIGH,1,1,2,3,2026-08-17T18:31:59.030144
pay_npci_00177,mer_kirana_net,Desi Kirana Network,cust_npci_00177,Kavita Mehta,kavita.mehta48@unionbank,+919873750866,1333.39,INR,FAILED,PENDING,BUSINESS_DECLINE,U19,Daily Per-Transaction or Cumulative Limit Exceeded,Union Bank of India,UBI,SMART_PAYMENT_LINK,0.4415,MEDIUM,4,0,2,3,2026-08-18T13:42:54.040463
pay_npci_00178,mer_quick_kart,Bharat QuickCommerce,cust_npci_00178,Deepak Mehta,deepak.mehta29@hdfcbank,+919858530532,80.41,INR,FAILED,PENDING,BUSINESS_DECLINE,ZM,Invalid MPIN Entered by Customer,HDFC Bank,HDFC,CUSTOMER_WHATSAPP_NUDGE,0.3474,LOW,3,0,2,3,2026-09-01T19:48:21.693937
pay_npci_00179,mer_kirana_net,Desi Kirana Network,cust_npci_00179,Rohan Chopra,rohan.chopra56@oksbi,+919863857703,232.84,INR,FAILED,PENDING,BUSINESS_DECLINE,ZA,Insufficient Funds in Customer Account,State Bank of India,SBI,SMART_PAYMENT_LINK,0.3102,LOW,6,0,1,3,2026-08-30T18:42:54.059048
pay_npci_00180,mer_tech_bazaar,Croma TechBazaar,cust_npci_00180,Isha Kumar,isha.kumar33@axisbank,+919817213645,79.3,INR,FAILED,PENDING,BUSINESS_DECLINE,ZA,Insufficient Funds in Customer Account,Axis Bank,AXIS,SMART_PAYMENT_LINK,0.3848,MEDIUM,4,0,0,3,2026-08-11T15:31:32.913646
pay_npci_00181,mer_kirana_net,Desi Kirana Network,cust_npci_00181,Sneha Gupta,sneha.gupta15@okicici,+919879336070,38.86,INR,RECOVERED,RECOVERED,BUSINESS_DECLINE,ZA,Insufficient Funds in Customer Account,ICICI Bank,ICICI,SMART_PAYMENT_LINK,0.3189,LOW,13,0,1,3,2026-08-24T16:19:39.285606
pay_npci_00182,mer_tech_bazaar,Croma TechBazaar,cust_npci_00182,Pooja Nair,pooja.nair85@sbi,+919812766967,2040.38,INR,RECOVERED,RECOVERED,TECHNICAL_DECLINE,U30,Beneficiary Bank Timeout After Debit (Ambiguous),State Bank of India,SBI,STATUS_POLL_VERIFICATION,0.2826,LOW,1,0,1,3,2026-08-14T07:27:18.222925
pay_npci_00183,mer_swiggy_inst,Swiggy Instamart Partner,cust_npci_00183,Sunil Chatterjee,sunil.chatterjee49@axisbank,+919886598571,3022.49,INR,FAILED,IN_REVIEW,BUSINESS_DECLINE,ZM,Invalid MPIN Entered by Customer,Axis Bank,AXIS,CUSTOMER_WHATSAPP_NUDGE,0.7344,HIGH,5,1,0,3,2026-08-09T17:34:20.893319
pay_npci_00184,mer_swiggy_inst,Swiggy Instamart Partner,cust_npci_00184,Deepak Joshi,deepak.joshi96@sbi,+919833930639,298.34,INR,RECOVERED,RECOVERED,TECHNICAL_DECLINE,U69,Remitter Bank System Unavailable / Switch Error,State Bank of India,SBI,DIRECT_GATEWAY_RETRY,0.02,LOW,11,0,1,3,2026-08-30T19:14:08.973084
pay_npci_00185,mer_tech_bazaar,Croma TechBazaar,cust_npci_00185,Manish Reddy,manish.reddy39@okicici,+919895945400,77.71,INR,RECOVERED,RECOVERED,BUSINESS_DECLINE,U19,Daily Per-Transaction or Cumulative Limit Exceeded,ICICI Bank,ICICI,SMART_PAYMENT_LINK,0.3326,LOW,18,0,1,3,2026-08-19T10:35:53.268694
pay_npci_00186,mer_quick_kart,Bharat QuickCommerce,cust_npci_00186,Ananya Patel,ananya.patel24@oksbi,+919856060425,57066.14,INR,FAILED,PENDING,BUSINESS_DECLINE,ZM,Invalid MPIN Entered by Customer,State Bank of India,SBI,CUSTOMER_WHATSAPP_NUDGE,0.4302,MEDIUM,9,0,0,3,2026-08-30T19:46:31.533561
pay_npci_00187,mer_quick_kart,Bharat QuickCommerce,cust_npci_00187,Neha Patel,neha.patel90@sbi,+919822485713,205.89,INR,FAILED,PENDING,BUSINESS_DECLINE,ZM,Invalid MPIN Entered by Customer,State Bank of India,SBI,CUSTOMER_WHATSAPP_NUDGE,0.3936,MEDIUM,3,0,1,3,2026-08-27T23:46:08.630408
pay_npci_00188,mer_swiggy_inst,Swiggy Instamart Partner,cust_npci_00188,Zoya Nair,zoya.nair50@paytm,+919827304688,380.83,INR,RECOVERED,RECOVERED,BUSINESS_DECLINE,ZA,Insufficient Funds in Customer Account,Paytm Payments Bank,PYTM,SMART_PAYMENT_LINK,0.3266,LOW,12,0,1,3,2026-08-27T20:12:14.115879
pay_npci_00189,mer_quick_kart,Bharat QuickCommerce,cust_npci_00189,Sanjay Kulkarni,sanjay.kulkarni59@okpnb,+919857647180,70.92,INR,RECOVERED,RECOVERED,TECHNICAL_DECLINE,BT,Issuer Switch Timeout During 2FA Verification,Punjab National Bank,PNB,DIRECT_GATEWAY_RETRY,0.1472,LOW,0,0,1,3,2026-08-28T08:50:28.840905
pay_npci_00190,mer_tech_bazaar,Croma TechBazaar,cust_npci_00190,Manish Banerjee,manish.banerjee78@paytm,+919854537342,2364.13,INR,FAILED,PENDING,BUSINESS_DECLINE,U19,Daily Per-Transaction or Cumulative Limit Exceeded,Paytm Payments Bank,PYTM,SMART_PAYMENT_LINK,0.3695,MEDIUM,7,0,0,3,2026-08-27T22:34:50.524801
pay_npci_00191,mer_quick_kart,Bharat QuickCommerce,cust_npci_00191,Gaurav Nair,gaurav.nair88@axisbank,+919859754177,74050.38,INR,FAILED,PENDING,BUSINESS_DECLINE,ZA,Insufficient Funds in Customer Account,Axis Bank,AXIS,SMART_PAYMENT_LINK,0.471,MEDIUM,7,0,2,3,2026-09-01T19:53:24.408633
pay_npci_00192,mer_tech_bazaar,Croma TechBazaar,cust_npci_00192,Sunil Patel,sunil.patel89@okpnb,+919819783516,96.73,INR,RECOVERED,RECOVERED,BUSINESS_DECLINE,ZA,Insufficient Funds in Customer Account,Punjab National Bank,PNB,SMART_PAYMENT_LINK,0.2982,LOW,11,0,1,3,2026-09-03T20:40:38.253105
pay_npci_00193,mer_demo_apex,Apex Retail India Ltd,cust_npci_00193,Gaurav Sharma,gaurav.sharma15@okhdfcbank,+919888448658,118.45,INR,RECOVERED,RECOVERED,BUSINESS_DECLINE,ZA,Insufficient Funds in Customer Account,HDFC Bank,HDFC,SMART_PAYMENT_LINK,0.3097,LOW,16,0,1,3,2026-09-03T09:43:14.643425
pay_npci_00194,mer_tech_bazaar,Croma TechBazaar,cust_npci_00194,Vivek Kulkarni,vivek.kulkarni35@sbi,+919870074706,3618.52,INR,FAILED,IN_REVIEW,BUSINESS_DECLINE,K1,Suspected Fraud / Excessive Velocity Anomaly,State Bank of India,SBI,QUARANTINE_FOR_REVIEW,0.98,HIGH,12,1,2,3,2026-08-28T23:40:58.815094
pay_npci_00195,mer_swiggy_inst,Swiggy Instamart Partner,cust_npci_00195,Kavita Nair,kavita.nair46@okaxis,+919854114636,1328.85,INR,RECOVERED,RECOVERED,BUSINESS_DECLINE,ZA,Insufficient Funds in Customer Account,Axis Bank,AXIS,SMART_PAYMENT_LINK,0.2629,LOW,14,0,1,3,2026-08-16T21:45:42.312040
pay_npci_00196,mer_kirana_net,Desi Kirana Network,cust_npci_00196,Vivek Kumar,vivek.kumar89@ybl,+919850449799,336.68,INR,FAILED,PENDING,BUSINESS_DECLINE,U19,Daily Per-Transaction or Cumulative Limit Exceeded,Yes Bank / PhonePe,YESB,SMART_PAYMENT_LINK,0.6599,MEDIUM,16,1,1,3,2026-08-17T11:51:32.641701
pay_npci_00197,mer_quick_kart,Bharat QuickCommerce,cust_npci_00197,Zoya Chatterjee,zoya.chatterjee16@hdfcbank,+919815692424,1017.02,INR,RECOVERED,RECOVERED,BUSINESS_DECLINE,ZA,Insufficient Funds in Customer Account,HDFC Bank,HDFC,SMART_PAYMENT_LINK,0.2668,LOW,14,0,1,3,2026-08-08T10:25:20.228730
pay_npci_00198,mer_demo_apex,Apex Retail India Ltd,cust_npci_00198,Isha Nair,isha.nair85@okhdfcbank,+919862459812,407.82,INR,FAILED,PENDING,TECHNICAL_DECLINE,BT,Issuer Switch Timeout During 2FA Verification,HDFC Bank,HDFC,DIRECT_GATEWAY_RETRY,0.1586,LOW,2,0,0,3,2026-08-05T15:13:05.066785
pay_npci_00199,mer_kirana_net,Desi Kirana Network,cust_npci_00199,Kiran Mehta,kiran.mehta10@sbi,+919899847417,1287.4,INR,FAILED,IN_REVIEW,BUSINESS_DECLINE,K1,Suspected Fraud / Excessive Velocity Anomaly,State Bank of India,SBI,QUARANTINE_FOR_REVIEW,0.98,HIGH,16,1,2,3,2026-09-03T22:08:13.295605
pay_npci_00200,mer_kirana_net,Desi Kirana Network,cust_npci_00200,Pranav Reddy,pranav.reddy71@sbi,+919886911946,145.64,INR,FAILED,PENDING,BUSINESS_DECLINE,ZA,Insufficient Funds in Customer Account,State Bank of India,SBI,SMART_PAYMENT_LINK,0.2647,LOW,7,0,2,3,2026-08-21T11:43:13.209018
pay_npci_00201,mer_tech_bazaar,Croma TechBazaar,cust_npci_00201,Sneha Kulkarni,sneha.kulkarni48@axisbank,+919846910589,3366.71,INR,RECOVERED,RECOVERED,BUSINESS_DECLINE,ZA,Insufficient Funds in Customer Account,Axis Bank,AXIS,SMART_PAYMENT_LINK,0.2715,LOW,7,0,1,3,2026-09-04T18:45:05.381843
pay_npci_00202,mer_demo_apex,Apex Retail India Ltd,cust_npci_00202,Kavita Kulkarni,kavita.kulkarni22@oksbi,+919821884960,1912.62,INR,RECOVERED,RECOVERED,BUSINESS_DECLINE,ZA,Insufficient Funds in Customer Account,State Bank of India,SBI,SMART_PAYMENT_LINK,0.3253,LOW,8,0,1,3,2026-08-19T11:37:31.469354
pay_npci_00203,mer_kirana_net,Desi Kirana Network,cust_npci_00203,Sanjay Chatterjee,sanjay.chatterjee22@paytm,+919875326185,4094.61,INR,FAILED,PENDING,BUSINESS_DECLINE,ZA,Insufficient Funds in Customer Account,Paytm Payments Bank,PYTM,SMART_PAYMENT_LINK,0.3294,LOW,14,0,0,3,2026-09-04T07:40:17.997113
pay_npci_00204,mer_swiggy_inst,Swiggy Instamart Partner,cust_npci_00204,Rohan Kumar,rohan.kumar23@okhdfcbank,+919879004180,445.55,INR,RECOVERED,RECOVERED,BUSINESS_DECLINE,U19,Daily Per-Transaction or Cumulative Limit Exceeded,HDFC Bank,HDFC,SMART_PAYMENT_LINK,0.3364,LOW,13,0,1,3,2026-08-20T05:06:54.757391
pay_npci_00205,mer_demo_apex,Apex Retail India Ltd,cust_npci_00205,Aditi Banerjee,aditi.banerjee90@paytm,+919811294062,153.83,INR,RECOVERED,RECOVERED,TECHNICAL_DECLINE,U30,Beneficiary Bank Timeout After Debit (Ambiguous),Paytm Payments Bank,PYTM,STATUS_POLL_VERIFICATION,0.1568,LOW,15,0,1,3,2026-08-13T09:06:09.769568
pay_npci_00206,mer_tech_bazaar,Croma TechBazaar,cust_npci_00206,Sunil Banerjee,sunil.banerjee93@okaxis,+919837709771,561.78,INR,FAILED,PENDING,BUSINESS_DECLINE,ZM,Invalid MPIN Entered by Customer,Axis Bank,AXIS,CUSTOMER_WHATSAPP_NUDGE,0.5725,MEDIUM,18,1,0,3,2026-08-27T13:11:37.813440
pay_npci_00207,mer_tech_bazaar,Croma TechBazaar,cust_npci_00207,Gaurav Banerjee,gaurav.banerjee32@okhdfcbank,+919878539074,255.17,INR,FAILED,PENDING,BUSINESS_DECLINE,ZA,Insufficient Funds in Customer Account,HDFC Bank,HDFC,SMART_PAYMENT_LINK,0.4388,MEDIUM,3,0,2,3,2026-08-20T20:36:29.424569
pay_npci_00208,mer_demo_apex,Apex Retail India Ltd,cust_npci_00208,Zoya Verma,zoya.verma48@okpnb,+919815433391,16918.21,INR,FAILED,PENDING,BUSINESS_DECLINE,ZA,Insufficient Funds in Customer Account,Punjab National Bank,PNB,SMART_PAYMENT_LINK,0.4206,MEDIUM,3,0,0,3,2026-08-27T23:31:26.805321
pay_npci_00209,mer_swiggy_inst,Swiggy Instamart Partner,cust_npci_00209,Vivek Verma,vivek.verma90@sbi,+919877054936,326.66,INR,RECOVERED,RECOVERED,TECHNICAL_DECLINE,U69,Remitter Bank System Unavailable / Switch Error,State Bank of India,SBI,DIRECT_GATEWAY_RETRY,0.02,LOW,13,0,1,3,2026-08-29T14:25:39.258713
pay_npci_00210,mer_tech_bazaar,Croma TechBazaar,cust_npci_00210,Vivek Reddy,vivek.reddy63@hdfcbank,+919866994129,432.4,INR,RECOVERED,RECOVERED,BUSINESS_DECLINE,ZA,Insufficient Funds in Customer Account,HDFC Bank,HDFC,SMART_PAYMENT_LINK,0.3149,LOW,7,0,1,3,2026-08-14T22:22:31.594150
pay_npci_00211,mer_demo_apex,Apex Retail India Ltd,cust_npci_00211,Pooja Kulkarni,pooja.kulkarni63@okpnb,+919846541620,236.06,INR,FAILED,PENDING,BUSINESS_DECLINE,ZA,Insufficient Funds in Customer Account,Punjab National Bank,PNB,SMART_PAYMENT_LINK,0.4442,MEDIUM,0,0,0,3,2026-08-31T12:40:16.377069
pay_npci_00212,mer_swiggy_inst,Swiggy Instamart Partner,cust_npci_00212,Zoya Reddy,zoya.reddy28@sbi,+919896299861,273.96,INR,FAILED,PENDING,BUSINESS_DECLINE,ZA,Insufficient Funds in Customer Account,State Bank of India,SBI,SMART_PAYMENT_LINK,0.6387,MEDIUM,14,1,0,3,2026-08-11T12:40:20.097456
pay_npci_00213,mer_kirana_net,Desi Kirana Network,cust_npci_00213,Tanvi Gupta,tanvi.gupta51@barodampay,+919863742287,241.38,INR,RECOVERED,RECOVERED,BUSINESS_DECLINE,ZA,Insufficient Funds in Customer Account,Bank of Baroda,BOB,SMART_PAYMENT_LINK,0.2876,LOW,12,0,1,3,2026-08-12T18:34:11.930846
pay_npci_00214,mer_swiggy_inst,Swiggy Instamart Partner,cust_npci_00214,Rohan Verma,rohan.verma85@icici,+919826476729,1758.56,INR,RECOVERED,RECOVERED,TECHNICAL_DECLINE,U69,Remitter Bank System Unavailable / Switch Error,ICICI Bank,ICICI,DIRECT_GATEWAY_RETRY,0.02,LOW,9,0,1,3,2026-08-21T13:51:14.551074
pay_npci_00215,mer_kirana_net,Desi Kirana Network,cust_npci_00215,Kavita Chopra,kavita.chopra88@sbi,+919852153850,68564.37,INR,FAILED,PENDING,BUSINESS_DECLINE,ZA,Insufficient Funds in Customer Account,State Bank of India,SBI,SMART_PAYMENT_LINK,0.4607,MEDIUM,6,0,0,3,2026-08-10T22:36:15.776886
pay_npci_00216,mer_quick_kart,Bharat QuickCommerce,cust_npci_00216,Manish Banerjee,manish.banerjee44@axisbank,+919896888464,482.01,INR,RECOVERED,RECOVERED,BUSINESS_DECLINE,ZM,Invalid MPIN Entered by Customer,Axis Bank,AXIS,CUSTOMER_WHATSAPP_NUDGE,0.2873,LOW,7,0,1,3,2026-08-21T17:56:25.613799
pay_npci_00217,mer_tech_bazaar,Croma TechBazaar,cust_npci_00217,Vikram Verma,vikram.verma45@icici,+919854600291,392.02,INR,FAILED,PENDING,BUSINESS_DECLINE,ZM,Invalid MPIN Entered by Customer,ICICI Bank,ICICI,CUSTOMER_WHATSAPP_NUDGE,0.409,MEDIUM,4,0,1,3,2026-08-21T21:48:01.522881
pay_npci_00218,mer_tech_bazaar,Croma TechBazaar,cust_npci_00218,Kiran Kumar,kiran.kumar25@hdfcbank,+919840216862,43408.78,INR,FAILED,PENDING,BUSINESS_DECLINE,ZA,Insufficient Funds in Customer Account,HDFC Bank,HDFC,SMART_PAYMENT_LINK,0.5134,MEDIUM,17,0,0,3,2026-08-22T22:03:59.284231
pay_npci_00219,mer_swiggy_inst,Swiggy Instamart Partner,cust_npci_00219,Amit Kumar,amit.kumar21@sbi,+919824757122,1217.98,INR,FAILED,PENDING,BUSINESS_DECLINE,U19,Daily Per-Transaction or Cumulative Limit Exceeded,State Bank of India,SBI,SMART_PAYMENT_LINK,0.4383,MEDIUM,4,0,0,3,2026-08-24T18:59:22.721327
pay_npci_00220,mer_swiggy_inst,Swiggy Instamart Partner,cust_npci_00220,Priya Chatterjee,priya.chatterjee65@hdfcbank,+919887666612,89.51,INR,FAILED,IN_REVIEW,BUSINESS_DECLINE,K1,Suspected Fraud / Excessive Velocity Anomaly,HDFC Bank,HDFC,QUARANTINE_FOR_REVIEW,0.98,HIGH,17,1,2,3,2026-08-28T08:40:36.846717
pay_npci_00221,mer_kirana_net,Desi Kirana Network,cust_npci_00221,Ananya Patel,ananya.patel53@sbi,+919868215347,47.32,INR,RECOVERED,RECOVERED,BUSINESS_DECLINE,ZM,Invalid MPIN Entered by Customer,State Bank of India,SBI,CUSTOMER_WHATSAPP_NUDGE,0.2799,LOW,14,0,1,3,2026-08-24T12:22:02.331279
pay_npci_00222,mer_kirana_net,Desi Kirana Network,cust_npci_00222,Aditi Mehta,aditi.mehta66@oksbi,+919845875847,338.82,INR,FAILED,PENDING,BUSINESS_DECLINE,U19,Daily Per-Transaction or Cumulative Limit Exceeded,State Bank of India,SBI,SMART_PAYMENT_LINK,0.4772,MEDIUM,4,0,1,3,2026-08-07T17:53:44.529260
pay_npci_00223,mer_swiggy_inst,Swiggy Instamart Partner,cust_npci_00223,Ananya Singh,ananya.singh35@okhdfcbank,+919878560776,945.4,INR,FAILED,PENDING,TECHNICAL_DECLINE,BT,Issuer Switch Timeout During 2FA Verification,HDFC Bank,HDFC,DIRECT_GATEWAY_RETRY,0.02,LOW,16,0,0,3,2026-08-28T21:32:35.354894
pay_npci_00224,mer_kirana_net,Desi Kirana Network,cust_npci_00224,Aarav Reddy,aarav.reddy85@hdfcbank,+919837409410,1933.12,INR,FAILED,PENDING,BUSINESS_DECLINE,U19,Daily Per-Transaction or Cumulative Limit Exceeded,HDFC Bank,HDFC,SMART_PAYMENT_LINK,0.444,MEDIUM,2,0,2,3,2026-08-11T19:23:36.745136
pay_npci_00225,mer_kirana_net,Desi Kirana Network,cust_npci_00225,Isha Nair,isha.nair25@sbi,+919854308437,310.71,INR,RECOVERED,RECOVERED,BUSINESS_DECLINE,ZM,Invalid MPIN Entered by Customer,State Bank of India,SBI,CUSTOMER_WHATSAPP_NUDGE,0.2683,LOW,7,0,1,3,2026-08-31T07:47:11.704415
pay_npci_00226,mer_swiggy_inst,Swiggy Instamart Partner,cust_npci_00226,Kavita Rao,kavita.rao55@unionbank,+919876294101,4068.15,INR,FAILED,PENDING,BUSINESS_DECLINE,ZA,Insufficient Funds in Customer Account,Union Bank of India,UBI,SMART_PAYMENT_LINK,0.4405,MEDIUM,1,0,2,3,2026-08-29T11:12:08.812529
pay_npci_00227,mer_quick_kart,Bharat QuickCommerce,cust_npci_00227,Varun Gupta,varun.gupta48@okpnb,+919813490320,440.1,INR,RECOVERED,RECOVERED,BUSINESS_DECLINE,ZM,Invalid MPIN Entered by Customer,Punjab National Bank,PNB,CUSTOMER_WHATSAPP_NUDGE,0.2299,LOW,12,0,1,3,2026-09-01T17:41:08.247984
pay_npci_00228,mer_kirana_net,Desi Kirana Network,cust_npci_00228,Tanvi Joshi,tanvi.joshi36@oksbi,+919889255545,422.89,INR,RECOVERED,RECOVERED,BUSINESS_DECLINE,ZA,Insufficient Funds in Customer Account,State Bank of India,SBI,SMART_PAYMENT_LINK,0.2822,LOW,12,0,1,3,2026-08-12T13:58:02.104499
pay_npci_00229,mer_tech_bazaar,Croma TechBazaar,cust_npci_00229,Ananya Kumar,ananya.kumar14@oksbi,+919850256819,92.97,INR,FAILED,IN_REVIEW,BUSINESS_DECLINE,K1,Suspected Fraud / Excessive Velocity Anomaly,State Bank of India,SBI,QUARANTINE_FOR_REVIEW,0.98,HIGH,7,1,0,3,2026-09-02T19:16:50.329123
pay_npci_00230,mer_demo_apex,Apex Retail India Ltd,cust_npci_00230,Kiran Gupta,kiran.gupta62@sbi,+919856665252,398.63,INR,FAILED,PENDING,BUSINESS_DECLINE,ZM,Invalid MPIN Entered by Customer,State Bank of India,SBI,CUSTOMER_WHATSAPP_NUDGE,0.391,MEDIUM,3,0,2,3,2026-08-14T15:24:14.474459
pay_npci_00231,mer_kirana_net,Desi Kirana Network,cust_npci_00231,Deepak Verma,deepak.verma55@okhdfcbank,+919898095695,455.41,INR,RECOVERED,RECOVERED,BUSINESS_DECLINE,ZA,Insufficient Funds in Customer Account,HDFC Bank,HDFC,SMART_PAYMENT_LINK,0.3261,LOW,14,0,1,3,2026-08-17T20:16:54.588351
pay_npci_00232,mer_quick_kart,Bharat QuickCommerce,cust_npci_00232,Rahul Chatterjee,rahul.chatterjee59@okhdfcbank,+919860233984,45.75,INR,FAILED,IN_REVIEW,BUSINESS_DECLINE,ZA,Insufficient Funds in Customer Account,HDFC Bank,HDFC,SMART_PAYMENT_LINK,0.7692,HIGH,3,1,1,3,2026-08-12T19:17:27.575401
pay_npci_00233,mer_demo_apex,Apex Retail India Ltd,cust_npci_00233,Pranav Sharma,pranav.sharma68@oksbi,+919815540836,390.21,INR,FAILED,PENDING,BUSINESS_DECLINE,XH,Customer Account Blocked / Frozen / Dormant,State Bank of India,SBI,ESCALATE_TO_HUMAN,0.554,MEDIUM,6,0,1,3,2026-09-03T16:55:08.023261
pay_npci_00234,mer_quick_kart,Bharat QuickCommerce,cust_npci_00234,Rahul Patel,rahul.patel74@okpnb,+919834798477,25.03,INR,RECOVERED,RECOVERED,TECHNICAL_DECLINE,BT,Issuer Switch Timeout During 2FA Verification,Punjab National Bank,PNB,DIRECT_GATEWAY_RETRY,0.02,LOW,15,0,1,3,2026-09-03T17:42:45.681301
pay_npci_00235,mer_tech_bazaar,Croma TechBazaar,cust_npci_00235,Zoya Kulkarni,zoya.kulkarni10@sbi,+919865847913,350.7,INR,FAILED,PENDING,BUSINESS_DECLINE,ZA,Insufficient Funds in Customer Account,State Bank of India,SBI,SMART_PAYMENT_LINK,0.3325,LOW,9,0,0,3,2026-08-10T16:19:00.740691
pay_npci_00236,mer_tech_bazaar,Croma TechBazaar,cust_npci_00236,Gaurav Desai,gaurav.desai12@paytm,+919857881351,29994.31,INR,FAILED,PENDING,TECHNICAL_DECLINE,U30,Beneficiary Bank Timeout After Debit (Ambiguous),Paytm Payments Bank,PYTM,STATUS_POLL_VERIFICATION,0.3695,MEDIUM,7,0,1,3,2026-08-16T18:33:47.388130
pay_npci_00237,mer_quick_kart,Bharat QuickCommerce,cust_npci_00237,Varun Singh,varun.singh95@oksbi,+919816055274,162.94,INR,FAILED,IN_REVIEW,BUSINESS_DECLINE,K1,Suspected Fraud / Excessive Velocity Anomaly,State Bank of India,SBI,QUARANTINE_FOR_REVIEW,0.98,HIGH,11,1,0,3,2026-08-31T17:48:59.855765
pay_npci_00238,mer_kirana_net,Desi Kirana Network,cust_npci_00238,Amit Gupta,amit.gupta42@barodampay,+919879069160,87.36,INR,RECOVERED,RECOVERED,TECHNICAL_DECLINE,U30,Beneficiary Bank Timeout After Debit (Ambiguous),Bank of Baroda,BOB,STATUS_POLL_VERIFICATION,0.1905,LOW,13,0,1,3,2026-08-27T10:09:46.309390
pay_npci_00239,mer_quick_kart,Bharat QuickCommerce,cust_npci_00239,Pooja Singh,pooja.singh97@axisbank,+919856722691,1500.32,INR,RECOVERED,RECOVERED,TECHNICAL_DECLINE,U69,Remitter Bank System Unavailable / Switch Error,Axis Bank,AXIS,DIRECT_GATEWAY_RETRY,0.02,LOW,11,0,1,3,2026-08-18T12:33:09.137022
pay_npci_00240,mer_quick_kart,Bharat QuickCommerce,cust_npci_00240,Gaurav Verma,gaurav.verma17@okpnb,+919847974573,489.91,INR,FAILED,PENDING,TECHNICAL_DECLINE,SWITCH_DOWN,NPCI Central Switch Queue Congestion,Punjab National Bank,PNB,BACKOFF_RETRY,0.02,LOW,7,0,1,3,2026-08-19T22:46:39.730795
pay_npci_00241,mer_swiggy_inst,Swiggy Instamart Partner,cust_npci_00241,Rohan Kulkarni,rohan.kulkarni19@ybl,+919829046363,4743.43,INR,RECOVERED,RECOVERED,BUSINESS_DECLINE,ZM,Invalid MPIN Entered by Customer,Yes Bank / PhonePe,YESB,CUSTOMER_WHATSAPP_NUDGE,0.2806,LOW,10,0,1,3,2026-08-16T08:34:48.062727
pay_npci_00242,mer_demo_apex,Apex Retail India Ltd,cust_npci_00242,Pranav Mehta,pranav.mehta24@sbi,+919886866281,3439.58,INR,RECOVERED,RECOVERED,TECHNICAL_DECLINE,U69,Remitter Bank System Unavailable / Switch Error,State Bank of India,SBI,DIRECT_GATEWAY_RETRY,0.0624,LOW,3,0,1,3,2026-08-06T14:46:57.414968
pay_npci_00243,mer_swiggy_inst,Swiggy Instamart Partner,cust_npci_00243,Rohan Rao,rohan.rao73@barodampay,+919819140102,58.13,INR,FAILED,PENDING,BUSINESS_DECLINE,XH,Customer Account Blocked / Frozen / Dormant,Bank of Baroda,BOB,ESCALATE_TO_HUMAN,0.5963,MEDIUM,13,0,0,3,2026-08-22T13:23:17.471115
pay_npci_00244,mer_quick_kart,Bharat QuickCommerce,cust_npci_00244,Rohan Joshi,rohan.joshi53@sbi,+919890209194,89.89,INR,RECOVERED,RECOVERED,BUSINESS_DECLINE,ZA,Insufficient Funds in Customer Account,State Bank of India,SBI,SMART_PAYMENT_LINK,0.2644,LOW,15,0,1,3,2026-08-12T18:25:18.767248
pay_npci_00245,mer_demo_apex,Apex Retail India Ltd,cust_npci_00245,Sunil Gupta,sunil.gupta54@icici,+919822554220,460.64,INR,RECOVERED,RECOVERED,BUSINESS_DECLINE,ZA,Insufficient Funds in Customer Account,ICICI Bank,ICICI,SMART_PAYMENT_LINK,0.3313,LOW,11,0,1,3,2026-08-13T19:01:35.137010
pay_npci_00246,mer_quick_kart,Bharat QuickCommerce,cust_npci_00246,Vivek Nair,vivek.nair54@sbi,+919860038060,755.9,INR,RECOVERED,RECOVERED,BUSINESS_DECLINE,ZM,Invalid MPIN Entered by Customer,State Bank of India,SBI,CUSTOMER_WHATSAPP_NUDGE,0.2739,LOW,13,0,1,3,2026-08-25T18:01:39.223419
pay_npci_00247,mer_tech_bazaar,Croma TechBazaar,cust_npci_00247,Kavita Verma,kavita.verma64@ybl,+919849523327,161.9,INR,RECOVERED,RECOVERED,TECHNICAL_DECLINE,U30,Beneficiary Bank Timeout After Debit (Ambiguous),Yes Bank / PhonePe,YESB,STATUS_POLL_VERIFICATION,0.3205,LOW,3,0,1,3,2026-08-19T11:28:34.761906
pay_npci_00248,mer_demo_apex,Apex Retail India Ltd,cust_npci_00248,Zoya Kulkarni,zoya.kulkarni79@ybl,+919812837463,304.24,INR,FAILED,PENDING,BUSINESS_DECLINE,ZA,Insufficient Funds in Customer Account,Yes Bank / PhonePe,YESB,SMART_PAYMENT_LINK,0.3815,MEDIUM,1,0,2,3,2026-08-11T09:41:53.424384
pay_npci_00249,mer_kirana_net,Desi Kirana Network,cust_npci_00249,Amit Patel,amit.patel70@paytm,+919858913878,472.38,INR,RECOVERED,RECOVERED,BUSINESS_DECLINE,ZM,Invalid MPIN Entered by Customer,Paytm Payments Bank,PYTM,CUSTOMER_WHATSAPP_NUDGE,0.2358,LOW,7,0,1,3,2026-08-28T05:52:17.596746
pay_npci_00250,mer_swiggy_inst,Swiggy Instamart Partner,cust_npci_00250,Manish Desai,manish.desai74@oksbi,+919832058152,1570.61,INR,FAILED,PENDING,BUSINESS_DECLINE,U19,Daily Per-Transaction or Cumulative Limit Exceeded,State Bank of India,SBI,SMART_PAYMENT_LINK,0.42,MEDIUM,1,0,2,3,2026-08-11T20:44:57.890890
pay_npci_00251,mer_demo_apex,Apex Retail India Ltd,cust_npci_00251,Sanjay Gupta,sanjay.gupta27@okicici,+919851482461,121.65,INR,RECOVERED,RECOVERED,BUSINESS_DECLINE,ZA,Insufficient Funds in Customer Account,ICICI Bank,ICICI,SMART_PAYMENT_LINK,0.3168,LOW,13,0,1,3,2026-08-16T18:49:50.190827
pay_npci_00252,mer_swiggy_inst,Swiggy Instamart Partner,cust_npci_00252,Isha Chopra,isha.chopra22@paytm,+919822700332,2419.95,INR,FAILED,PENDING,TECHNICAL_DECLINE,U69,Remitter Bank System Unavailable / Switch Error,Paytm Payments Bank,PYTM,DIRECT_GATEWAY_RETRY,0.02,LOW,15,0,0,3,2026-08-24T19:14:22.120494
pay_npci_00253,mer_kirana_net,Desi Kirana Network,cust_npci_00253,Priya Desai,priya.desai20@icici,+919848355362,2624.3,INR,FAILED,PENDING,BUSINESS_DECLINE,ZA,Insufficient Funds in Customer Account,ICICI Bank,ICICI,SMART_PAYMENT_LINK,0.4338,MEDIUM,4,0,0,3,2026-08-09T20:13:56.784739
pay_npci_00254,mer_tech_bazaar,Croma TechBazaar,cust_npci_00254,Aarav Joshi,aarav.joshi28@paytm,+919879170000,106.61,INR,FAILED,PENDING,BUSINESS_DECLINE,XH,Customer Account Blocked / Frozen / Dormant,Paytm Payments Bank,PYTM,ESCALATE_TO_HUMAN,0.5514,MEDIUM,7,0,0,3,2026-08-23T11:26:29.631978
pay_npci_00255,mer_kirana_net,Desi Kirana Network,cust_npci_00255,Manish Kumar,manish.kumar86@oksbi,+919850572259,1773.07,INR,FAILED,PENDING,BUSINESS_DECLINE,U19,Daily Per-Transaction or Cumulative Limit Exceeded,State Bank of India,SBI,SMART_PAYMENT_LINK,0.43,MEDIUM,3,0,0,3,2026-08-15T11:56:30.856964
pay_npci_00256,mer_kirana_net,Desi Kirana Network,cust_npci_00256,Neha Kumar,neha.kumar65@ybl,+919830518803,99.9,INR,RECOVERED,RECOVERED,BUSINESS_DECLINE,U19,Daily Per-Transaction or Cumulative Limit Exceeded,Yes Bank / PhonePe,YESB,SMART_PAYMENT_LINK,0.3185,LOW,11,0,1,3,2026-08-23T18:51:05.272265
pay_npci_00257,mer_demo_apex,Apex Retail India Ltd,cust_npci_00257,Sunil Nair,sunil.nair26@icici,+919895662048,584.35,INR,RECOVERED,RECOVERED,TECHNICAL_DECLINE,BT,Issuer Switch Timeout During 2FA Verification,ICICI Bank,ICICI,DIRECT_GATEWAY_RETRY,0.02,LOW,8,0,1,3,2026-08-14T20:56:22.586350
pay_npci_00258,mer_demo_apex,Apex Retail India Ltd,cust_npci_00258,Isha Nair,isha.nair32@okhdfcbank,+919873088886,233.19,INR,RECOVERED,RECOVERED,TECHNICAL_DECLINE,U30,Beneficiary Bank Timeout After Debit (Ambiguous),HDFC Bank,HDFC,STATUS_POLL_VERIFICATION,0.2875,LOW,2,0,1,3,2026-08-26T20:30:51.488271
pay_npci_00259,mer_kirana_net,Desi Kirana Network,cust_npci_00259,Amit Kulkarni,amit.kulkarni93@okicici,+919818084078,574.21,INR,RECOVERED,RECOVERED,TECHNICAL_DECLINE,U69,Remitter Bank System Unavailable / Switch Error,ICICI Bank,ICICI,DIRECT_GATEWAY_RETRY,0.02,LOW,10,0,1,3,2026-09-03T05:33:06.608951
pay_npci_00260,mer_kirana_net,Desi Kirana Network,cust_npci_00260,Sanjay Kumar,sanjay.kumar56@okaxis,+919891837137,4574.07,INR,RECOVERED,RECOVERED,TECHNICAL_DECLINE,U69,Remitter Bank System Unavailable / Switch Error,Axis Bank,AXIS,DIRECT_GATEWAY_RETRY,0.02,LOW,7,0,1,3,2026-08-11T18:23:20.561582
pay_npci_00261,mer_demo_apex,Apex Retail India Ltd,cust_npci_00261,Zoya Joshi,zoya.joshi56@okicici,+919855940314,350.63,INR,RECOVERED,RECOVERED,TECHNICAL_DECLINE,BT,Issuer Switch Timeout During 2FA Verification,ICICI Bank,ICICI,DIRECT_GATEWAY_RETRY,0.164,LOW,0,0,1,3,2026-08-21T18:56:40.266598
pay_npci_00262,mer_demo_apex,Apex Retail India Ltd,cust_npci_00262,Deepak Joshi,deepak.joshi11@ibl,+919828302732,3933.9,INR,FAILED,PENDING,TECHNICAL_DECLINE,U69,Remitter Bank System Unavailable / Switch Error,Yes Bank / PhonePe,YESB,DIRECT_GATEWAY_RETRY,0.3602,MEDIUM,7,1,0,3,2026-08-17T10:39:09.548533
pay_npci_00263,mer_swiggy_inst,Swiggy Instamart Partner,cust_npci_00263,Deepak Patel,deepak.patel77@hdfcbank,+919873349387,243.32,INR,RECOVERED,RECOVERED,BUSINESS_DECLINE,ZA,Insufficient Funds in Customer Account,HDFC Bank,HDFC,SMART_PAYMENT_LINK,0.2757,LOW,8,0,1,3,2026-08-20T16:32:37.289511
pay_npci_00264,mer_tech_bazaar,Croma TechBazaar,cust_npci_00264,Tanvi Joshi,tanvi.joshi47@okicici,+919870009281,72144.46,INR,RECOVERED,RECOVERED,TECHNICAL_DECLINE,BT,Issuer Switch Timeout During 2FA Verification,ICICI Bank,ICICI,DIRECT_GATEWAY_RETRY,0.2202,LOW,13,0,1,3,2026-08-10T12:23:39.663720
pay_npci_00265,mer_demo_apex,Apex Retail India Ltd,cust_npci_00265,Kavita Desai,kavita.desai74@barodampay,+919856258553,4069.91,INR,FAILED,PENDING,TECHNICAL_DECLINE,U69,Remitter Bank System Unavailable / Switch Error,Bank of Baroda,BOB,DIRECT_GATEWAY_RETRY,0.02,LOW,16,0,1,3,2026-08-28T09:39:28.360335
pay_npci_00266,mer_swiggy_inst,Swiggy Instamart Partner,cust_npci_00266,Aarav Desai,aarav.desai89@axisbank,+919869667788,81.07,INR,FAILED,PENDING,BUSINESS_DECLINE,ZA,Insufficient Funds in Customer Account,Axis Bank,AXIS,SMART_PAYMENT_LINK,0.4342,MEDIUM,2,0,0,3,2026-08-23T21:09:47.024551
pay_npci_00267,mer_swiggy_inst,Swiggy Instamart Partner,cust_npci_00267,Manish Banerjee,manish.banerjee93@okpnb,+919847011457,4230.02,INR,RECOVERED,RECOVERED,TECHNICAL_DECLINE,U30,Beneficiary Bank Timeout After Debit (Ambiguous),Punjab National Bank,PNB,STATUS_POLL_VERIFICATION,0.1551,LOW,6,0,1,3,2026-09-02T23:20:15.316726
pay_npci_00268,mer_tech_bazaar,Croma TechBazaar,cust_npci_00268,Pooja Chatterjee,pooja.chatterjee54@okhdfcbank,+919825562978,282.88,INR,RECOVERED,RECOVERED,TECHNICAL_DECLINE,U69,Remitter Bank System Unavailable / Switch Error,HDFC Bank,HDFC,DIRECT_GATEWAY_RETRY,0.1075,LOW,3,0,1,3,2026-08-08T15:45:27.949052
pay_npci_00269,mer_kirana_net,Desi Kirana Network,cust_npci_00269,Rohan Desai,rohan.desai95@hdfcbank,+919869281410,1004.83,INR,FAILED,IN_REVIEW,BUSINESS_DECLINE,K1,Suspected Fraud / Excessive Velocity Anomaly,HDFC Bank,HDFC,QUARANTINE_FOR_REVIEW,0.98,HIGH,15,1,2,3,2026-08-17T10:54:31.577942
pay_npci_00270,mer_demo_apex,Apex Retail India Ltd,cust_npci_00270,Pranav Patel,pranav.patel68@okicici,+919839249386,154.24,INR,FAILED,PENDING,BUSINESS_DECLINE,ZA,Insufficient Funds in Customer Account,ICICI Bank,ICICI,SMART_PAYMENT_LINK,0.4068,MEDIUM,2,0,2,3,2026-08-11T12:17:56.514900
pay_npci_00271,mer_kirana_net,Desi Kirana Network,cust_npci_00271,Aditi Gupta,aditi.gupta25@okpnb,+919819172819,389.98,INR,RECOVERED,RECOVERED,BUSINESS_DECLINE,ZA,Insufficient Funds in Customer Account,Punjab National Bank,PNB,SMART_PAYMENT_LINK,0.2811,LOW,13,0,1,3,2026-08-21T18:59:38.717972
pay_npci_00272,mer_demo_apex,Apex Retail India Ltd,cust_npci_00272,Priya Singh,priya.singh25@oksbi,+919858823529,2946.94,INR,RECOVERED,RECOVERED,BUSINESS_DECLINE,ZA,Insufficient Funds in Customer Account,State Bank of India,SBI,SMART_PAYMENT_LINK,0.3007,LOW,15,0,1,3,2026-08-31T19:21:51.287734
pay_npci_00273,mer_tech_bazaar,Croma TechBazaar,cust_npci_00273,Amit Kumar,amit.kumar38@okpnb,+919898501739,432.37,INR,RECOVERED,RECOVERED,BUSINESS_DECLINE,ZM,Invalid MPIN Entered by Customer,Punjab National Bank,PNB,CUSTOMER_WHATSAPP_NUDGE,0.2455,LOW,10,0,1,3,2026-08-27T02:49:35.737321
pay_npci_00274,mer_quick_kart,Bharat QuickCommerce,cust_npci_00274,Isha Mehta,isha.mehta71@axisbank,+919861500930,491.62,INR,FAILED,PENDING,BUSINESS_DECLINE,U19,Daily Per-Transaction or Cumulative Limit Exceeded,Axis Bank,AXIS,SMART_PAYMENT_LINK,0.4897,MEDIUM,5,0,1,3,2026-08-28T19:52:07.844165
pay_npci_00275,mer_tech_bazaar,Croma TechBazaar,cust_npci_00275,Pooja Gupta,pooja.gupta79@paytm,+919836389891,265.02,INR,RECOVERED,RECOVERED,TECHNICAL_DECLINE,BT,Issuer Switch Timeout During 2FA Verification,Paytm Payments Bank,PYTM,DIRECT_GATEWAY_RETRY,0.02,LOW,17,0,1,3,2026-08-06T19:32:36.629043
pay_npci_00276,mer_demo_apex,Apex Retail India Ltd,cust_npci_00276,Deepak Sharma,deepak.sharma27@ibl,+919888444122,459.76,INR,FAILED,PENDING,BUSINESS_DECLINE,ZA,Insufficient Funds in Customer Account,Yes Bank / PhonePe,YESB,SMART_PAYMENT_LINK,0.2729,LOW,13,0,1,3,2026-08-13T21:42:53.013092
pay_npci_00277,mer_quick_kart,Bharat QuickCommerce,cust_npci_00277,Gaurav Kulkarni,gaurav.kulkarni88@unionbank,+919863077084,146.39,INR,FAILED,PENDING,TECHNICAL_DECLINE,U69,Remitter Bank System Unavailable / Switch Error,Union Bank of India,UBI,DIRECT_GATEWAY_RETRY,0.0606,LOW,5,0,2,3,2026-08-25T13:09:48.134571
pay_npci_00278,mer_quick_kart,Bharat QuickCommerce,cust_npci_00278,Rahul Rao,rahul.rao25@sbi,+919845114530,218.87,INR,RECOVERED,RECOVERED,TECHNICAL_DECLINE,U69,Remitter Bank System Unavailable / Switch Error,State Bank of India,SBI,DIRECT_GATEWAY_RETRY,0.1321,LOW,2,0,1,3,2026-09-01T12:46:06.657327
pay_npci_00279,mer_kirana_net,Desi Kirana Network,cust_npci_00279,Vivek Sharma,vivek.sharma27@okhdfcbank,+919874411878,4684.73,INR,RECOVERED,RECOVERED,TECHNICAL_DECLINE,BT,Issuer Switch Timeout During 2FA Verification,HDFC Bank,HDFC,DIRECT_GATEWAY_RETRY,0.0344,LOW,14,0,1,3,2026-08-25T15:30:43.568473
pay_npci_00280,mer_tech_bazaar,Croma TechBazaar,cust_npci_00280,Manish Reddy,manish.reddy76@okpnb,+919837449045,407.26,INR,FAILED,IN_REVIEW,BUSINESS_DECLINE,K1,Suspected Fraud / Excessive Velocity Anomaly,Punjab National Bank,PNB,QUARANTINE_FOR_REVIEW,0.98,HIGH,5,1,0,3,2026-08-31T09:09:23.846711
pay_npci_00281,mer_tech_bazaar,Croma TechBazaar,cust_npci_00281,Deepak Gupta,deepak.gupta75@okpnb,+919892056602,369.96,INR,FAILED,PENDING,BUSINESS_DECLINE,ZA,Insufficient Funds in Customer Account,Punjab National Bank,PNB,SMART_PAYMENT_LINK,0.4478,MEDIUM,0,0,0,3,2026-09-01T18:53:19.824306
pay_npci_00282,mer_tech_bazaar,Croma TechBazaar,cust_npci_00282,Sunil Verma,sunil.verma59@oksbi,+919892593854,346.55,INR,RECOVERED,RECOVERED,TECHNICAL_DECLINE,U69,Remitter Bank System Unavailable / Switch Error,State Bank of India,SBI,DIRECT_GATEWAY_RETRY,0.1108,LOW,0,0,1,3,2026-08-27T20:23:27.597849
pay_npci_00283,mer_swiggy_inst,Swiggy Instamart Partner,cust_npci_00283,Sneha Kumar,sneha.kumar23@hdfcbank,+919816897774,3244.14,INR,RECOVERED,RECOVERED,TECHNICAL_DECLINE,U69,Remitter Bank System Unavailable / Switch Error,HDFC Bank,HDFC,DIRECT_GATEWAY_RETRY,0.02,LOW,9,0,1,3,2026-09-03T05:28:40.582734
pay_npci_00284,mer_demo_apex,Apex Retail India Ltd,cust_npci_00284,Vivek Singh,vivek.singh30@sbi,+919818683133,20.09,INR,RECOVERED,RECOVERED,BUSINESS_DECLINE,ZA,Insufficient Funds in Customer Account,State Bank of India,SBI,SMART_PAYMENT_LINK,0.3189,LOW,12,0,1,3,2026-08-18T16:41:50.910516
pay_npci_00285,mer_swiggy_inst,Swiggy Instamart Partner,cust_npci_00285,Ananya Nair,ananya.nair73@icici,+919855067062,379.49,INR,FAILED,PENDING,TECHNICAL_DECLINE,BT,Issuer Switch Timeout During 2FA Verification,ICICI Bank,ICICI,DIRECT_GATEWAY_RETRY,0.0201,LOW,8,0,1,3,2026-08-30T15:06:43.602685
pay_npci_00286,mer_kirana_net,Desi Kirana Network,cust_npci_00286,Rahul Kulkarni,rahul.kulkarni41@okhdfcbank,+919888545010,82.25,INR,RECOVERED,RECOVERED,TECHNICAL_DECLINE,U69,Remitter Bank System Unavailable / Switch Error,HDFC Bank,HDFC,DIRECT_GATEWAY_RETRY,0.1015,LOW,3,0,1,3,2026-08-06T14:21:36.491679
pay_npci_00287,mer_swiggy_inst,Swiggy Instamart Partner,cust_npci_00287,Varun Singh,varun.singh53@sbi,+919870886400,3842.35,INR,FAILED,PENDING,BUSINESS_DECLINE,ZA,Insufficient Funds in Customer Account,State Bank of India,SBI,SMART_PAYMENT_LINK,0.6276,MEDIUM,15,1,1,3,2026-09-02T18:39:31.791301
pay_npci_00288,mer_demo_apex,Apex Retail India Ltd,cust_npci_00288,Priya Mehta,priya.mehta93@okpnb,+919845418286,385.25,INR,RECOVERED,RECOVERED,BUSINESS_DECLINE,ZM,Invalid MPIN Entered by Customer,Punjab National Bank,PNB,CUSTOMER_WHATSAPP_NUDGE,0.2794,LOW,17,0,1,3,2026-08-08T04:24:47.087129
pay_npci_00289,mer_demo_apex,Apex Retail India Ltd,cust_npci_00289,Tanvi Singh,tanvi.singh77@icici,+919881906687,445.65,INR,RECOVERED,RECOVERED,BUSINESS_DECLINE,ZM,Invalid MPIN Entered by Customer,ICICI Bank,ICICI,CUSTOMER_WHATSAPP_NUDGE,0.2434,LOW,11,0,1,3,2026-08-10T19:20:53.050238
pay_npci_00290,mer_tech_bazaar,Croma TechBazaar,cust_npci_00290,Amit Verma,amit.verma38@paytm,+919826426419,203.81,INR,RECOVERED,RECOVERED,BUSINESS_DECLINE,U19,Daily Per-Transaction or Cumulative Limit Exceeded,Paytm Payments Bank,PYTM,SMART_PAYMENT_LINK,0.3371,LOW,12,0,1,3,2026-08-26T06:59:36.963976
pay_npci_00291,mer_tech_bazaar,Croma TechBazaar,cust_npci_00291,Neha Kumar,neha.kumar56@ybl,+919869800819,32664.63,INR,FAILED,PENDING,TECHNICAL_DECLINE,U69,Remitter Bank System Unavailable / Switch Error,Yes Bank / PhonePe,YESB,DIRECT_GATEWAY_RETRY,0.1313,LOW,18,0,0,3,2026-08-26T13:08:37.452237
pay_npci_00292,mer_kirana_net,Desi Kirana Network,cust_npci_00292,Kavita Chopra,kavita.chopra46@sbi,+919882998282,53.53,INR,RECOVERED,RECOVERED,TECHNICAL_DECLINE,U69,Remitter Bank System Unavailable / Switch Error,State Bank of India,SBI,DIRECT_GATEWAY_RETRY,0.02,LOW,11,0,1,3,2026-08-06T08:54:40.899127
pay_npci_00293,mer_tech_bazaar,Croma TechBazaar,cust_npci_00293,Manish Mehta,manish.mehta58@okhdfcbank,+919837819778,2121.05,INR,RECOVERED,RECOVERED,BUSINESS_DECLINE,ZM,Invalid MPIN Entered by Customer,HDFC Bank,HDFC,CUSTOMER_WHATSAPP_NUDGE,0.2777,LOW,8,0,1,3,2026-08-25T17:29:46.856130
pay_npci_00294,mer_swiggy_inst,Swiggy Instamart Partner,cust_npci_00294,Aditi Patel,aditi.patel24@okhdfcbank,+919810873798,161.72,INR,RECOVERED,RECOVERED,TECHNICAL_DECLINE,U69,Remitter Bank System Unavailable / Switch Error,HDFC Bank,HDFC,DIRECT_GATEWAY_RETRY,0.3142,LOW,15,1,1,3,2026-08-10T09:00:51.794847
pay_npci_00295,mer_quick_kart,Bharat QuickCommerce,cust_npci_00295,Rahul Sharma,rahul.sharma37@okaxis,+919852926838,446.0,INR,RECOVERED,RECOVERED,TECHNICAL_DECLINE,U69,Remitter Bank System Unavailable / Switch Error,Axis Bank,AXIS,DIRECT_GATEWAY_RETRY,0.02,LOW,18,0,1,3,2026-08-16T14:19:09.002426
pay_npci_00296,mer_quick_kart,Bharat QuickCommerce,cust_npci_00296,Sneha Mehta,sneha.mehta55@barodampay,+919870036545,1813.67,INR,FAILED,PENDING,BUSINESS_DECLINE,ZA,Insufficient Funds in Customer Account,Bank of Baroda,BOB,SMART_PAYMENT_LINK,0.6723,MEDIUM,8,1,0,3,2026-08-16T02:03:52.335903
pay_npci_00297,mer_quick_kart,Bharat QuickCommerce,cust_npci_00297,Gaurav Chatterjee,gaurav.chatterjee20@okpnb,+919887926819,287.89,INR,RECOVERED,RECOVERED,TECHNICAL_DECLINE,U69,Remitter Bank System Unavailable / Switch Error,Punjab National Bank,PNB,DIRECT_GATEWAY_RETRY,0.02,LOW,18,0,1,3,2026-08-24T17:22:05.162178
pay_npci_00298,mer_tech_bazaar,Croma TechBazaar,cust_npci_00298,Ananya Mehta,ananya.mehta19@okpnb,+919848787929,3682.64,INR,RECOVERED,RECOVERED,BUSINESS_DECLINE,ZA,Insufficient Funds in Customer Account,Punjab National Bank,PNB,SMART_PAYMENT_LINK,0.2865,LOW,12,0,1,3,2026-08-23T19:43:12.233401
pay_npci_00299,mer_swiggy_inst,Swiggy Instamart Partner,cust_npci_00299,Deepak Sharma,deepak.sharma65@sbi,+919859371356,1797.54,INR,FAILED,PENDING,BUSINESS_DECLINE,XH,Customer Account Blocked / Frozen / Dormant,State Bank of India,SBI,ESCALATE_TO_HUMAN,0.5476,MEDIUM,6,0,1,3,2026-08-14T11:54:09.387704
pay_npci_00300,mer_tech_bazaar,Croma TechBazaar,cust_npci_00300,Neha Nair,neha.nair88@okhdfcbank,+919827913844,140.95,INR,FAILED,IN_REVIEW,BUSINESS_DECLINE,K1,Suspected Fraud / Excessive Velocity Anomaly,HDFC Bank,HDFC,QUARANTINE_FOR_REVIEW,0.98,HIGH,11,1,1,3,2026-08-20T19:51:31.195932
pay_npci_00301,mer_swiggy_inst,Swiggy Instamart Partner,cust_npci_00301,Deepak Singh,deepak.singh60@okpnb,+919835525989,394.77,INR,RECOVERED,RECOVERED,TECHNICAL_DECLINE,U69,Remitter Bank System Unavailable / Switch Error,Punjab National Bank,PNB,DIRECT_GATEWAY_RETRY,0.3219,LOW,12,1,1,3,2026-08-20T15:02:33.049412
pay_npci_00302,mer_tech_bazaar,Croma TechBazaar,cust_npci_00302,Tanvi Gupta,tanvi.gupta69@hdfcbank,+919816959741,283.76,INR,RECOVERED,RECOVERED,BUSINESS_DECLINE,ZA,Insufficient Funds in Customer Account,HDFC Bank,HDFC,SMART_PAYMENT_LINK,0.3202,LOW,10,0,1,3,2026-08-19T11:14:19.591820
pay_npci_00303,mer_swiggy_inst,Swiggy Instamart Partner,cust_npci_00303,Gaurav Chatterjee,gaurav.chatterjee53@paytm,+919896031201,423.05,INR,FAILED,PENDING,BUSINESS_DECLINE,XH,Customer Account Blocked / Frozen / Dormant,Paytm Payments Bank,PYTM,ESCALATE_TO_HUMAN,0.6511,MEDIUM,5,0,0,3,2026-08-13T07:07:46.177133
pay_npci_00304,mer_kirana_net,Desi Kirana Network,cust_npci_00304,Rohan Gupta,rohan.gupta95@okhdfcbank,+919839447398,853.59,INR,RECOVERED,RECOVERED,BUSINESS_DECLINE,ZA,Insufficient Funds in Customer Account,HDFC Bank,HDFC,SMART_PAYMENT_LINK,0.2627,LOW,16,0,1,3,2026-08-20T18:29:07.288007
pay_npci_00305,mer_quick_kart,Bharat QuickCommerce,cust_npci_00305,Aarav Chatterjee,aarav.chatterjee19@paytm,+919823684111,355.19,INR,RECOVERED,RECOVERED,TECHNICAL_DECLINE,BT,Issuer Switch Timeout During 2FA Verification,Paytm Payments Bank,PYTM,DIRECT_GATEWAY_RETRY,0.0213,LOW,9,0,1,3,2026-08-13T10:38:27.519137
pay_npci_00306,mer_swiggy_inst,Swiggy Instamart Partner,cust_npci_00306,Tanvi Mehta,tanvi.mehta78@okaxis,+919812603596,4584.76,INR,FAILED,PENDING,BUSINESS_DECLINE,ZA,Insufficient Funds in Customer Account,Axis Bank,AXIS,SMART_PAYMENT_LINK,0.409,MEDIUM,4,0,0,3,2026-08-23T06:14:39.852105
pay_npci_00307,mer_swiggy_inst,Swiggy Instamart Partner,cust_npci_00307,Vivek Gupta,vivek.gupta26@axisbank,+919840997205,182.43,INR,FAILED,PENDING,BUSINESS_DECLINE,ZA,Insufficient Funds in Customer Account,Axis Bank,AXIS,SMART_PAYMENT_LINK,0.4083,MEDIUM,1,0,2,3,2026-08-05T12:53:27.585373
pay_npci_00308,mer_kirana_net,Desi Kirana Network,cust_npci_00308,Pranav Reddy,pranav.reddy27@barodampay,+919858464999,184.41,INR,FAILED,IN_REVIEW,BUSINESS_DECLINE,K1,Suspected Fraud / Excessive Velocity Anomaly,Bank of Baroda,BOB,QUARANTINE_FOR_REVIEW,0.98,HIGH,7,1,0,3,2026-08-22T17:51:36.092560
pay_npci_00309,mer_kirana_net,Desi Kirana Network,cust_npci_00309,Aditi Sharma,aditi.sharma53@sbi,+919883247116,2247.66,INR,RECOVERED,RECOVERED,TECHNICAL_DECLINE,U69,Remitter Bank System Unavailable / Switch Error,State Bank of India,SBI,DIRECT_GATEWAY_RETRY,0.303,LOW,8,1,1,3,2026-08-23T13:13:04.101215
pay_npci_00310,mer_swiggy_inst,Swiggy Instamart Partner,cust_npci_00310,Isha Patel,isha.patel14@icici,+919842170488,184.03,INR,FAILED,PENDING,BUSINESS_DECLINE,U19,Daily Per-Transaction or Cumulative Limit Exceeded,ICICI Bank,ICICI,SMART_PAYMENT_LINK,0.4204,MEDIUM,2,0,2,3,2026-08-07T11:19:22.820685
pay_npci_00311,mer_quick_kart,Bharat QuickCommerce,cust_npci_00311,Deepak Chatterjee,deepak.chatterjee92@ybl,+919865338781,3750.76,INR,RECOVERED,RECOVERED,BUSINESS_DECLINE,ZA,Insufficient Funds in Customer Account,Yes Bank / PhonePe,YESB,SMART_PAYMENT_LINK,0.2812,LOW,17,0,1,3,2026-08-17T17:15:35.438599
pay_npci_00312,mer_swiggy_inst,Swiggy Instamart Partner,cust_npci_00312,Vikram Sharma,vikram.sharma81@okhdfcbank,+919893234331,46252.63,INR,FAILED,PENDING,BUSINESS_DECLINE,ZM,Invalid MPIN Entered by Customer,HDFC Bank,HDFC,CUSTOMER_WHATSAPP_NUDGE,0.5879,MEDIUM,5,0,1,3,2026-08-08T18:45:22.298592
pay_npci_00313,mer_demo_apex,Apex Retail India Ltd,cust_npci_00313,Manish Reddy,manish.reddy80@hdfcbank,+919818920318,174.09,INR,FAILED,PENDING,TECHNICAL_DECLINE,U69,Remitter Bank System Unavailable / Switch Error,HDFC Bank,HDFC,DIRECT_GATEWAY_RETRY,0.1036,LOW,0,0,2,3,2026-08-27T18:34:45.104357
pay_npci_00314,mer_swiggy_inst,Swiggy Instamart Partner,cust_npci_00314,Deepak Mehta,deepak.mehta36@okicici,+919832715576,489.8,INR,RECOVERED,RECOVERED,TECHNICAL_DECLINE,U69,Remitter Bank System Unavailable / Switch Error,ICICI Bank,ICICI,DIRECT_GATEWAY_RETRY,0.02,LOW,10,0,1,3,2026-09-04T15:40:03.673345
pay_npci_00315,mer_swiggy_inst,Swiggy Instamart Partner,cust_npci_00315,Neha Rao,neha.rao21@sbi,+919875923341,312.66,INR,RECOVERED,RECOVERED,BUSINESS_DECLINE,ZM,Invalid MPIN Entered by Customer,State Bank of India,SBI,CUSTOMER_WHATSAPP_NUDGE,0.2774,LOW,16,0,1,3,2026-08-08T18:22:17.826164
pay_npci_00316,mer_swiggy_inst,Swiggy Instamart Partner,cust_npci_00316,Sanjay Kulkarni,sanjay.kulkarni95@okpnb,+919886938269,4658.98,INR,RECOVERED,RECOVERED,BUSINESS_DECLINE,ZA,Insufficient Funds in Customer Account,Punjab National Bank,PNB,SMART_PAYMENT_LINK,0.3122,LOW,14,0,1,3,2026-08-19T10:21:54.245798
pay_npci_00317,mer_kirana_net,Desi Kirana Network,cust_npci_00317,Rohan Joshi,rohan.joshi24@unionbank,+919849797659,80.13,INR,FAILED,IN_REVIEW,BUSINESS_DECLINE,XH,Customer Account Blocked / Frozen / Dormant,Union Bank of India,UBI,ESCALATE_TO_HUMAN,0.9419,HIGH,13,1,1,3,2026-08-10T12:47:01.908423
pay_npci_00318,mer_tech_bazaar,Croma TechBazaar,cust_npci_00318,Aditi Verma,aditi.verma95@sbi,+919845649778,271.18,INR,FAILED,PENDING,BUSINESS_DECLINE,ZA,Insufficient Funds in Customer Account,State Bank of India,SBI,SMART_PAYMENT_LINK,0.4047,MEDIUM,4,0,1,3,2026-08-21T12:54:53.973372
pay_npci_00319,mer_kirana_net,Desi Kirana Network,cust_npci_00319,Vikram Mehta,vikram.mehta93@icici,+919869219803,161.98,INR,RECOVERED,RECOVERED,TECHNICAL_DECLINE,BT,Issuer Switch Timeout During 2FA Verification,ICICI Bank,ICICI,DIRECT_GATEWAY_RETRY,0.1651,LOW,3,0,1,3,2026-08-19T19:33:50.013435
pay_npci_00320,mer_swiggy_inst,Swiggy Instamart Partner,cust_npci_00320,Deepak Joshi,deepak.joshi62@okhdfcbank,+919810920972,241.59,INR,FAILED,PENDING,BUSINESS_DECLINE,XH,Customer Account Blocked / Frozen / Dormant,HDFC Bank,HDFC,ESCALATE_TO_HUMAN,0.5296,MEDIUM,16,0,2,3,2026-09-04T15:33:45.779681
pay_npci_00321,mer_kirana_net,Desi Kirana Network,cust_npci_00321,Aarav Desai,aarav.desai57@hdfcbank,+919847180490,21125.8,INR,RECOVERED,RECOVERED,BUSINESS_DECLINE,ZA,Insufficient Funds in Customer Account,HDFC Bank,HDFC,SMART_PAYMENT_LINK,0.2959,LOW,8,0,1,3,2026-08-08T18:27:09.824541
pay_npci_00322,mer_quick_kart,Bharat QuickCommerce,cust_npci_00322,Sunil Kumar,sunil.kumar40@okhdfcbank,+919811282607,4405.25,INR,FAILED,PENDING,BUSINESS_DECLINE,XH,Customer Account Blocked / Frozen / Dormant,HDFC Bank,HDFC,ESCALATE_TO_HUMAN,0.5991,MEDIUM,14,0,0,3,2026-08-19T12:36:12.210916
pay_npci_00323,mer_swiggy_inst,Swiggy Instamart Partner,cust_npci_00323,Deepak Desai,deepak.desai77@hdfcbank,+919831823549,293.77,INR,RECOVERED,RECOVERED,BUSINESS_DECLINE,ZA,Insufficient Funds in Customer Account,HDFC Bank,HDFC,SMART_PAYMENT_LINK,0.2685,LOW,15,0,1,3,2026-08-18T10:05:35.626699
pay_npci_00324,mer_quick_kart,Bharat QuickCommerce,cust_npci_00324,Amit Rao,amit.rao84@oksbi,+919828142844,2065.7,INR,RECOVERED,RECOVERED,TECHNICAL_DECLINE,U69,Remitter Bank System Unavailable / Switch Error,State Bank of India,SBI,DIRECT_GATEWAY_RETRY,0.02,LOW,14,0,1,3,2026-08-23T12:32:20.739961
pay_npci_00325,mer_demo_apex,Apex Retail India Ltd,cust_npci_00325,Aditi Verma,aditi.verma78@unionbank,+919855671519,1654.52,INR,RECOVERED,RECOVERED,BUSINESS_DECLINE,U19,Daily Per-Transaction or Cumulative Limit Exceeded,Union Bank of India,UBI,SMART_PAYMENT_LINK,0.3426,LOW,12,0,1,3,2026-08-06T08:41:16.197632
pay_npci_00326,mer_quick_kart,Bharat QuickCommerce,cust_npci_00326,Kiran Kumar,kiran.kumar25@okpnb,+919867456919,416.26,INR,RECOVERED,RECOVERED,TECHNICAL_DECLINE,BT,Issuer Switch Timeout During 2FA Verification,Punjab National Bank,PNB,DIRECT_GATEWAY_RETRY,0.02,LOW,13,0,1,3,2026-08-25T17:39:31.725688
pay_npci_00327,mer_demo_apex,Apex Retail India Ltd,cust_npci_00327,Rahul Rao,rahul.rao55@barodampay,+919892805082,65338.6,INR,FAILED,IN_REVIEW,TECHNICAL_DECLINE,U30,Beneficiary Bank Timeout After Debit (Ambiguous),Bank of Baroda,BOB,STATUS_POLL_VERIFICATION,0.8096,HIGH,5,1,2,3,2026-08-08T17:53:52.019227
pay_npci_00328,mer_quick_kart,Bharat QuickCommerce,cust_npci_00328,Rahul Verma,rahul.verma18@barodampay,+919857468116,491.88,INR,RECOVERED,RECOVERED,BUSINESS_DECLINE,ZM,Invalid MPIN Entered by Customer,Bank of Baroda,BOB,CUSTOMER_WHATSAPP_NUDGE,0.3422,LOW,3,0,1,3,2026-09-01T21:38:41.993126
pay_npci_00329,mer_quick_kart,Bharat QuickCommerce,cust_npci_00329,Amit Sharma,amit.sharma56@oksbi,+919872875884,107.32,INR,FAILED,PENDING,BUSINESS_DECLINE,ZM,Invalid MPIN Entered by Customer,State Bank of India,SBI,CUSTOMER_WHATSAPP_NUDGE,0.4147,MEDIUM,1,0,0,3,2026-08-27T18:39:04.816124
pay_npci_00330,mer_kirana_net,Desi Kirana Network,cust_npci_00330,Amit Mehta,amit.mehta78@sbi,+919827939878,2034.67,INR,RECOVERED,RECOVERED,BUSINESS_DECLINE,U19,Daily Per-Transaction or Cumulative Limit Exceeded,State Bank of India,SBI,SMART_PAYMENT_LINK,0.3306,LOW,13,0,1,3,2026-08-06T18:36:36.371321
pay_npci_00331,mer_demo_apex,Apex Retail India Ltd,cust_npci_00331,Kiran Reddy,kiran.reddy68@okaxis,+919849294361,107.76,INR,RECOVERED,RECOVERED,BUSINESS_DECLINE,ZA,Insufficient Funds in Customer Account,Axis Bank,AXIS,SMART_PAYMENT_LINK,0.3203,LOW,16,0,1,3,2026-08-25T15:33:25.384906
pay_npci_00332,mer_quick_kart,Bharat QuickCommerce,cust_npci_00332,Zoya Patel,zoya.patel52@sbi,+919874195757,421.85,INR,RECOVERED,RECOVERED,TECHNICAL_DECLINE,U69,Remitter Bank System Unavailable / Switch Error,State Bank of India,SBI,DIRECT_GATEWAY_RETRY,0.02,LOW,7,0,1,3,2026-08-22T22:40:34.300716
pay_npci_00333,mer_tech_bazaar,Croma TechBazaar,cust_npci_00333,Aditi Joshi,aditi.joshi77@okhdfcbank,+919826830125,1827.72,INR,FAILED,IN_REVIEW,BUSINESS_DECLINE,XH,Customer Account Blocked / Frozen / Dormant,HDFC Bank,HDFC,ESCALATE_TO_HUMAN,0.98,HIGH,3,1,2,3,2026-08-17T15:25:00.941835
pay_npci_00334,mer_kirana_net,Desi Kirana Network,cust_npci_00334,Sneha Reddy,sneha.reddy64@ibl,+919865714743,81.21,INR,RECOVERED,RECOVERED,TECHNICAL_DECLINE,U69,Remitter Bank System Unavailable / Switch Error,Yes Bank / PhonePe,YESB,DIRECT_GATEWAY_RETRY,0.02,LOW,17,0,1,3,2026-08-25T06:22:28.211362
pay_npci_00335,mer_quick_kart,Bharat QuickCommerce,cust_npci_00335,Gaurav Rao,gaurav.rao54@ybl,+919887489399,3650.83,INR,RECOVERED,RECOVERED,BUSINESS_DECLINE,ZA,Insufficient Funds in Customer Account,Yes Bank / PhonePe,YESB,SMART_PAYMENT_LINK,0.3398,LOW,15,0,1,3,2026-08-28T20:19:57.384735
pay_npci_00336,mer_swiggy_inst,Swiggy Instamart Partner,cust_npci_00336,Gaurav Reddy,gaurav.reddy60@ybl,+919834444850,1758.57,INR,RECOVERED,RECOVERED,BUSINESS_DECLINE,ZM,Invalid MPIN Entered by Customer,Yes Bank / PhonePe,YESB,CUSTOMER_WHATSAPP_NUDGE,0.2472,LOW,8,0,1,3,2026-08-21T19:00:07.907544
pay_npci_00337,mer_kirana_net,Desi Kirana Network,cust_npci_00337,Aditi Kulkarni,aditi.kulkarni43@okhdfcbank,+919876578933,432.2,INR,RECOVERED,RECOVERED,BUSINESS_DECLINE,ZM,Invalid MPIN Entered by Customer,HDFC Bank,HDFC,CUSTOMER_WHATSAPP_NUDGE,0.2913,LOW,12,0,1,3,2026-08-17T21:57:38.133179
pay_npci_00338,mer_kirana_net,Desi Kirana Network,cust_npci_00338,Vivek Banerjee,vivek.banerjee41@okhdfcbank,+919842728088,405.24,INR,RECOVERED,RECOVERED,BUSINESS_DECLINE,ZA,Insufficient Funds in Customer Account,HDFC Bank,HDFC,SMART_PAYMENT_LINK,0.3098,LOW,10,0,1,3,2026-08-10T13:27:25.553630
pay_npci_00339,mer_demo_apex,Apex Retail India Ltd,cust_npci_00339,Priya Sharma,priya.sharma12@paytm,+919883925814,2121.94,INR,RECOVERED,RECOVERED,TECHNICAL_DECLINE,U30,Beneficiary Bank Timeout After Debit (Ambiguous),Paytm Payments Bank,PYTM,STATUS_POLL_VERIFICATION,0.3092,LOW,4,0,1,3,2026-08-17T13:09:12.759503
pay_npci_00340,mer_swiggy_inst,Swiggy Instamart Partner,cust_npci_00340,Vikram Patel,vikram.patel36@oksbi,+919881931863,1115.36,INR,RECOVERED,RECOVERED,TECHNICAL_DECLINE,SWITCH_DOWN,NPCI Central Switch Queue Congestion,State Bank of India,SBI,BACKOFF_RETRY,0.1024,LOW,4,0,1,3,2026-08-13T09:53:44.356425
pay_npci_00341,mer_swiggy_inst,Swiggy Instamart Partner,cust_npci_00341,Amit Kulkarni,amit.kulkarni86@unionbank,+919818903791,165.86,INR,FAILED,PENDING,BUSINESS_DECLINE,ZA,Insufficient Funds in Customer Account,Union Bank of India,UBI,SMART_PAYMENT_LINK,0.4493,MEDIUM,1,0,1,3,2026-08-30T14:39:17.444505
pay_npci_00342,mer_demo_apex,Apex Retail India Ltd,cust_npci_00342,Pooja Chopra,pooja.chopra91@hdfcbank,+919837728877,84.6,INR,FAILED,PENDING,BUSINESS_DECLINE,XH,Customer Account Blocked / Frozen / Dormant,HDFC Bank,HDFC,ESCALATE_TO_HUMAN,0.661,MEDIUM,5,0,0,3,2026-08-23T11:58:02.348933
pay_npci_00343,mer_tech_bazaar,Croma TechBazaar,cust_npci_00343,Varun Kumar,varun.kumar77@ibl,+919818167222,246.6,INR,RECOVERED,RECOVERED,BUSINESS_DECLINE,ZA,Insufficient Funds in Customer Account,Yes Bank / PhonePe,YESB,SMART_PAYMENT_LINK,0.3024,LOW,17,0,1,3,2026-08-08T11:37:02.352745
pay_npci_00344,mer_quick_kart,Bharat QuickCommerce,cust_npci_00344,Isha Sharma,isha.sharma61@okhdfcbank,+919832699410,47391.57,INR,RECOVERED,RECOVERED,TECHNICAL_DECLINE,U69,Remitter Bank System Unavailable / Switch Error,HDFC Bank,HDFC,DIRECT_GATEWAY_RETRY,0.3051,LOW,0,0,1,3,2026-08-26T11:34:26.352511
pay_npci_00345,mer_quick_kart,Bharat QuickCommerce,cust_npci_00345,Aarav Kulkarni,aarav.kulkarni24@unionbank,+919828022095,330.41,INR,FAILED,PENDING,BUSINESS_DECLINE,ZA,Insufficient Funds in Customer Account,Union Bank of India,UBI,SMART_PAYMENT_LINK,0.4284,MEDIUM,1,0,1,3,2026-08-27T11:36:37.327791
pay_npci_00346,mer_quick_kart,Bharat QuickCommerce,cust_npci_00346,Sanjay Gupta,sanjay.gupta64@okaxis,+919835994492,2530.22,INR,FAILED,PENDING,BUSINESS_DECLINE,ZA,Insufficient Funds in Customer Account,Axis Bank,AXIS,SMART_PAYMENT_LINK,0.4427,MEDIUM,0,0,0,3,2026-08-13T12:07:16.568528
pay_npci_00347,mer_tech_bazaar,Croma TechBazaar,cust_npci_00347,Rahul Chatterjee,rahul.chatterjee37@okaxis,+919885554719,501.6,INR,FAILED,PENDING,BUSINESS_DECLINE,XH,Customer Account Blocked / Frozen / Dormant,Axis Bank,AXIS,ESCALATE_TO_HUMAN,0.6744,MEDIUM,3,0,2,3,2026-08-26T15:31:15.711323
pay_npci_00348,mer_quick_kart,Bharat QuickCommerce,cust_npci_00348,Zoya Joshi,zoya.joshi41@ibl,+919871420542,21549.21,INR,FAILED,IN_REVIEW,BUSINESS_DECLINE,K1,Suspected Fraud / Excessive Velocity Anomaly,Yes Bank / PhonePe,YESB,QUARANTINE_FOR_REVIEW,0.98,HIGH,17,1,1,3,2026-08-06T18:20:58.056014
pay_npci_00349,mer_tech_bazaar,Croma TechBazaar,cust_npci_00349,Aarav Singh,aarav.singh67@okhdfcbank,+919812257769,4381.1,INR,RECOVERED,RECOVERED,BUSINESS_DECLINE,ZA,Insufficient Funds in Customer Account,HDFC Bank,HDFC,SMART_PAYMENT_LINK,0.3213,LOW,17,0,1,3,2026-08-14T11:17:53.942545
pay_npci_00350,mer_tech_bazaar,Croma TechBazaar,cust_npci_00350,Priya Chopra,priya.chopra51@paytm,+919892995185,203.06,INR,FAILED,PENDING,BUSINESS_DECLINE,ZM,Invalid MPIN Entered by Customer,Paytm Payments Bank,PYTM,CUSTOMER_WHATSAPP_NUDGE,0.2422,LOW,12,0,1,3,2026-08-25T20:29:10.971827
pay_npci_00351,mer_quick_kart,Bharat QuickCommerce,cust_npci_00351,Deepak Verma,deepak.verma74@icici,+919899726637,194.33,INR,RECOVERED,RECOVERED,BUSINESS_DECLINE,ZA,Insufficient Funds in Customer Account,ICICI Bank,ICICI,SMART_PAYMENT_LINK,0.2628,LOW,18,0,1,3,2026-09-02T20:04:04.169381
pay_npci_00352,mer_demo_apex,Apex Retail India Ltd,cust_npci_00352,Deepak Desai,deepak.desai62@sbi,+919849168664,272.77,INR,FAILED,PENDING,BUSINESS_DECLINE,ZM,Invalid MPIN Entered by Customer,State Bank of India,SBI,CUSTOMER_WHATSAPP_NUDGE,0.4111,MEDIUM,2,0,0,3,2026-08-19T19:35:27.021889
pay_npci_00353,mer_quick_kart,Bharat QuickCommerce,cust_npci_00353,Amit Kulkarni,amit.kulkarni96@oksbi,+919890952241,2244.7,INR,RECOVERED,RECOVERED,BUSINESS_DECLINE,ZM,Invalid MPIN Entered by Customer,State Bank of India,SBI,CUSTOMER_WHATSAPP_NUDGE,0.2953,LOW,12,0,1,3,2026-08-26T13:27:39.420354
pay_npci_00354,mer_demo_apex,Apex Retail India Ltd,cust_npci_00354,Kavita Nair,kavita.nair34@okicici,+919871079839,441.05,INR,RECOVERED,RECOVERED,BUSINESS_DECLINE,ZA,Insufficient Funds in Customer Account,ICICI Bank,ICICI,SMART_PAYMENT_LINK,0.3322,LOW,8,0,1,3,2026-09-03T12:59:31.260517
pay_npci_00355,mer_quick_kart,Bharat QuickCommerce,cust_npci_00355,Kiran Chatterjee,kiran.chatterjee62@barodampay,+919876934680,45.91,INR,FAILED,IN_REVIEW,BUSINESS_DECLINE,K1,Suspected Fraud / Excessive Velocity Anomaly,Bank of Baroda,BOB,QUARANTINE_FOR_REVIEW,0.98,HIGH,5,1,2,3,2026-08-19T11:50:03.078079
pay_npci_00356,mer_demo_apex,Apex Retail India Ltd,cust_npci_00356,Sunil Rao,sunil.rao53@hdfcbank,+919846619851,341.48,INR,RECOVERED,RECOVERED,TECHNICAL_DECLINE,U69,Remitter Bank System Unavailable / Switch Error,HDFC Bank,HDFC,DIRECT_GATEWAY_RETRY,0.0729,LOW,4,0,1,3,2026-08-06T17:20:43.826309
pay_npci_00357,mer_kirana_net,Desi Kirana Network,cust_npci_00357,Priya Desai,priya.desai89@ybl,+919837723175,253.76,INR,RECOVERED,RECOVERED,TECHNICAL_DECLINE,U30,Beneficiary Bank Timeout After Debit (Ambiguous),Yes Bank / PhonePe,YESB,STATUS_POLL_VERIFICATION,0.2153,LOW,15,0,1,3,2026-08-25T13:27:56.015067
pay_npci_00358,mer_tech_bazaar,Croma TechBazaar,cust_npci_00358,Aditi Gupta,aditi.gupta21@okicici,+919866463488,173.58,INR,RECOVERED,RECOVERED,BUSINESS_DECLINE,ZA,Insufficient Funds in Customer Account,ICICI Bank,ICICI,SMART_PAYMENT_LINK,0.2649,LOW,6,0,1,3,2026-08-22T16:38:15.967391
pay_npci_00359,mer_tech_bazaar,Croma TechBazaar,cust_npci_00359,Gaurav Nair,gaurav.nair43@okaxis,+919839894053,1063.3,INR,FAILED,PENDING,BUSINESS_DECLINE,ZA,Insufficient Funds in Customer Account,Axis Bank,AXIS,SMART_PAYMENT_LINK,0.4071,MEDIUM,0,0,2,3,2026-09-02T06:53:29.928325
pay_npci_00360,mer_tech_bazaar,Croma TechBazaar,cust_npci_00360,Isha Mehta,isha.mehta87@paytm,+919896167382,96.84,INR,RECOVERED,RECOVERED,TECHNICAL_DECLINE,U69,Remitter Bank System Unavailable / Switch Error,Paytm Payments Bank,PYTM,DIRECT_GATEWAY_RETRY,0.02,LOW,16,0,1,3,2026-08-21T19:25:38.017580
pay_npci_00361,mer_demo_apex,Apex Retail India Ltd,cust_npci_00361,Varun Kumar,varun.kumar16@sbi,+919825574289,184.93,INR,FAILED,PENDING,BUSINESS_DECLINE,ZA,Insufficient Funds in Customer Account,State Bank of India,SBI,SMART_PAYMENT_LINK,0.4133,MEDIUM,5,0,1,3,2026-09-04T22:21:16.531999
pay_npci_00362,mer_kirana_net,Desi Kirana Network,cust_npci_00362,Isha Patel,isha.patel54@paytm,+919834750129,358.24,INR,RECOVERED,RECOVERED,BUSINESS_DECLINE,ZA,Insufficient Funds in Customer Account,Paytm Payments Bank,PYTM,SMART_PAYMENT_LINK,0.2765,LOW,12,0,1,3,2026-08-08T10:24:49.767046
pay_npci_00363,mer_demo_apex,Apex Retail India Ltd,cust_npci_00363,Varun Nair,varun.nair87@okaxis,+919872536963,413.0,INR,RECOVERED,RECOVERED,BUSINESS_DECLINE,ZM,Invalid MPIN Entered by Customer,Axis Bank,AXIS,CUSTOMER_WHATSAPP_NUDGE,0.2531,LOW,17,0,1,3,2026-08-28T10:27:37.750063
pay_npci_00364,mer_swiggy_inst,Swiggy Instamart Partner,cust_npci_00364,Isha Mehta,isha.mehta90@icici,+919839822606,55.38,INR,RECOVERED,RECOVERED,TECHNICAL_DECLINE,BT,Issuer Switch Timeout During 2FA Verification,ICICI Bank,ICICI,DIRECT_GATEWAY_RETRY,0.0256,LOW,16,0,1,3,2026-08-20T14:31:11.969690
pay_npci_00365,mer_swiggy_inst,Swiggy Instamart Partner,cust_npci_00365,Varun Chopra,varun.chopra50@hdfcbank,+919889030150,19771.89,INR,RECOVERED,RECOVERED,TECHNICAL_DECLINE,U69,Remitter Bank System Unavailable / Switch Error,HDFC Bank,HDFC,DIRECT_GATEWAY_RETRY,0.0706,LOW,0,0,1,3,2026-08-20T20:37:25.855072
pay_npci_00366,mer_demo_apex,Apex Retail India Ltd,cust_npci_00366,Isha Sharma,isha.sharma68@axisbank,+919835690754,4012.0,INR,RECOVERED,RECOVERED,BUSINESS_DECLINE,ZM,Invalid MPIN Entered by Customer,Axis Bank,AXIS,CUSTOMER_WHATSAPP_NUDGE,0.2341,LOW,13,0,1,3,2026-08-09T18:54:46.613393
pay_npci_00367,mer_tech_bazaar,Croma TechBazaar,cust_npci_00367,Tanvi Mehta,tanvi.mehta13@okicici,+919864824831,493.63,INR,RECOVERED,RECOVERED,TECHNICAL_DECLINE,U30,Beneficiary Bank Timeout After Debit (Ambiguous),ICICI Bank,ICICI,STATUS_POLL_VERIFICATION,0.3054,LOW,3,0,1,3,2026-08-06T11:01:13.407648
pay_npci_00368,mer_swiggy_inst,Swiggy Instamart Partner,cust_npci_00368,Amit Chatterjee,amit.chatterjee56@okpnb,+919853622314,3830.53,INR,RECOVERED,RECOVERED,TECHNICAL_DECLINE,SWITCH_DOWN,NPCI Central Switch Queue Congestion,Punjab National Bank,PNB,BACKOFF_RETRY,0.1424,LOW,3,0,1,3,2026-08-13T11:46:38.011697
pay_npci_00369,mer_quick_kart,Bharat QuickCommerce,cust_npci_00369,Gaurav Desai,gaurav.desai63@paytm,+919891760400,4020.87,INR,RECOVERED,RECOVERED,TECHNICAL_DECLINE,U69,Remitter Bank System Unavailable / Switch Error,Paytm Payments Bank,PYTM,DIRECT_GATEWAY_RETRY,0.0722,LOW,4,0,1,3,2026-08-29T10:04:08.086187
pay_npci_00370,mer_quick_kart,Bharat QuickCommerce,cust_npci_00370,Priya Nair,priya.nair14@sbi,+919893947938,440.48,INR,RECOVERED,RECOVERED,TECHNICAL_DECLINE,BT,Issuer Switch Timeout During 2FA Verification,State Bank of India,SBI,DIRECT_GATEWAY_RETRY,0.0407,LOW,7,0,1,3,2026-08-21T19:14:28.049360
pay_npci_00371,mer_kirana_net,Desi Kirana Network,cust_npci_00371,Ananya Chopra,ananya.chopra46@okicici,+919841212018,90.5,INR,RECOVERED,RECOVERED,BUSINESS_DECLINE,ZM,Invalid MPIN Entered by Customer,ICICI Bank,ICICI,CUSTOMER_WHATSAPP_NUDGE,0.3402,LOW,3,0,1,3,2026-08-17T08:21:27.125950
pay_npci_00372,mer_demo_apex,Apex Retail India Ltd,cust_npci_00372,Varun Chatterjee,varun.chatterjee96@sbi,+919816845345,271.14,INR,RECOVERED,RECOVERED,BUSINESS_DECLINE,U19,Daily Per-Transaction or Cumulative Limit Exceeded,State Bank of India,SBI,SMART_PAYMENT_LINK,0.3055,LOW,14,0,1,3,2026-08-14T13:04:44.607144
pay_npci_00373,mer_swiggy_inst,Swiggy Instamart Partner,cust_npci_00373,Aarav Kumar,aarav.kumar74@icici,+919899240436,3110.56,INR,RECOVERED,RECOVERED,TECHNICAL_DECLINE,U69,Remitter Bank System Unavailable / Switch Error,ICICI Bank,ICICI,DIRECT_GATEWAY_RETRY,0.3186,LOW,9,1,1,3,2026-08-23T09:27:09.462623
pay_npci_00374,mer_swiggy_inst,Swiggy Instamart Partner,cust_npci_00374,Neha Kumar,neha.kumar52@okicici,+919853650317,172.1,INR,FAILED,PENDING,BUSINESS_DECLINE,ZM,Invalid MPIN Entered by Customer,ICICI Bank,ICICI,CUSTOMER_WHATSAPP_NUDGE,0.3774,MEDIUM,5,0,0,3,2026-08-09T15:26:55.592043
pay_npci_00375,mer_swiggy_inst,Swiggy Instamart Partner,cust_npci_00375,Sunil Verma,sunil.verma27@paytm,+919853317586,157.29,INR,RECOVERED,RECOVERED,TECHNICAL_DECLINE,U69,Remitter Bank System Unavailable / Switch Error,Paytm Payments Bank,PYTM,DIRECT_GATEWAY_RETRY,0.0862,LOW,3,0,1,3,2026-08-30T17:13:23.413126
pay_npci_00376,mer_demo_apex,Apex Retail India Ltd,cust_npci_00376,Varun Kulkarni,varun.kulkarni36@okpnb,+919858243729,3517.87,INR,RECOVERED,RECOVERED,TECHNICAL_DECLINE,U30,Beneficiary Bank Timeout After Debit (Ambiguous),Punjab National Bank,PNB,STATUS_POLL_VERIFICATION,0.1619,LOW,13,0,1,3,2026-08-25T13:14:05.750201
pay_npci_00377,mer_demo_apex,Apex Retail India Ltd,cust_npci_00377,Pooja Rao,pooja.rao78@axisbank,+919810902795,67709.08,INR,FAILED,IN_REVIEW,BUSINESS_DECLINE,K1,Suspected Fraud / Excessive Velocity Anomaly,Axis Bank,AXIS,QUARANTINE_FOR_REVIEW,0.98,HIGH,4,1,2,3,2026-08-11T13:23:49.575339
pay_npci_00378,mer_kirana_net,Desi Kirana Network,cust_npci_00378,Manish Desai,manish.desai84@okicici,+919813336870,289.48,INR,RECOVERED,RECOVERED,BUSINESS_DECLINE,ZA,Insufficient Funds in Customer Account,ICICI Bank,ICICI,SMART_PAYMENT_LINK,0.2878,LOW,18,0,1,3,2026-08-16T19:50:23.259621
pay_npci_00379,mer_tech_bazaar,Croma TechBazaar,cust_npci_00379,Pooja Reddy,pooja.reddy47@barodampay,+919830645846,14855.92,INR,RECOVERED,RECOVERED,BUSINESS_DECLINE,U19,Daily Per-Transaction or Cumulative Limit Exceeded,Bank of Baroda,BOB,SMART_PAYMENT_LINK,0.2987,LOW,8,0,1,3,2026-09-04T14:14:02.153457
pay_npci_00380,mer_tech_bazaar,Croma TechBazaar,cust_npci_00380,Zoya Kumar,zoya.kumar97@icici,+919848915171,68.16,INR,RECOVERED,RECOVERED,TECHNICAL_DECLINE,U69,Remitter Bank System Unavailable / Switch Error,ICICI Bank,ICICI,DIRECT_GATEWAY_RETRY,0.02,LOW,12,0,1,3,2026-08-09T20:14:54.718229
pay_npci_00381,mer_quick_kart,Bharat QuickCommerce,cust_npci_00381,Pooja Kulkarni,pooja.kulkarni71@icici,+919884980126,3711.55,INR,RECOVERED,RECOVERED,BUSINESS_DECLINE,ZA,Insufficient Funds in Customer Account,ICICI Bank,ICICI,SMART_PAYMENT_LINK,0.3213,LOW,8,0,1,3,2026-09-01T17:09:38.534273
pay_npci_00382,mer_demo_apex,Apex Retail India Ltd,cust_npci_00382,Kiran Patel,kiran.patel22@paytm,+919895952082,17397.5,INR,RECOVERED,RECOVERED,TECHNICAL_DECLINE,U69,Remitter Bank System Unavailable / Switch Error,Paytm Payments Bank,PYTM,DIRECT_GATEWAY_RETRY,0.0718,LOW,2,0,1,3,2026-08-23T10:48:25.508528
pay_npci_00383,mer_quick_kart,Bharat QuickCommerce,cust_npci_00383,Sunil Singh,sunil.singh77@okicici,+919835786908,1102.16,INR,FAILED,IN_REVIEW,BUSINESS_DECLINE,K1,Suspected Fraud / Excessive Velocity Anomaly,ICICI Bank,ICICI,QUARANTINE_FOR_REVIEW,0.98,HIGH,13,1,0,3,2026-09-04T00:23:48.788666
pay_npci_00384,mer_kirana_net,Desi Kirana Network,cust_npci_00384,Gaurav Sharma,gaurav.sharma10@okicici,+919892266122,388.6,INR,RECOVERED,RECOVERED,BUSINESS_DECLINE,ZM,Invalid MPIN Entered by Customer,ICICI Bank,ICICI,CUSTOMER_WHATSAPP_NUDGE,0.2958,LOW,11,0,1,3,2026-08-28T18:00:06.505604
pay_npci_00385,mer_kirana_net,Desi Kirana Network,cust_npci_00385,Neha Patel,neha.patel99@hdfcbank,+919865897786,439.84,INR,FAILED,PENDING,TECHNICAL_DECLINE,BT,Issuer Switch Timeout During 2FA Verification,HDFC Bank,HDFC,DIRECT_GATEWAY_RETRY,0.057,LOW,18,0,0,3,2026-08-15T21:53:48.666770
pay_npci_00386,mer_quick_kart,Bharat QuickCommerce,cust_npci_00386,Ananya Kumar,ananya.kumar70@okhdfcbank,+919857796373,114.28,INR,RECOVERED,RECOVERED,BUSINESS_DECLINE,U19,Daily Per-Transaction or Cumulative Limit Exceeded,HDFC Bank,HDFC,SMART_PAYMENT_LINK,0.3026,LOW,12,0,1,3,2026-08-27T13:30:20.949458
pay_npci_00387,mer_swiggy_inst,Swiggy Instamart Partner,cust_npci_00387,Varun Joshi,varun.joshi13@icici,+919824483523,435.96,INR,RECOVERED,RECOVERED,BUSINESS_DECLINE,ZM,Invalid MPIN Entered by Customer,ICICI Bank,ICICI,CUSTOMER_WHATSAPP_NUDGE,0.2807,LOW,8,0,1,3,2026-08-12T16:14:53.059934
pay_npci_00388,mer_swiggy_inst,Swiggy Instamart Partner,cust_npci_00388,Sanjay Gupta,sanjay.gupta21@okhdfcbank,+919850696774,501.86,INR,FAILED,IN_REVIEW,BUSINESS_DECLINE,ZA,Insufficient Funds in Customer Account,HDFC Bank,HDFC,SMART_PAYMENT_LINK,0.7459,HIGH,0,1,1,3,2026-08-27T18:17:11.964429
pay_npci_00389,mer_demo_apex,Apex Retail India Ltd,cust_npci_00389,Ananya Chatterjee,ananya.chatterjee25@icici,+919813413466,249.02,INR,RECOVERED,RECOVERED,BUSINESS_DECLINE,ZA,Insufficient Funds in Customer Account,ICICI Bank,ICICI,SMART_PAYMENT_LINK,0.2818,LOW,16,0,1,3,2026-08-31T13:37:25.536980
pay_npci_00390,mer_swiggy_inst,Swiggy Instamart Partner,cust_npci_00390,Ananya Chatterjee,ananya.chatterjee32@okicici,+919833576842,275.19,INR,RECOVERED,RECOVERED,BUSINESS_DECLINE,ZA,Insufficient Funds in Customer Account,ICICI Bank,ICICI,SMART_PAYMENT_LINK,0.2806,LOW,17,0,1,3,2026-08-17T20:38:02.729724
pay_npci_00391,mer_quick_kart,Bharat QuickCommerce,cust_npci_00391,Rahul Mehta,rahul.mehta23@icici,+919822277648,39.93,INR,FAILED,PENDING,BUSINESS_DECLINE,ZA,Insufficient Funds in Customer Account,ICICI Bank,ICICI,SMART_PAYMENT_LINK,0.4153,MEDIUM,2,0,0,3,2026-08-20T18:05:54.477324
pay_npci_00392,mer_quick_kart,Bharat QuickCommerce,cust_npci_00392,Tanvi Rao,tanvi.rao15@okicici,+919891074444,206.39,INR,RECOVERED,RECOVERED,BUSINESS_DECLINE,ZA,Insufficient Funds in Customer Account,ICICI Bank,ICICI,SMART_PAYMENT_LINK,0.3289,LOW,12,0,1,3,2026-08-16T12:00:16.073626
pay_npci_00393,mer_quick_kart,Bharat QuickCommerce,cust_npci_00393,Gaurav Kumar,gaurav.kumar17@hdfcbank,+919841728666,1964.12,INR,FAILED,PENDING,BUSINESS_DECLINE,ZM,Invalid MPIN Entered by Customer,HDFC Bank,HDFC,CUSTOMER_WHATSAPP_NUDGE,0.381,MEDIUM,0,0,1,3,2026-08-13T10:11:00.695609
pay_npci_00394,mer_demo_apex,Apex Retail India Ltd,cust_npci_00394,Isha Gupta,isha.gupta29@kotak,+919844670438,142.89,INR,RECOVERED,RECOVERED,BUSINESS_DECLINE,ZA,Insufficient Funds in Customer Account,Kotak Mahindra Bank,KKBK,SMART_PAYMENT_LINK,0.2862,LOW,11,0,1,3,2026-09-02T20:13:26.722018
pay_npci_00395,mer_quick_kart,Bharat QuickCommerce,cust_npci_00395,Ananya Nair,ananya.nair76@hdfcbank,+919856787703,466.36,INR,RECOVERED,RECOVERED,TECHNICAL_DECLINE,U30,Beneficiary Bank Timeout After Debit (Ambiguous),HDFC Bank,HDFC,STATUS_POLL_VERIFICATION,0.1931,LOW,12,0,1,3,2026-08-06T07:01:32.880269
pay_npci_00396,mer_kirana_net,Desi Kirana Network,cust_npci_00396,Ananya Desai,ananya.desai56@oksbi,+919854167198,386.93,INR,RECOVERED,RECOVERED,TECHNICAL_DECLINE,U69,Remitter Bank System Unavailable / Switch Error,State Bank of India,SBI,DIRECT_GATEWAY_RETRY,0.02,LOW,9,0,1,3,2026-08-16T21:11:57.125261
pay_npci_00397,mer_kirana_net,Desi Kirana Network,cust_npci_00397,Deepak Chatterjee,deepak.chatterjee47@oksbi,+919849544594,269.44,INR,FAILED,PENDING,BUSINESS_DECLINE,ZM,Invalid MPIN Entered by Customer,State Bank of India,SBI,CUSTOMER_WHATSAPP_NUDGE,0.5916,MEDIUM,9,1,1,3,2026-08-31T16:51:16.068949
pay_npci_00398,mer_kirana_net,Desi Kirana Network,cust_npci_00398,Vikram Verma,vikram.verma40@sbi,+919894813305,338.01,INR,RECOVERED,RECOVERED,TECHNICAL_DECLINE,U69,Remitter Bank System Unavailable / Switch Error,State Bank of India,SBI,DIRECT_GATEWAY_RETRY,0.02,LOW,11,0,1,3,2026-08-30T17:07:07.021450
pay_npci_00399,mer_quick_kart,Bharat QuickCommerce,cust_npci_00399,Zoya Banerjee,zoya.banerjee97@axisbank,+919889556611,467.41,INR,FAILED,PENDING,BUSINESS_DECLINE,ZA,Insufficient Funds in Customer Account,Axis Bank,AXIS,SMART_PAYMENT_LINK,0.3269,LOW,14,0,0,3,2026-08-09T23:59:18.275670
pay_npci_00400,mer_quick_kart,Bharat QuickCommerce,cust_npci_00400,Gaurav Kumar,gaurav.kumar43@okaxis,+919818358002,409.45,INR,RECOVERED,RECOVERED,TECHNICAL_DECLINE,U69,Remitter Bank System Unavailable / Switch Error,Axis Bank,AXIS,DIRECT_GATEWAY_RETRY,0.1311,LOW,5,0,1,3,2026-08-13T21:42:22.074634
pay_npci_00401,mer_demo_apex,Apex Retail India Ltd,cust_npci_00401,Rahul Singh,rahul.singh24@okaxis,+919827658405,3837.08,INR,FAILED,PENDING,BUSINESS_DECLINE,XH,Customer Account Blocked / Frozen / Dormant,Axis Bank,AXIS,ESCALATE_TO_HUMAN,0.5577,MEDIUM,11,0,2,3,2026-08-13T18:24:48.667831
pay_npci_00402,mer_kirana_net,Desi Kirana Network,cust_npci_00402,Manish Singh,manish.singh24@oksbi,+919826540462,10915.07,INR,FAILED,PENDING,BUSINESS_DECLINE,ZA,Insufficient Funds in Customer Account,State Bank of India,SBI,SMART_PAYMENT_LINK,0.4376,MEDIUM,4,0,1,3,2026-08-10T11:45:24.722569
pay_npci_00403,mer_tech_bazaar,Croma TechBazaar,cust_npci_00403,Ananya Rao,ananya.rao29@paytm,+919820774840,168.16,INR,RECOVERED,RECOVERED,BUSINESS_DECLINE,ZA,Insufficient Funds in Customer Account,Paytm Payments Bank,PYTM,SMART_PAYMENT_LINK,0.2993,LOW,7,0,1,3,2026-08-18T19:55:17.046888
pay_npci_00404,mer_demo_apex,Apex Retail India Ltd,cust_npci_00404,Zoya Kumar,zoya.kumar38@sbi,+919824060205,94.61,INR,RECOVERED,RECOVERED,BUSINESS_DECLINE,ZM,Invalid MPIN Entered by Customer,State Bank of India,SBI,CUSTOMER_WHATSAPP_NUDGE,0.2504,LOW,10,0,1,3,2026-09-03T13:20:10.391159
pay_npci_00405,mer_kirana_net,Desi Kirana Network,cust_npci_00405,Pranav Patel,pranav.patel45@icici,+919848393541,96.73,INR,RECOVERED,RECOVERED,BUSINESS_DECLINE,ZA,Insufficient Funds in Customer Account,ICICI Bank,ICICI,SMART_PAYMENT_LINK,0.2655,LOW,12,0,1,3,2026-08-19T11:25:25.915104
pay_npci_00406,mer_swiggy_inst,Swiggy Instamart Partner,cust_npci_00406,Isha Banerjee,isha.banerjee85@ybl,+919875532318,2290.59,INR,FAILED,PENDING,BUSINESS_DECLINE,XH,Customer Account Blocked / Frozen / Dormant,Yes Bank / PhonePe,YESB,ESCALATE_TO_HUMAN,0.6821,MEDIUM,4,0,2,3,2026-08-18T21:17:37.217147
pay_npci_00407,mer_quick_kart,Bharat QuickCommerce,cust_npci_00407,Sneha Chatterjee,sneha.chatterjee86@okpnb,+919891531273,4030.63,INR,RECOVERED,RECOVERED,BUSINESS_DECLINE,ZA,Insufficient Funds in Customer Account,Punjab National Bank,PNB,SMART_PAYMENT_LINK,0.3223,LOW,9,0,1,3,2026-08-10T13:53:12.160468
pay_npci_00408,mer_tech_bazaar,Croma TechBazaar,cust_npci_00408,Isha Rao,isha.rao75@okhdfcbank,+919858178569,434.2,INR,FAILED,PENDING,BUSINESS_DECLINE,XH,Customer Account Blocked / Frozen / Dormant,HDFC Bank,HDFC,ESCALATE_TO_HUMAN,0.6792,MEDIUM,5,0,2,3,2026-08-30T15:51:33.647950
pay_npci_00409,mer_demo_apex,Apex Retail India Ltd,cust_npci_00409,Isha Kumar,isha.kumar55@okhdfcbank,+919894486649,4292.95,INR,RECOVERED,RECOVERED,BUSINESS_DECLINE,U19,Daily Per-Transaction or Cumulative Limit Exceeded,HDFC Bank,HDFC,SMART_PAYMENT_LINK,0.2998,LOW,15,0,1,3,2026-08-21T09:13:11.300139
pay_npci_00410,mer_demo_apex,Apex Retail India Ltd,cust_npci_00410,Manish Nair,manish.nair68@paytm,+919872899376,206.79,INR,RECOVERED,RECOVERED,BUSINESS_DECLINE,ZA,Insufficient Funds in Customer Account,Paytm Payments Bank,PYTM,SMART_PAYMENT_LINK,0.3187,LOW,15,0,1,3,2026-08-11T22:50:02.828878
pay_npci_00411,mer_kirana_net,Desi Kirana Network,cust_npci_00411,Isha Chatterjee,isha.chatterjee73@okhdfcbank,+919835866034,164.9,INR,RECOVERED,RECOVERED,BUSINESS_DECLINE,ZA,Insufficient Funds in Customer Account,HDFC Bank,HDFC,SMART_PAYMENT_LINK,0.3024,LOW,18,0,1,3,2026-08-30T03:26:56.333856
pay_npci_00412,mer_kirana_net,Desi Kirana Network,cust_npci_00412,Priya Nair,priya.nair41@okhdfcbank,+919843718232,978.56,INR,RECOVERED,RECOVERED,BUSINESS_DECLINE,ZM,Invalid MPIN Entered by Customer,HDFC Bank,HDFC,CUSTOMER_WHATSAPP_NUDGE,0.2287,LOW,8,0,1,3,2026-08-13T16:46:53.626669
pay_npci_00413,mer_demo_apex,Apex Retail India Ltd,cust_npci_00413,Aarav Chatterjee,aarav.chatterjee82@paytm,+919899636776,134.86,INR,FAILED,PENDING,BUSINESS_DECLINE,XH,Customer Account Blocked / Frozen / Dormant,Paytm Payments Bank,PYTM,ESCALATE_TO_HUMAN,0.6738,MEDIUM,5,0,1,3,2026-08-13T21:39:38.796233
pay_npci_00414,mer_kirana_net,Desi Kirana Network,cust_npci_00414,Manish Kumar,manish.kumar69@barodampay,+919824520825,368.06,INR,RECOVERED,RECOVERED,BUSINESS_DECLINE,ZA,Insufficient Funds in Customer Account,Bank of Baroda,BOB,SMART_PAYMENT_LINK,0.3345,LOW,15,0,1,3,2026-08-18T18:41:18.718224
pay_npci_00415,mer_kirana_net,Desi Kirana Network,cust_npci_00415,Isha Mehta,isha.mehta17@unionbank,+919871740122,433.25,INR,FAILED,PENDING,BUSINESS_DECLINE,ZA,Insufficient Funds in Customer Account,Union Bank of India,UBI,SMART_PAYMENT_LINK,0.6711,MEDIUM,15,1,0,3,2026-08-17T11:22:09.660674
pay_npci_00416,mer_quick_kart,Bharat QuickCommerce,cust_npci_00416,Vikram Kumar,vikram.kumar68@okpnb,+919856428564,153.92,INR,RECOVERED,RECOVERED,TECHNICAL_DECLINE,BT,Issuer Switch Timeout During 2FA Verification,Punjab National Bank,PNB,DIRECT_GATEWAY_RETRY,0.02,LOW,12,0,1,3,2026-08-27T20:20:05.793447
pay_npci_00417,mer_tech_bazaar,Croma TechBazaar,cust_npci_00417,Aarav Sharma,aarav.sharma25@hdfcbank,+919857793598,51115.66,INR,RECOVERED,RECOVERED,TECHNICAL_DECLINE,BT,Issuer Switch Timeout During 2FA Verification,HDFC Bank,HDFC,DIRECT_GATEWAY_RETRY,0.2244,LOW,12,0,1,3,2026-08-07T12:31:16.778024
pay_npci_00418,mer_tech_bazaar,Croma TechBazaar,cust_npci_00418,Ananya Mehta,ananya.mehta80@sbi,+919847123926,442.73,INR,FAILED,PENDING,BUSINESS_DECLINE,XH,Customer Account Blocked / Frozen / Dormant,State Bank of India,SBI,ESCALATE_TO_HUMAN,0.5616,MEDIUM,8,0,0,3,2026-09-01T10:49:32.420218
pay_npci_00419,mer_swiggy_inst,Swiggy Instamart Partner,cust_npci_00419,Pranav Kulkarni,pranav.kulkarni88@sbi,+919860326218,337.34,INR,RECOVERED,RECOVERED,BUSINESS_DECLINE,ZM,Invalid MPIN Entered by Customer,State Bank of India,SBI,CUSTOMER_WHATSAPP_NUDGE,0.2314,LOW,17,0,1,3,2026-08-25T11:47:49.478559
pay_npci_00420,mer_quick_kart,Bharat QuickCommerce,cust_npci_00420,Amit Mehta,amit.mehta95@paytm,+919893676313,248.26,INR,FAILED,IN_REVIEW,BUSINESS_DECLINE,U19,Daily Per-Transaction or Cumulative Limit Exceeded,Paytm Payments Bank,PYTM,SMART_PAYMENT_LINK,0.8004,HIGH,2,1,2,3,2026-08-06T21:07:54.320692
pay_npci_00421,mer_quick_kart,Bharat QuickCommerce,cust_npci_00421,Kavita Kulkarni,kavita.kulkarni59@barodampay,+919833023542,2272.0,INR,RECOVERED,RECOVERED,BUSINESS_DECLINE,ZA,Insufficient Funds in Customer Account,Bank of Baroda,BOB,SMART_PAYMENT_LINK,0.2734,LOW,16,0,1,3,2026-08-09T09:42:17.124181
pay_npci_00422,mer_quick_kart,Bharat QuickCommerce,cust_npci_00422,Vikram Chopra,vikram.chopra57@ibl,+919889116247,489.66,INR,RECOVERED,RECOVERED,TECHNICAL_DECLINE,U69,Remitter Bank System Unavailable / Switch Error,Yes Bank / PhonePe,YESB,DIRECT_GATEWAY_RETRY,0.02,LOW,15,0,1,3,2026-08-26T11:19:10.137525
pay_npci_00423,mer_swiggy_inst,Swiggy Instamart Partner,cust_npci_00423,Rohan Banerjee,rohan.banerjee40@sbi,+919815376145,2799.74,INR,FAILED,IN_REVIEW,BUSINESS_DECLINE,K1,Suspected Fraud / Excessive Velocity Anomaly,State Bank of India,SBI,QUARANTINE_FOR_REVIEW,0.98,HIGH,12,1,1,3,2026-08-20T11:23:36.293118
pay_npci_00424,mer_tech_bazaar,Croma TechBazaar,cust_npci_00424,Manish Chatterjee,manish.chatterjee72@paytm,+919824608372,332.42,INR,RECOVERED,RECOVERED,TECHNICAL_DECLINE,BT,Issuer Switch Timeout During 2FA Verification,Paytm Payments Bank,PYTM,DIRECT_GATEWAY_RETRY,0.332,LOW,18,1,1,3,2026-08-07T05:14:44.261472
pay_npci_00425,mer_demo_apex,Apex Retail India Ltd,cust_npci_00425,Ananya Chopra,ananya.chopra40@barodampay,+919856903559,125.82,INR,FAILED,PENDING,BUSINESS_DECLINE,ZA,Insufficient Funds in Customer Account,Bank of Baroda,BOB,SMART_PAYMENT_LINK,0.426,MEDIUM,2,0,2,3,2026-08-30T12:16:39.353310
pay_npci_00426,mer_tech_bazaar,Croma TechBazaar,cust_npci_00426,Amit Kumar,amit.kumar15@axisbank,+919897900577,2072.6,INR,FAILED,PENDING,TECHNICAL_DECLINE,U69,Remitter Bank System Unavailable / Switch Error,Axis Bank,AXIS,DIRECT_GATEWAY_RETRY,0.02,LOW,14,0,0,3,2026-08-29T11:53:46.636335
pay_npci_00427,mer_demo_apex,Apex Retail India Ltd,cust_npci_00427,Aditi Verma,aditi.verma18@oksbi,+919851473140,477.04,INR,RECOVERED,RECOVERED,BUSINESS_DECLINE,ZM,Invalid MPIN Entered by Customer,State Bank of India,SBI,CUSTOMER_WHATSAPP_NUDGE,0.272,LOW,6,0,1,3,2026-09-04T20:53:10.990770
pay_npci_00428,mer_swiggy_inst,Swiggy Instamart Partner,cust_npci_00428,Pooja Mehta,pooja.mehta52@sbi,+919897661482,596.55,INR,RECOVERED,RECOVERED,TECHNICAL_DECLINE,BT,Issuer Switch Timeout During 2FA Verification,State Bank of India,SBI,DIRECT_GATEWAY_RETRY,0.1616,LOW,4,0,1,3,2026-08-11T09:10:48.658044
pay_npci_00429,mer_demo_apex,Apex Retail India Ltd,cust_npci_00429,Ananya Patel,ananya.patel59@hdfcbank,+919843788222,269.71,INR,FAILED,PENDING,BUSINESS_DECLINE,ZA,Insufficient Funds in Customer Account,HDFC Bank,HDFC,SMART_PAYMENT_LINK,0.4177,MEDIUM,2,0,2,3,2026-08-14T13:07:50.950481
pay_npci_00430,mer_swiggy_inst,Swiggy Instamart Partner,cust_npci_00430,Varun Verma,varun.verma23@ibl,+919889101428,49726.9,INR,RECOVERED,RECOVERED,TECHNICAL_DECLINE,BT,Issuer Switch Timeout During 2FA Verification,Yes Bank / PhonePe,YESB,DIRECT_GATEWAY_RETRY,0.2055,LOW,6,0,1,3,2026-08-09T17:41:54.942442
pay_npci_00431,mer_kirana_net,Desi Kirana Network,cust_npci_00431,Vivek Desai,vivek.desai50@barodampay,+919814347760,468.89,INR,FAILED,IN_REVIEW,BUSINESS_DECLINE,XH,Customer Account Blocked / Frozen / Dormant,Bank of Baroda,BOB,ESCALATE_TO_HUMAN,0.7164,HIGH,1,0,2,3,2026-08-10T22:12:12.322956
pay_npci_00432,mer_kirana_net,Desi Kirana Network,cust_npci_00432,Tanvi Nair,tanvi.nair21@unionbank,+919898638467,289.93,INR,FAILED,PENDING,BUSINESS_DECLINE,U19,Daily Per-Transaction or Cumulative Limit Exceeded,Union Bank of India,UBI,SMART_PAYMENT_LINK,0.4165,MEDIUM,4,0,0,3,2026-08-10T19:41:06.020206
pay_npci_00433,mer_kirana_net,Desi Kirana Network,cust_npci_00433,Tanvi Kulkarni,tanvi.kulkarni81@paytm,+919871023272,687.38,INR,RECOVERED,RECOVERED,TECHNICAL_DECLINE,U69,Remitter Bank System Unavailable / Switch Error,Paytm Payments Bank,PYTM,DIRECT_GATEWAY_RETRY,0.02,LOW,6,0,1,3,2026-08-14T12:39:41.554149
pay_npci_00434,mer_quick_kart,Bharat QuickCommerce,cust_npci_00434,Amit Patel,amit.patel39@okaxis,+919811125180,265.71,INR,RECOVERED,RECOVERED,TECHNICAL_DECLINE,U69,Remitter Bank System Unavailable / Switch Error,Axis Bank,AXIS,DIRECT_GATEWAY_RETRY,0.02,LOW,17,0,1,3,2026-08-31T16:00:00.058004
pay_npci_00435,mer_demo_apex,Apex Retail India Ltd,cust_npci_00435,Pooja Gupta,pooja.gupta78@kotak,+919827385277,1411.98,INR,RECOVERED,RECOVERED,TECHNICAL_DECLINE,U69,Remitter Bank System Unavailable / Switch Error,Kotak Mahindra Bank,KKBK,DIRECT_GATEWAY_RETRY,0.1259,LOW,5,0,1,3,2026-08-29T19:54:38.294796
pay_npci_00436,mer_tech_bazaar,Croma TechBazaar,cust_npci_00436,Varun Joshi,varun.joshi51@barodampay,+919898698433,390.84,INR,RECOVERED,RECOVERED,TECHNICAL_DECLINE,U69,Remitter Bank System Unavailable / Switch Error,Bank of Baroda,BOB,DIRECT_GATEWAY_RETRY,0.02,LOW,6,0,1,3,2026-08-29T16:15:14.436629
pay_npci_00437,mer_quick_kart,Bharat QuickCommerce,cust_npci_00437,Kavita Sharma,kavita.sharma74@oksbi,+919893181824,36487.12,INR,FAILED,PENDING,BUSINESS_DECLINE,ZA,Insufficient Funds in Customer Account,State Bank of India,SBI,SMART_PAYMENT_LINK,0.6293,MEDIUM,0,0,2,3,2026-09-01T15:19:30.860190
pay_npci_00438,mer_tech_bazaar,Croma TechBazaar,cust_npci_00438,Amit Verma,amit.verma22@paytm,+919894914343,72.36,INR,RECOVERED,RECOVERED,BUSINESS_DECLINE,ZA,Insufficient Funds in Customer Account,Paytm Payments Bank,PYTM,SMART_PAYMENT_LINK,0.263,LOW,16,0,1,3,2026-08-18T17:43:44.012985
pay_npci_00439,mer_swiggy_inst,Swiggy Instamart Partner,cust_npci_00439,Amit Verma,amit.verma87@okhdfcbank,+919833932983,179.76,INR,RECOVERED,RECOVERED,TECHNICAL_DECLINE,U69,Remitter Bank System Unavailable / Switch Error,HDFC Bank,HDFC,DIRECT_GATEWAY_RETRY,0.0858,LOW,4,0,1,3,2026-08-12T13:23:28.385759
pay_npci_00440,mer_swiggy_inst,Swiggy Instamart Partner,cust_npci_00440,Deepak Kumar,deepak.kumar32@oksbi,+919829733568,399.43,INR,RECOVERED,RECOVERED,TECHNICAL_DECLINE,SWITCH_DOWN,NPCI Central Switch Queue Congestion,State Bank of India,SBI,BACKOFF_RETRY,0.1352,LOW,2,0,1,3,2026-08-17T20:58:41.483618
pay_npci_00441,mer_quick_kart,Bharat QuickCommerce,cust_npci_00441,Sneha Singh,sneha.singh63@okpnb,+919862955303,2720.94,INR,RECOVERED,RECOVERED,BUSINESS_DECLINE,ZA,Insufficient Funds in Customer Account,Punjab National Bank,PNB,SMART_PAYMENT_LINK,0.2642,LOW,9,0,1,3,2026-08-25T15:59:15.986974
pay_npci_00442,mer_quick_kart,Bharat QuickCommerce,cust_npci_00442,Neha Joshi,neha.joshi45@paytm,+919845479523,281.49,INR,FAILED,PENDING,TECHNICAL_DECLINE,U69,Remitter Bank System Unavailable / Switch Error,Paytm Payments Bank,PYTM,DIRECT_GATEWAY_RETRY,0.0871,LOW,1,0,2,3,2026-08-24T17:23:29.402787
pay_npci_00443,mer_quick_kart,Bharat QuickCommerce,cust_npci_00443,Sneha Desai,sneha.desai94@okpnb,+919852193708,441.29,INR,FAILED,PENDING,BUSINESS_DECLINE,ZA,Insufficient Funds in Customer Account,Punjab National Bank,PNB,SMART_PAYMENT_LINK,0.4258,MEDIUM,0,0,1,3,2026-08-25T07:12:12.745766
pay_npci_00444,mer_tech_bazaar,Croma TechBazaar,cust_npci_00444,Tanvi Gupta,tanvi.gupta97@unionbank,+919819258133,23.59,INR,FAILED,IN_REVIEW,BUSINESS_DECLINE,K1,Suspected Fraud / Excessive Velocity Anomaly,Union Bank of India,UBI,QUARANTINE_FOR_REVIEW,0.98,HIGH,8,1,0,3,2026-08-28T22:27:01.200148
pay_npci_00445,mer_quick_kart,Bharat QuickCommerce,cust_npci_00445,Vivek Sharma,vivek.sharma43@hdfcbank,+919877213865,42.69,INR,FAILED,PENDING,BUSINESS_DECLINE,ZA,Insufficient Funds in Customer Account,HDFC Bank,HDFC,SMART_PAYMENT_LINK,0.284,LOW,7,0,0,3,2026-08-10T11:23:22.407369
pay_npci_00446,mer_demo_apex,Apex Retail India Ltd,cust_npci_00446,Tanvi Chopra,tanvi.chopra73@okhdfcbank,+919887138355,305.46,INR,RECOVERED,RECOVERED,TECHNICAL_DECLINE,U69,Remitter Bank System Unavailable / Switch Error,HDFC Bank,HDFC,DIRECT_GATEWAY_RETRY,0.02,LOW,9,0,1,3,2026-08-29T13:17:23.140561
pay_npci_00447,mer_quick_kart,Bharat QuickCommerce,cust_npci_00447,Vivek Sharma,vivek.sharma39@kotak,+919861459571,1750.82,INR,FAILED,PENDING,BUSINESS_DECLINE,XH,Customer Account Blocked / Frozen / Dormant,Kotak Mahindra Bank,KKBK,ESCALATE_TO_HUMAN,0.5359,MEDIUM,14,0,0,3,2026-08-16T14:45:01.550163
pay_npci_00448,mer_kirana_net,Desi Kirana Network,cust_npci_00448,Aditi Reddy,aditi.reddy72@sbi,+919868928332,3630.55,INR,FAILED,PENDING,TECHNICAL_DECLINE,U30,Beneficiary Bank Timeout After Debit (Ambiguous),State Bank of India,SBI,STATUS_POLL_VERIFICATION,0.1846,LOW,18,0,2,3,2026-09-02T11:17:10.611364
pay_npci_00449,mer_tech_bazaar,Croma TechBazaar,cust_npci_00449,Manish Banerjee,manish.banerjee35@okicici,+919868113541,376.69,INR,RECOVERED,RECOVERED,TECHNICAL_DECLINE,U69,Remitter Bank System Unavailable / Switch Error,ICICI Bank,ICICI,DIRECT_GATEWAY_RETRY,0.1083,LOW,5,0,1,3,2026-08-06T12:04:44.131917
pay_npci_00450,mer_quick_kart,Bharat QuickCommerce,cust_npci_00450,Vivek Banerjee,vivek.banerjee27@sbi,+919857834092,2691.73,INR,FAILED,PENDING,BUSINESS_DECLINE,ZM,Invalid MPIN Entered by Customer,State Bank of India,SBI,CUSTOMER_WHATSAPP_NUDGE,0.3707,MEDIUM,5,0,2,3,2026-08-24T14:13:42.939988
pay_npci_00451,mer_kirana_net,Desi Kirana Network,cust_npci_00451,Sneha Verma,sneha.verma61@paytm,+919822966398,300.44,INR,RECOVERED,RECOVERED,BUSINESS_DECLINE,ZM,Invalid MPIN Entered by Customer,Paytm Payments Bank,PYTM,CUSTOMER_WHATSAPP_NUDGE,0.2397,LOW,15,0,1,3,2026-08-30T10:48:29.044507
pay_npci_00452,mer_demo_apex,Apex Retail India Ltd,cust_npci_00452,Deepak Kulkarni,deepak.kulkarni94@barodampay,+919870152702,3517.0,INR,RECOVERED,RECOVERED,TECHNICAL_DECLINE,U69,Remitter Bank System Unavailable / Switch Error,Bank of Baroda,BOB,DIRECT_GATEWAY_RETRY,0.02,LOW,11,0,1,3,2026-08-27T18:28:15.095399
pay_npci_00453,mer_swiggy_inst,Swiggy Instamart Partner,cust_npci_00453,Varun Verma,varun.verma27@oksbi,+919810381315,37.84,INR,RECOVERED,RECOVERED,TECHNICAL_DECLINE,BT,Issuer Switch Timeout During 2FA Verification,State Bank of India,SBI,DIRECT_GATEWAY_RETRY,0.02,LOW,11,0,1,3,2026-08-09T00:43:40.072518
pay_npci_00454,mer_demo_apex,Apex Retail India Ltd,cust_npci_00454,Priya Chopra,priya.chopra12@sbi,+919822568953,33680.12,INR,FAILED,PENDING,BUSINESS_DECLINE,ZM,Invalid MPIN Entered by Customer,State Bank of India,SBI,CUSTOMER_WHATSAPP_NUDGE,0.4036,MEDIUM,10,0,1,3,2026-08-20T14:01:13.105622
pay_npci_00455,mer_quick_kart,Bharat QuickCommerce,cust_npci_00455,Priya Sharma,priya.sharma83@hdfcbank,+919848943143,15413.88,INR,RECOVERED,RECOVERED,BUSINESS_DECLINE,ZA,Insufficient Funds in Customer Account,HDFC Bank,HDFC,SMART_PAYMENT_LINK,0.2729,LOW,16,0,1,3,2026-08-18T14:05:49.114912
pay_npci_00456,mer_quick_kart,Bharat QuickCommerce,cust_npci_00456,Gaurav Chopra,gaurav.chopra87@kmbl,+919880098630,129.28,INR,RECOVERED,RECOVERED,TECHNICAL_DECLINE,BT,Issuer Switch Timeout During 2FA Verification,Kotak Mahindra Bank,KKBK,DIRECT_GATEWAY_RETRY,0.0384,LOW,13,0,1,3,2026-08-26T19:21:26.796337
pay_npci_00457,mer_tech_bazaar,Croma TechBazaar,cust_npci_00457,Sunil Singh,sunil.singh75@hdfcbank,+919823989073,2185.24,INR,FAILED,PENDING,BUSINESS_DECLINE,XH,Customer Account Blocked / Frozen / Dormant,HDFC Bank,HDFC,ESCALATE_TO_HUMAN,0.6452,MEDIUM,5,0,1,3,2026-09-04T14:35:49.709425
pay_npci_00458,mer_demo_apex,Apex Retail India Ltd,cust_npci_00458,Kavita Patel,kavita.patel45@okaxis,+919888396360,336.78,INR,RECOVERED,RECOVERED,TECHNICAL_DECLINE,U69,Remitter Bank System Unavailable / Switch Error,Axis Bank,AXIS,DIRECT_GATEWAY_RETRY,0.0644,LOW,4,0,1,3,2026-08-06T15:33:08.112549
pay_npci_00459,mer_quick_kart,Bharat QuickCommerce,cust_npci_00459,Gaurav Patel,gaurav.patel27@okhdfcbank,+919814559020,201.98,INR,RECOVERED,RECOVERED,TECHNICAL_DECLINE,SWITCH_DOWN,NPCI Central Switch Queue Congestion,HDFC Bank,HDFC,BACKOFF_RETRY,0.02,LOW,10,0,1,3,2026-08-15T09:43:50.404377
pay_npci_00460,mer_demo_apex,Apex Retail India Ltd,cust_npci_00460,Aarav Patel,aarav.patel41@sbi,+919811520227,121.54,INR,RECOVERED,RECOVERED,TECHNICAL_DECLINE,BT,Issuer Switch Timeout During 2FA Verification,State Bank of India,SBI,DIRECT_GATEWAY_RETRY,0.054,LOW,16,0,1,3,2026-08-23T20:21:20.140323
pay_npci_00461,mer_tech_bazaar,Croma TechBazaar,cust_npci_00461,Rahul Singh,rahul.singh80@sbi,+919811603848,393.75,INR,RECOVERED,RECOVERED,BUSINESS_DECLINE,ZA,Insufficient Funds in Customer Account,State Bank of India,SBI,SMART_PAYMENT_LINK,0.3257,LOW,14,0,1,3,2026-09-02T22:28:05.715663
pay_npci_00462,mer_swiggy_inst,Swiggy Instamart Partner,cust_npci_00462,Sneha Rao,sneha.rao97@kotak,+919824154669,4672.36,INR,FAILED,PENDING,BUSINESS_DECLINE,ZM,Invalid MPIN Entered by Customer,Kotak Mahindra Bank,KKBK,CUSTOMER_WHATSAPP_NUDGE,0.4046,MEDIUM,2,0,0,3,2026-08-27T10:41:46.289335
pay_npci_00463,mer_swiggy_inst,Swiggy Instamart Partner,cust_npci_00463,Pranav Chopra,pranav.chopra91@paytm,+919851700886,128.01,INR,RECOVERED,RECOVERED,BUSINESS_DECLINE,ZM,Invalid MPIN Entered by Customer,Paytm Payments Bank,PYTM,CUSTOMER_WHATSAPP_NUDGE,0.232,LOW,13,0,1,3,2026-08-12T20:38:53.034326
pay_npci_00464,mer_quick_kart,Bharat QuickCommerce,cust_npci_00464,Deepak Chopra,deepak.chopra99@oksbi,+919882417311,1004.09,INR,RECOVERED,RECOVERED,TECHNICAL_DECLINE,BT,Issuer Switch Timeout During 2FA Verification,State Bank of India,SBI,DIRECT_GATEWAY_RETRY,0.02,LOW,17,0,1,3,2026-08-16T14:59:59.225576
pay_npci_00465,mer_tech_bazaar,Croma TechBazaar,cust_npci_00465,Aarav Patel,aarav.patel80@okpnb,+919846263608,173.26,INR,FAILED,PENDING,BUSINESS_DECLINE,ZA,Insufficient Funds in Customer Account,Punjab National Bank,PNB,SMART_PAYMENT_LINK,0.411,MEDIUM,2,0,2,3,2026-08-31T22:24:05.106058
pay_npci_00466,mer_tech_bazaar,Croma TechBazaar,cust_npci_00466,Vivek Sharma,vivek.sharma80@okpnb,+919898894630,18477.18,INR,FAILED,PENDING,BUSINESS_DECLINE,ZA,Insufficient Funds in Customer Account,Punjab National Bank,PNB,SMART_PAYMENT_LINK,0.3936,MEDIUM,1,0,2,3,2026-08-18T19:53:17.535059
pay_npci_00467,mer_tech_bazaar,Croma TechBazaar,cust_npci_00467,Varun Sharma,varun.sharma56@oksbi,+919861878907,257.51,INR,FAILED,PENDING,BUSINESS_DECLINE,ZA,Insufficient Funds in Customer Account,State Bank of India,SBI,SMART_PAYMENT_LINK,0.3341,LOW,17,0,2,3,2026-08-11T17:12:27.201447
pay_npci_00468,mer_tech_bazaar,Croma TechBazaar,cust_npci_00468,Manish Rao,manish.rao67@ybl,+919869677296,366.9,INR,RECOVERED,RECOVERED,TECHNICAL_DECLINE,SWITCH_DOWN,NPCI Central Switch Queue Congestion,Yes Bank / PhonePe,YESB,BACKOFF_RETRY,0.02,LOW,6,0,1,3,2026-08-23T09:34:47.042921
pay_npci_00469,mer_tech_bazaar,Croma TechBazaar,cust_npci_00469,Rohan Rao,rohan.rao59@oksbi,+919862480465,454.29,INR,RECOVERED,RECOVERED,TECHNICAL_DECLINE,U30,Beneficiary Bank Timeout After Debit (Ambiguous),State Bank of India,SBI,STATUS_POLL_VERIFICATION,0.2827,LOW,3,0,1,3,2026-09-01T09:18:18.194659
pay_npci_00470,mer_quick_kart,Bharat QuickCommerce,cust_npci_00470,Pranav Verma,pranav.verma37@ibl,+919859383811,3319.98,INR,RECOVERED,RECOVERED,BUSINESS_DECLINE,ZA,Insufficient Funds in Customer Account,Yes Bank / PhonePe,YESB,SMART_PAYMENT_LINK,0.2985,LOW,11,0,1,3,2026-08-11T17:12:49.218801
pay_npci_00471,mer_kirana_net,Desi Kirana Network,cust_npci_00471,Ananya Mehta,ananya.mehta68@axisbank,+919865937495,88.21,INR,FAILED,PENDING,TECHNICAL_DECLINE,U30,Beneficiary Bank Timeout After Debit (Ambiguous),Axis Bank,AXIS,STATUS_POLL_VERIFICATION,0.2047,LOW,14,0,1,3,2026-08-07T10:17:44.123745
pay_npci_00472,mer_quick_kart,Bharat QuickCommerce,cust_npci_00472,Vikram Reddy,vikram.reddy93@okpnb,+919852155212,129.86,INR,RECOVERED,RECOVERED,TECHNICAL_DECLINE,BT,Issuer Switch Timeout During 2FA Verification,Punjab National Bank,PNB,DIRECT_GATEWAY_RETRY,0.1228,LOW,0,0,1,3,2026-08-25T10:36:50.388799
pay_npci_00473,mer_quick_kart,Bharat QuickCommerce,cust_npci_00473,Tanvi Reddy,tanvi.reddy73@hdfcbank,+919899816940,432.91,INR,RECOVERED,RECOVERED,BUSINESS_DECLINE,ZA,Insufficient Funds in Customer Account,HDFC Bank,HDFC,SMART_PAYMENT_LINK,0.2742,LOW,10,0,1,3,2026-08-28T09:31:59.999065
pay_npci_00474,mer_swiggy_inst,Swiggy Instamart Partner,cust_npci_00474,Aditi Verma,aditi.verma15@paytm,+919882376224,4157.69,INR,FAILED,PENDING,BUSINESS_DECLINE,U19,Daily Per-Transaction or Cumulative Limit Exceeded,Paytm Payments Bank,PYTM,SMART_PAYMENT_LINK,0.4897,MEDIUM,1,0,1,3,2026-08-20T13:43:19.526467
pay_npci_00475,mer_quick_kart,Bharat QuickCommerce,cust_npci_00475,Sunil Sharma,sunil.sharma57@okhdfcbank,+919810174062,2978.33,INR,FAILED,PENDING,BUSINESS_DECLINE,ZM,Invalid MPIN Entered by Customer,HDFC Bank,HDFC,CUSTOMER_WHATSAPP_NUDGE,0.4153,MEDIUM,4,0,0,3,2026-08-22T22:00:20.094459
pay_npci_00476,mer_tech_bazaar,Croma TechBazaar,cust_npci_00476,Aarav Verma,aarav.verma78@paytm,+919829432164,400.75,INR,RECOVERED,RECOVERED,TECHNICAL_DECLINE,U69,Remitter Bank System Unavailable / Switch Error,Paytm Payments Bank,PYTM,DIRECT_GATEWAY_RETRY,0.02,LOW,18,0,1,3,2026-09-02T11:32:40.361552
pay_npci_00477,mer_kirana_net,Desi Kirana Network,cust_npci_00477,Manish Chopra,manish.chopra53@okicici,+919828327796,33191.53,INR,RECOVERED,RECOVERED,TECHNICAL_DECLINE,U69,Remitter Bank System Unavailable / Switch Error,ICICI Bank,ICICI,DIRECT_GATEWAY_RETRY,0.1649,LOW,14,0,1,3,2026-08-19T12:45:00.470382
pay_npci_00478,mer_swiggy_inst,Swiggy Instamart Partner,cust_npci_00478,Amit Patel,amit.patel24@hdfcbank,+919842014615,4223.0,INR,RECOVERED,RECOVERED,BUSINESS_DECLINE,ZA,Insufficient Funds in Customer Account,HDFC Bank,HDFC,SMART_PAYMENT_LINK,0.3098,LOW,16,0,1,3,2026-08-08T17:58:19.038182
pay_npci_00479,mer_demo_apex,Apex Retail India Ltd,cust_npci_00479,Sunil Rao,sunil.rao34@unionbank,+919892520525,54319.65,INR,FAILED,PENDING,BUSINESS_DECLINE,ZA,Insufficient Funds in Customer Account,Union Bank of India,UBI,SMART_PAYMENT_LINK,0.5008,MEDIUM,6,0,0,3,2026-08-05T17:15:16.083585
pay_npci_00480,mer_quick_kart,Bharat QuickCommerce,cust_npci_00480,Priya Patel,priya.patel28@barodampay,+919843172686,98.37,INR,FAILED,PENDING,BUSINESS_DECLINE,ZM,Invalid MPIN Entered by Customer,Bank of Baroda,BOB,CUSTOMER_WHATSAPP_NUDGE,0.3659,MEDIUM,2,0,0,3,2026-08-10T13:44:45.695466
pay_npci_00481,mer_kirana_net,Desi Kirana Network,cust_npci_00481,Aarav Kulkarni,aarav.kulkarni93@paytm,+919894647223,482.43,INR,RECOVERED,RECOVERED,BUSINESS_DECLINE,ZA,Insufficient Funds in Customer Account,Paytm Payments Bank,PYTM,SMART_PAYMENT_LINK,0.2643,LOW,17,0,1,3,2026-08-07T22:39:36.543009
pay_npci_00482,mer_quick_kart,Bharat QuickCommerce,cust_npci_00482,Kiran Banerjee,kiran.banerjee74@sbi,+919817346258,3915.45,INR,FAILED,PENDING,BUSINESS_DECLINE,ZA,Insufficient Funds in Customer Account,State Bank of India,SBI,SMART_PAYMENT_LINK,0.43,MEDIUM,3,0,2,3,2026-08-12T20:43:28.602887
pay_npci_00483,mer_kirana_net,Desi Kirana Network,cust_npci_00483,Sneha Banerjee,sneha.banerjee91@ybl,+919811306256,2602.24,INR,RECOVERED,RECOVERED,BUSINESS_DECLINE,ZM,Invalid MPIN Entered by Customer,Yes Bank / PhonePe,YESB,CUSTOMER_WHATSAPP_NUDGE,0.2234,LOW,10,0,1,3,2026-08-27T14:57:47.719124
pay_npci_00484,mer_demo_apex,Apex Retail India Ltd,cust_npci_00484,Pranav Nair,pranav.nair66@hdfcbank,+919874102957,57571.96,INR,FAILED,PENDING,BUSINESS_DECLINE,ZA,Insufficient Funds in Customer Account,HDFC Bank,HDFC,SMART_PAYMENT_LINK,0.4648,MEDIUM,6,0,1,3,2026-08-07T12:53:58.653388
pay_npci_00485,mer_swiggy_inst,Swiggy Instamart Partner,cust_npci_00485,Aarav Patel,aarav.patel13@sbi,+919829878537,145.28,INR,RECOVERED,RECOVERED,TECHNICAL_DECLINE,U69,Remitter Bank System Unavailable / Switch Error,State Bank of India,SBI,DIRECT_GATEWAY_RETRY,0.02,LOW,18,0,1,3,2026-08-07T10:55:05.373774
pay_npci_00486,mer_demo_apex,Apex Retail India Ltd,cust_npci_00486,Sanjay Chatterjee,sanjay.chatterjee36@paytm,+919879465610,2983.18,INR,RECOVERED,RECOVERED,BUSINESS_DECLINE,ZA,Insufficient Funds in Customer Account,Paytm Payments Bank,PYTM,SMART_PAYMENT_LINK,0.3099,LOW,10,0,1,3,2026-08-06T10:53:42.406273
pay_npci_00487,mer_tech_bazaar,Croma TechBazaar,cust_npci_00487,Pooja Banerjee,pooja.banerjee65@okpnb,+919815665967,4381.07,INR,FAILED,PENDING,BUSINESS_DECLINE,XH,Customer Account Blocked / Frozen / Dormant,Punjab National Bank,PNB,ESCALATE_TO_HUMAN,0.6516,MEDIUM,5,0,2,3,2026-08-25T22:02:49.741852
pay_npci_00488,mer_demo_apex,Apex Retail India Ltd,cust_npci_00488,Sneha Chatterjee,sneha.chatterjee64@ybl,+919827232133,3540.5,INR,FAILED,PENDING,BUSINESS_DECLINE,ZA,Insufficient Funds in Customer Account,Yes Bank / PhonePe,YESB,SMART_PAYMENT_LINK,0.4025,MEDIUM,1,0,0,3,2026-08-27T21:19:30.114821
pay_npci_00489,mer_swiggy_inst,Swiggy Instamart Partner,cust_npci_00489,Sunil Reddy,sunil.reddy78@okicici,+919815075995,105.54,INR,RECOVERED,RECOVERED,TECHNICAL_DECLINE,BT,Issuer Switch Timeout During 2FA Verification,ICICI Bank,ICICI,DIRECT_GATEWAY_RETRY,0.02,LOW,12,0,1,3,2026-08-29T21:38:42.159029
pay_npci_00490,mer_kirana_net,Desi Kirana Network,cust_npci_00490,Tanvi Sharma,tanvi.sharma92@sbi,+919834804886,350.25,INR,FAILED,PENDING,BUSINESS_DECLINE,ZA,Insufficient Funds in Customer Account,State Bank of India,SBI,SMART_PAYMENT_LINK,0.4159,MEDIUM,0,0,0,3,2026-08-18T18:00:31.263341
pay_npci_00491,mer_quick_kart,Bharat QuickCommerce,cust_npci_00491,Rahul Verma,rahul.verma65@kotak,+919887256762,54.61,INR,FAILED,PENDING,BUSINESS_DECLINE,XH,Customer Account Blocked / Frozen / Dormant,Kotak Mahindra Bank,KKBK,ESCALATE_TO_HUMAN,0.5881,MEDIUM,7,0,0,3,2026-08-06T11:13:32.879631
pay_npci_00492,mer_quick_kart,Bharat QuickCommerce,cust_npci_00492,Vivek Singh,vivek.singh27@icici,+919894644622,1021.5,INR,RECOVERED,RECOVERED,TECHNICAL_DECLINE,BT,Issuer Switch Timeout During 2FA Verification,ICICI Bank,ICICI,DIRECT_GATEWAY_RETRY,0.0525,LOW,13,0,1,3,2026-08-18T19:22:51.186332
pay_npci_00493,mer_tech_bazaar,Croma TechBazaar,cust_npci_00493,Amit Kumar,amit.kumar72@barodampay,+919887274815,482.68,INR,FAILED,PENDING,BUSINESS_DECLINE,U19,Daily Per-Transaction or Cumulative Limit Exceeded,Bank of Baroda,BOB,SMART_PAYMENT_LINK,0.4345,MEDIUM,1,0,2,3,2026-08-21T20:35:11.987595
pay_npci_00494,mer_tech_bazaar,Croma TechBazaar,cust_npci_00494,Deepak Nair,deepak.nair21@okpnb,+919853451236,184.77,INR,FAILED,IN_REVIEW,BUSINESS_DECLINE,K1,Suspected Fraud / Excessive Velocity Anomaly,Punjab National Bank,PNB,QUARANTINE_FOR_REVIEW,0.98,HIGH,8,1,2,3,2026-08-13T08:10:18.876064
pay_npci_00495,mer_swiggy_inst,Swiggy Instamart Partner,cust_npci_00495,Varun Patel,varun.patel90@oksbi,+919894492402,2027.08,INR,RECOVERED,RECOVERED,BUSINESS_DECLINE,ZA,Insufficient Funds in Customer Account,State Bank of India,SBI,SMART_PAYMENT_LINK,0.3216,LOW,15,0,1,3,2026-08-31T18:27:47.400572
pay_npci_00496,mer_swiggy_inst,Swiggy Instamart Partner,cust_npci_00496,Rohan Kumar,rohan.kumar49@okhdfcbank,+919888222162,36.53,INR,FAILED,IN_REVIEW,BUSINESS_DECLINE,K1,Suspected Fraud / Excessive Velocity Anomaly,HDFC Bank,HDFC,QUARANTINE_FOR_REVIEW,0.98,HIGH,4,1,0,3,2026-08-14T17:53:26.904116
pay_npci_00497,mer_tech_bazaar,Croma TechBazaar,cust_npci_00497,Priya Reddy,priya.reddy95@barodampay,+919840618703,2676.49,INR,FAILED,PENDING,BUSINESS_DECLINE,ZA,Insufficient Funds in Customer Account,Bank of Baroda,BOB,SMART_PAYMENT_LINK,0.3384,LOW,12,0,0,3,2026-08-20T10:20:10.578483
pay_npci_00498,mer_quick_kart,Bharat QuickCommerce,cust_npci_00498,Isha Patel,isha.patel13@okicici,+919828245162,77.07,INR,RECOVERED,RECOVERED,TECHNICAL_DECLINE,U69,Remitter Bank System Unavailable / Switch Error,ICICI Bank,ICICI,DIRECT_GATEWAY_RETRY,0.02,LOW,6,0,1,3,2026-08-23T12:33:05.467966
pay_npci_00499,mer_kirana_net,Desi Kirana Network,cust_npci_00499,Gaurav Gupta,gaurav.gupta73@okaxis,+919828370459,1822.67,INR,RECOVERED,RECOVERED,BUSINESS_DECLINE,ZM,Invalid MPIN Entered by Customer,Axis Bank,AXIS,CUSTOMER_WHATSAPP_NUDGE,0.2542,LOW,14,0,1,3,2026-08-08T19:17:49.103411
pay_npci_00500,mer_swiggy_inst,Swiggy Instamart Partner,cust_npci_00500,Priya Gupta,priya.gupta70@sbi,+919886402207,1337.85,INR,RECOVERED,RECOVERED,BUSINESS_DECLINE,ZA,Insufficient Funds in Customer Account,State Bank of India,SBI,SMART_PAYMENT_LINK,0.2619,LOW,17,0,1,3,2026-08-18T13:59:15.652532
pay_npci_00501,mer_quick_kart,Bharat QuickCommerce,cust_npci_00501,Pranav Singh,pranav.singh25@hdfcbank,+919890905795,459.38,INR,FAILED,PENDING,BUSINESS_DECLINE,XH,Customer Account Blocked / Frozen / Dormant,HDFC Bank,HDFC,ESCALATE_TO_HUMAN,0.5592,MEDIUM,13,0,0,3,2026-08-29T17:42:59.178264
pay_npci_00502,mer_swiggy_inst,Swiggy Instamart Partner,cust_npci_00502,Gaurav Joshi,gaurav.joshi71@oksbi,+919870667263,265.57,INR,FAILED,PENDING,BUSINESS_DECLINE,ZA,Insufficient Funds in Customer Account,State Bank of India,SBI,SMART_PAYMENT_LINK,0.2979,LOW,7,0,1,3,2026-08-30T19:44:19.049917
pay_npci_00503,mer_kirana_net,Desi Kirana Network,cust_npci_00503,Zoya Joshi,zoya.joshi82@okpnb,+919875283904,3386.55,INR,RECOVERED,RECOVERED,TECHNICAL_DECLINE,U69,Remitter Bank System Unavailable / Switch Error,Punjab National Bank,PNB,DIRECT_GATEWAY_RETRY,0.02,LOW,11,0,1,3,2026-08-10T23:02:21.158976
pay_npci_00504,mer_demo_apex,Apex Retail India Ltd,cust_npci_00504,Gaurav Joshi,gaurav.joshi22@icici,+919870401712,42277.71,INR,FAILED,PENDING,TECHNICAL_DECLINE,U69,Remitter Bank System Unavailable / Switch Error,ICICI Bank,ICICI,DIRECT_GATEWAY_RETRY,0.1729,LOW,11,0,2,3,2026-08-25T21:32:45.831490
pay_npci_00505,mer_quick_kart,Bharat QuickCommerce,cust_npci_00505,Neha Banerjee,neha.banerjee55@okhdfcbank,+919810247965,416.78,INR,RECOVERED,RECOVERED,BUSINESS_DECLINE,ZM,Invalid MPIN Entered by Customer,HDFC Bank,HDFC,CUSTOMER_WHATSAPP_NUDGE,0.236,LOW,15,0,1,3,2026-09-02T18:02:04.048094
pay_npci_00506,mer_quick_kart,Bharat QuickCommerce,cust_npci_00506,Kiran Sharma,kiran.sharma70@paytm,+919840707709,3612.31,INR,RECOVERED,RECOVERED,BUSINESS_DECLINE,ZA,Insufficient Funds in Customer Account,Paytm Payments Bank,PYTM,SMART_PAYMENT_LINK,0.2896,LOW,15,0,1,3,2026-08-30T11:58:20.470789
pay_npci_00507,mer_tech_bazaar,Croma TechBazaar,cust_npci_00507,Kiran Rao,kiran.rao37@sbi,+919878850537,371.46,INR,FAILED,PENDING,BUSINESS_DECLINE,XH,Customer Account Blocked / Frozen / Dormant,State Bank of India,SBI,ESCALATE_TO_HUMAN,0.6758,MEDIUM,2,0,1,3,2026-08-17T00:38:11.624621
pay_npci_00508,mer_tech_bazaar,Croma TechBazaar,cust_npci_00508,Rohan Chopra,rohan.chopra59@unionbank,+919832490228,322.33,INR,RECOVERED,RECOVERED,BUSINESS_DECLINE,ZM,Invalid MPIN Entered by Customer,Union Bank of India,UBI,CUSTOMER_WHATSAPP_NUDGE,0.2405,LOW,16,0,1,3,2026-08-16T06:29:24.592395
pay_npci_00509,mer_swiggy_inst,Swiggy Instamart Partner,cust_npci_00509,Priya Rao,priya.rao23@okhdfcbank,+919868580316,141.01,INR,RECOVERED,RECOVERED,TECHNICAL_DECLINE,U69,Remitter Bank System Unavailable / Switch Error,HDFC Bank,HDFC,DIRECT_GATEWAY_RETRY,0.02,LOW,6,0,1,3,2026-08-07T12:39:27.780740
pay_npci_00510,mer_kirana_net,Desi Kirana Network,cust_npci_00510,Aditi Sharma,aditi.sharma68@icici,+919845243284,364.03,INR,RECOVERED,RECOVERED,TECHNICAL_DECLINE,U69,Remitter Bank System Unavailable / Switch Error,ICICI Bank,ICICI,DIRECT_GATEWAY_RETRY,0.02,LOW,10,0,1,3,2026-08-06T19:40:40.162072
pay_npci_00511,mer_demo_apex,Apex Retail India Ltd,cust_npci_00511,Rahul Kumar,rahul.kumar36@icici,+919861029402,1870.23,INR,RECOVERED,RECOVERED,BUSINESS_DECLINE,ZA,Insufficient Funds in Customer Account,ICICI Bank,ICICI,SMART_PAYMENT_LINK,0.2896,LOW,16,0,1,3,2026-08-27T11:49:49.593031
pay_npci_00512,mer_quick_kart,Bharat QuickCommerce,cust_npci_00512,Kavita Chopra,kavita.chopra52@okicici,+919859943515,326.24,INR,RECOVERED,RECOVERED,TECHNICAL_DECLINE,BT,Issuer Switch Timeout During 2FA Verification,ICICI Bank,ICICI,DIRECT_GATEWAY_RETRY,0.02,LOW,17,0,1,3,2026-08-26T19:44:41.691094
pay_npci_00513,mer_tech_bazaar,Croma TechBazaar,cust_npci_00513,Varun Joshi,varun.joshi87@okaxis,+919819696676,54711.91,INR,FAILED,IN_REVIEW,BUSINESS_DECLINE,K1,Suspected Fraud / Excessive Velocity Anomaly,Axis Bank,AXIS,QUARANTINE_FOR_REVIEW,0.98,HIGH,0,1,1,3,2026-08-12T19:43:34.648204
pay_npci_00514,mer_kirana_net,Desi Kirana Network,cust_npci_00514,Tanvi Rao,tanvi.rao56@ybl,+919846097514,167.39,INR,RECOVERED,RECOVERED,BUSINESS_DECLINE,ZM,Invalid MPIN Entered by Customer,Yes Bank / PhonePe,YESB,CUSTOMER_WHATSAPP_NUDGE,0.2991,LOW,12,0,1,3,2026-08-18T09:19:51.118888
pay_npci_00515,mer_quick_kart,Bharat QuickCommerce,cust_npci_00515,Manish Patel,manish.patel17@oksbi,+919895359730,250.81,INR,RECOVERED,RECOVERED,BUSINESS_DECLINE,ZM,Invalid MPIN Entered by Customer,State Bank of India,SBI,CUSTOMER_WHATSAPP_NUDGE,0.2728,LOW,6,0,1,3,2026-08-14T11:57:46.931581
pay_npci_00516,mer_quick_kart,Bharat QuickCommerce,cust_npci_00516,Sunil Nair,sunil.nair42@paytm,+919869626974,72023.35,INR,FAILED,PENDING,BUSINESS_DECLINE,ZM,Invalid MPIN Entered by Customer,Paytm Payments Bank,PYTM,CUSTOMER_WHATSAPP_NUDGE,0.4647,MEDIUM,14,0,1,3,2026-08-06T18:55:09.961757
pay_npci_00517,mer_demo_apex,Apex Retail India Ltd,cust_npci_00517,Aditi Nair,aditi.nair54@icici,+919896756185,408.2,INR,RECOVERED,RECOVERED,TECHNICAL_DECLINE,U30,Beneficiary Bank Timeout After Debit (Ambiguous),ICICI Bank,ICICI,STATUS_POLL_VERIFICATION,0.1656,LOW,17,0,1,3,2026-08-10T11:12:20.694011
pay_npci_00518,mer_demo_apex,Apex Retail India Ltd,cust_npci_00518,Aditi Sharma,aditi.sharma96@oksbi,+919827320347,45254.44,INR,FAILED,PENDING,BUSINESS_DECLINE,ZA,Insufficient Funds in Customer Account,State Bank of India,SBI,SMART_PAYMENT_LINK,0.4979,MEDIUM,16,0,1,3,2026-08-14T22:24:27.694723
pay_npci_00519,mer_swiggy_inst,Swiggy Instamart Partner,cust_npci_00519,Amit Desai,amit.desai71@axisbank,+919831510925,1484.89,INR,FAILED,PENDING,BUSINESS_DECLINE,U19,Daily Per-Transaction or Cumulative Limit Exceeded,Axis Bank,AXIS,SMART_PAYMENT_LINK,0.3685,MEDIUM,6,0,1,3,2026-08-18T17:19:48.257725
pay_npci_00520,mer_tech_bazaar,Croma TechBazaar,cust_npci_00520,Gaurav Banerjee,gaurav.banerjee47@axisbank,+919826853366,77.28,INR,FAILED,PENDING,BUSINESS_DECLINE,ZM,Invalid MPIN Entered by Customer,Axis Bank,AXIS,CUSTOMER_WHATSAPP_NUDGE,0.3598,MEDIUM,0,0,1,3,2026-08-23T11:00:01.352420
pay_npci_00521,mer_demo_apex,Apex Retail India Ltd,cust_npci_00521,Neha Joshi,neha.joshi54@sbi,+919879959279,3183.5,INR,RECOVERED,RECOVERED,TECHNICAL_DECLINE,BT,Issuer Switch Timeout During 2FA Verification,State Bank of India,SBI,DIRECT_GATEWAY_RETRY,0.1017,LOW,3,0,1,3,2026-08-10T13:22:44.416810
pay_npci_00522,mer_tech_bazaar,Croma TechBazaar,cust_npci_00522,Pranav Chatterjee,pranav.chatterjee33@okaxis,+919888734096,400.67,INR,FAILED,PENDING,BUSINESS_DECLINE,XH,Customer Account Blocked / Frozen / Dormant,Axis Bank,AXIS,ESCALATE_TO_HUMAN,0.6592,MEDIUM,3,0,2,3,2026-08-10T10:07:00.204388
pay_npci_00523,mer_tech_bazaar,Croma TechBazaar,cust_npci_00523,Rahul Verma,rahul.verma92@paytm,+919824430104,455.52,INR,RECOVERED,RECOVERED,BUSINESS_DECLINE,U19,Daily Per-Transaction or Cumulative Limit Exceeded,Paytm Payments Bank,PYTM,SMART_PAYMENT_LINK,0.3194,LOW,9,0,1,3,2026-08-22T20:39:55.903379
pay_npci_00524,mer_quick_kart,Bharat QuickCommerce,cust_npci_00524,Sneha Kulkarni,sneha.kulkarni26@okhdfcbank,+919819793254,324.63,INR,FAILED,PENDING,BUSINESS_DECLINE,ZA,Insufficient Funds in Customer Account,HDFC Bank,HDFC,SMART_PAYMENT_LINK,0.336,LOW,16,0,2,3,2026-08-25T21:04:14.678299
pay_npci_00525,mer_kirana_net,Desi Kirana Network,cust_npci_00525,Sneha Reddy,sneha.reddy71@paytm,+919821958864,428.02,INR,FAILED,PENDING,BUSINESS_DECLINE,U19,Daily Per-Transaction or Cumulative Limit Exceeded,Paytm Payments Bank,PYTM,SMART_PAYMENT_LINK,0.4534,MEDIUM,3,0,1,3,2026-08-29T08:56:35.153731
pay_npci_00526,mer_swiggy_inst,Swiggy Instamart Partner,cust_npci_00526,Ananya Verma,ananya.verma97@barodampay,+919838708307,92.16,INR,RECOVERED,RECOVERED,BUSINESS_DECLINE,ZA,Insufficient Funds in Customer Account,Bank of Baroda,BOB,SMART_PAYMENT_LINK,0.2841,LOW,12,0,1,3,2026-08-21T21:15:09.106106
pay_npci_00527,mer_tech_bazaar,Croma TechBazaar,cust_npci_00527,Manish Mehta,manish.mehta66@unionbank,+919858271293,266.52,INR,FAILED,PENDING,BUSINESS_DECLINE,ZA,Insufficient Funds in Customer Account,Union Bank of India,UBI,SMART_PAYMENT_LINK,0.4107,MEDIUM,0,0,1,3,2026-08-05T11:25:52.284787
pay_npci_00528,mer_kirana_net,Desi Kirana Network,cust_npci_00528,Isha Singh,isha.singh37@sbi,+919839992374,295.82,INR,FAILED,PENDING,BUSINESS_DECLINE,U19,Daily Per-Transaction or Cumulative Limit Exceeded,State Bank of India,SBI,SMART_PAYMENT_LINK,0.3553,MEDIUM,8,0,1,3,2026-08-15T07:47:48.898824
pay_npci_00529,mer_demo_apex,Apex Retail India Ltd,cust_npci_00529,Neha Chatterjee,neha.chatterjee23@oksbi,+919891772353,79.16,INR,RECOVERED,RECOVERED,BUSINESS_DECLINE,ZM,Invalid MPIN Entered by Customer,State Bank of India,SBI,CUSTOMER_WHATSAPP_NUDGE,0.2469,LOW,17,0,1,3,2026-08-19T22:35:00.958297
pay_npci_00530,mer_kirana_net,Desi Kirana Network,cust_npci_00530,Deepak Chatterjee,deepak.chatterjee98@paytm,+919820278438,327.94,INR,RECOVERED,RECOVERED,TECHNICAL_DECLINE,BT,Issuer Switch Timeout During 2FA Verification,Paytm Payments Bank,PYTM,DIRECT_GATEWAY_RETRY,0.0475,LOW,14,0,1,3,2026-08-06T13:50:44.019613
pay_npci_00531,mer_demo_apex,Apex Retail India Ltd,cust_npci_00531,Isha Banerjee,isha.banerjee78@hdfcbank,+919849875476,144.4,INR,RECOVERED,RECOVERED,BUSINESS_DECLINE,U19,Daily Per-Transaction or Cumulative Limit Exceeded,HDFC Bank,HDFC,SMART_PAYMENT_LINK,0.3386,LOW,18,0,1,3,2026-08-24T17:36:31.180176
pay_npci_00532,mer_quick_kart,Bharat QuickCommerce,cust_npci_00532,Zoya Chatterjee,zoya.chatterjee72@barodampay,+919868119821,3272.5,INR,RECOVERED,RECOVERED,BUSINESS_DECLINE,ZM,Invalid MPIN Entered by Customer,Bank of Baroda,BOB,CUSTOMER_WHATSAPP_NUDGE,0.2237,LOW,11,0,1,3,2026-08-23T11:26:20.968180
pay_npci_00533,mer_demo_apex,Apex Retail India Ltd,cust_npci_00533,Kiran Joshi,kiran.joshi24@hdfcbank,+919884476383,152.73,INR,FAILED,PENDING,BUSINESS_DECLINE,XH,Customer Account Blocked / Frozen / Dormant,HDFC Bank,HDFC,ESCALATE_TO_HUMAN,0.5558,MEDIUM,12,0,1,3,2026-08-23T11:11:18.837231
pay_npci_00534,mer_demo_apex,Apex Retail India Ltd,cust_npci_00534,Sanjay Kumar,sanjay.kumar65@sbi,+919847692265,47.96,INR,FAILED,PENDING,BUSINESS_DECLINE,ZA,Insufficient Funds in Customer Account,State Bank of India,SBI,SMART_PAYMENT_LINK,0.3892,MEDIUM,0,0,0,3,2026-08-28T01:04:10.547001
pay_npci_00535,mer_quick_kart,Bharat QuickCommerce,cust_npci_00535,Vivek Rao,vivek.rao43@okicici,+919842304590,433.59,INR,RECOVERED,RECOVERED,BUSINESS_DECLINE,ZA,Insufficient Funds in Customer Account,ICICI Bank,ICICI,SMART_PAYMENT_LINK,0.279,LOW,18,0,1,3,2026-08-31T12:20:28.029989
pay_npci_00536,mer_swiggy_inst,Swiggy Instamart Partner,cust_npci_00536,Aarav Kumar,aarav.kumar43@oksbi,+919812876897,470.86,INR,RECOVERED,RECOVERED,TECHNICAL_DECLINE,BT,Issuer Switch Timeout During 2FA Verification,State Bank of India,SBI,DIRECT_GATEWAY_RETRY,0.0547,LOW,6,0,1,3,2026-08-11T22:01:07.146881
pay_npci_00537,mer_quick_kart,Bharat QuickCommerce,cust_npci_00537,Vivek Desai,vivek.desai18@okpnb,+919848402717,2734.64,INR,FAILED,PENDING,BUSINESS_DECLINE,XH,Customer Account Blocked / Frozen / Dormant,Punjab National Bank,PNB,ESCALATE_TO_HUMAN,0.5306,MEDIUM,16,0,1,3,2026-08-23T14:28:12.562826
pay_npci_00538,mer_tech_bazaar,Croma TechBazaar,cust_npci_00538,Manish Kulkarni,manish.kulkarni78@axisbank,+919849135422,38.79,INR,FAILED,PENDING,BUSINESS_DECLINE,U19,Daily Per-Transaction or Cumulative Limit Exceeded,Axis Bank,AXIS,SMART_PAYMENT_LINK,0.361,MEDIUM,13,0,1,3,2026-08-08T13:19:22.397339
pay_npci_00539,mer_tech_bazaar,Croma TechBazaar,cust_npci_00539,Varun Joshi,varun.joshi90@okicici,+919885035451,467.29,INR,RECOVERED,RECOVERED,BUSINESS_DECLINE,ZA,Insufficient Funds in Customer Account,ICICI Bank,ICICI,SMART_PAYMENT_LINK,0.2785,LOW,12,0,1,3,2026-08-24T21:34:23.580923
pay_npci_00540,mer_swiggy_inst,Swiggy Instamart Partner,cust_npci_00540,Aditi Singh,aditi.singh15@ibl,+919878246193,411.75,INR,FAILED,PENDING,BUSINESS_DECLINE,XH,Customer Account Blocked / Frozen / Dormant,Yes Bank / PhonePe,YESB,ESCALATE_TO_HUMAN,0.5646,MEDIUM,14,0,0,3,2026-08-28T13:25:27.028527
pay_npci_00541,mer_kirana_net,Desi Kirana Network,cust_npci_00541,Manish Joshi,manish.joshi60@okicici,+919829996004,4324.69,INR,FAILED,IN_REVIEW,BUSINESS_DECLINE,XH,Customer Account Blocked / Frozen / Dormant,ICICI Bank,ICICI,ESCALATE_TO_HUMAN,0.7099,HIGH,5,0,0,3,2026-08-07T12:11:29.873074
pay_npci_00542,mer_kirana_net,Desi Kirana Network,cust_npci_00542,Aditi Kulkarni,aditi.kulkarni21@ybl,+919811938391,120.37,INR,FAILED,PENDING,BUSINESS_DECLINE,ZA,Insufficient Funds in Customer Account,Yes Bank / PhonePe,YESB,SMART_PAYMENT_LINK,0.4319,MEDIUM,2,0,0,3,2026-08-15T11:32:51.368635
pay_npci_00543,mer_quick_kart,Bharat QuickCommerce,cust_npci_00543,Amit Kulkarni,amit.kulkarni20@sbi,+919845709423,430.01,INR,FAILED,PENDING,BUSINESS_DECLINE,ZA,Insufficient Funds in Customer Account,State Bank of India,SBI,SMART_PAYMENT_LINK,0.4545,MEDIUM,5,0,1,3,2026-08-22T10:49:42.335607
pay_npci_00544,mer_kirana_net,Desi Kirana Network,cust_npci_00544,Varun Kumar,varun.kumar96@hdfcbank,+919819777904,57.15,INR,RECOVERED,RECOVERED,BUSINESS_DECLINE,ZM,Invalid MPIN Entered by Customer,HDFC Bank,HDFC,CUSTOMER_WHATSAPP_NUDGE,0.2318,LOW,7,0,1,3,2026-08-16T07:33:05.174791
pay_npci_00545,mer_kirana_net,Desi Kirana Network,cust_npci_00545,Kavita Kulkarni,kavita.kulkarni43@okpnb,+919843437977,4058.29,INR,RECOVERED,RECOVERED,BUSINESS_DECLINE,ZM,Invalid MPIN Entered by Customer,Punjab National Bank,PNB,CUSTOMER_WHATSAPP_NUDGE,0.2782,LOW,17,0,1,3,2026-08-06T14:06:08.795196
pay_npci_00546,mer_quick_kart,Bharat QuickCommerce,cust_npci_00546,Zoya Gupta,zoya.gupta14@oksbi,+919810700094,464.24,INR,RECOVERED,RECOVERED,TECHNICAL_DECLINE,U69,Remitter Bank System Unavailable / Switch Error,State Bank of India,SBI,DIRECT_GATEWAY_RETRY,0.02,LOW,13,0,1,3,2026-08-30T09:22:31.735702
pay_npci_00547,mer_quick_kart,Bharat QuickCommerce,cust_npci_00547,Sunil Kulkarni,sunil.kulkarni91@oksbi,+919884097731,481.15,INR,RECOVERED,RECOVERED,BUSINESS_DECLINE,U19,Daily Per-Transaction or Cumulative Limit Exceeded,State Bank of India,SBI,SMART_PAYMENT_LINK,0.3378,LOW,12,0,1,3,2026-08-22T12:21:11.652824
pay_npci_00548,mer_tech_bazaar,Croma TechBazaar,cust_npci_00548,Sneha Chopra,sneha.chopra20@okpnb,+919853105643,112.7,INR,RECOVERED,RECOVERED,BUSINESS_DECLINE,ZA,Insufficient Funds in Customer Account,Punjab National Bank,PNB,SMART_PAYMENT_LINK,0.325,LOW,9,0,1,3,2026-08-14T21:48:19.607414
pay_npci_00549,mer_swiggy_inst,Swiggy Instamart Partner,cust_npci_00549,Isha Mehta,isha.mehta13@okhdfcbank,+919885157614,440.67,INR,RECOVERED,RECOVERED,TECHNICAL_DECLINE,BT,Issuer Switch Timeout During 2FA Verification,HDFC Bank,HDFC,DIRECT_GATEWAY_RETRY,0.02,LOW,9,0,1,3,2026-08-16T19:31:22.626590
pay_npci_00550,mer_swiggy_inst,Swiggy Instamart Partner,cust_npci_00550,Pooja Gupta,pooja.gupta56@sbi,+919844293225,181.92,INR,RECOVERED,RECOVERED,TECHNICAL_DECLINE,U69,Remitter Bank System Unavailable / Switch Error,State Bank of India,SBI,DIRECT_GATEWAY_RETRY,0.02,LOW,13,0,1,3,2026-08-13T11:17:31.079093
pay_npci_00551,mer_kirana_net,Desi Kirana Network,cust_npci_00551,Tanvi Gupta,tanvi.gupta14@okicici,+919888592790,82.89,INR,FAILED,IN_REVIEW,BUSINESS_DECLINE,K1,Suspected Fraud / Excessive Velocity Anomaly,ICICI Bank,ICICI,QUARANTINE_FOR_REVIEW,0.98,HIGH,18,1,0,3,2026-08-12T21:14:32.196540
pay_npci_00552,mer_swiggy_inst,Swiggy Instamart Partner,cust_npci_00552,Sneha Chopra,sneha.chopra48@unionbank,+919842412109,2458.65,INR,FAILED,PENDING,BUSINESS_DECLINE,ZA,Insufficient Funds in Customer Account,Union Bank of India,UBI,SMART_PAYMENT_LINK,0.3958,MEDIUM,3,0,1,3,2026-08-23T14:37:43.420906
pay_npci_00553,mer_tech_bazaar,Croma TechBazaar,cust_npci_00553,Tanvi Gupta,tanvi.gupta64@sbi,+919863360934,341.01,INR,RECOVERED,RECOVERED,BUSINESS_DECLINE,U19,Daily Per-Transaction or Cumulative Limit Exceeded,State Bank of India,SBI,SMART_PAYMENT_LINK,0.2998,LOW,14,0,1,3,2026-08-22T14:04:49.985293
pay_npci_00554,mer_kirana_net,Desi Kirana Network,cust_npci_00554,Pranav Joshi,pranav.joshi95@paytm,+919852481074,447.75,INR,FAILED,IN_REVIEW,BUSINESS_DECLINE,XH,Customer Account Blocked / Frozen / Dormant,Paytm Payments Bank,PYTM,ESCALATE_TO_HUMAN,0.7133,HIGH,5,0,0,3,2026-08-22T20:41:59.593889
pay_npci_00555,mer_kirana_net,Desi Kirana Network,cust_npci_00555,Aarav Desai,aarav.desai50@okpnb,+919863475012,393.0,INR,RECOVERED,RECOVERED,BUSINESS_DECLINE,ZA,Insufficient Funds in Customer Account,Punjab National Bank,PNB,SMART_PAYMENT_LINK,0.3093,LOW,18,0,1,3,2026-08-12T02:26:28.544016
pay_npci_00556,mer_demo_apex,Apex Retail India Ltd,cust_npci_00556,Amit Reddy,amit.reddy26@paytm,+919840179498,3322.06,INR,RECOVERED,RECOVERED,TECHNICAL_DECLINE,BT,Issuer Switch Timeout During 2FA Verification,Paytm Payments Bank,PYTM,DIRECT_GATEWAY_RETRY,0.0443,LOW,14,0,1,3,2026-08-07T06:11:14.944723
pay_npci_00557,mer_quick_kart,Bharat QuickCommerce,cust_npci_00557,Rohan Chopra,rohan.chopra96@oksbi,+919863269872,35048.63,INR,RECOVERED,RECOVERED,TECHNICAL_DECLINE,BT,Issuer Switch Timeout During 2FA Verification,State Bank of India,SBI,DIRECT_GATEWAY_RETRY,0.1883,LOW,11,0,1,3,2026-08-12T12:03:25.852566
pay_npci_00558,mer_tech_bazaar,Croma TechBazaar,cust_npci_00558,Sunil Nair,sunil.nair40@okpnb,+919817562086,79.97,INR,FAILED,IN_REVIEW,BUSINESS_DECLINE,XH,Customer Account Blocked / Frozen / Dormant,Punjab National Bank,PNB,ESCALATE_TO_HUMAN,0.98,HIGH,3,1,2,3,2026-08-14T20:55:06.127614
pay_npci_00559,mer_tech_bazaar,Croma TechBazaar,cust_npci_00559,Vivek Nair,vivek.nair87@barodampay,+919823757328,2457.1,INR,RECOVERED,RECOVERED,BUSINESS_DECLINE,ZM,Invalid MPIN Entered by Customer,Bank of Baroda,BOB,CUSTOMER_WHATSAPP_NUDGE,0.2631,LOW,13,0,1,3,2026-08-23T13:45:30.227723
pay_npci_00560,mer_swiggy_inst,Swiggy Instamart Partner,cust_npci_00560,Manish Chatterjee,manish.chatterjee96@oksbi,+919857183381,205.28,INR,FAILED,PENDING,TECHNICAL_DECLINE,BT,Issuer Switch Timeout During 2FA Verification,State Bank of India,SBI,DIRECT_GATEWAY_RETRY,0.3673,MEDIUM,14,1,0,3,2026-08-09T11:31:15.634398
pay_npci_00561,mer_swiggy_inst,Swiggy Instamart Partner,cust_npci_00561,Priya Mehta,priya.mehta47@kmbl,+919823921166,466.87,INR,RECOVERED,RECOVERED,BUSINESS_DECLINE,ZM,Invalid MPIN Entered by Customer,Kotak Mahindra Bank,KKBK,CUSTOMER_WHATSAPP_NUDGE,0.3499,LOW,5,0,1,3,2026-08-08T15:46:20.409518
pay_npci_00562,mer_quick_kart,Bharat QuickCommerce,cust_npci_00562,Gaurav Reddy,gaurav.reddy31@unionbank,+919833373291,348.25,INR,RECOVERED,RECOVERED,BUSINESS_DECLINE,ZA,Insufficient Funds in Customer Account,Union Bank of India,UBI,SMART_PAYMENT_LINK,0.2639,LOW,6,0,1,3,2026-08-08T19:32:19.608241
pay_npci_00563,mer_tech_bazaar,Croma TechBazaar,cust_npci_00563,Vivek Reddy,vivek.reddy58@okaxis,+919855801739,19530.76,INR,RECOVERED,RECOVERED,BUSINESS_DECLINE,ZA,Insufficient Funds in Customer Account,Axis Bank,AXIS,SMART_PAYMENT_LINK,0.3021,LOW,13,0,1,3,2026-09-02T09:50:13.312095
pay_npci_00564,mer_quick_kart,Bharat QuickCommerce,cust_npci_00564,Vikram Nair,vikram.nair38@unionbank,+919823065609,367.5,INR,FAILED,IN_REVIEW,BUSINESS_DECLINE,K1,Suspected Fraud / Excessive Velocity Anomaly,Union Bank of India,UBI,QUARANTINE_FOR_REVIEW,0.98,HIGH,15,1,2,3,2026-08-10T14:54:05.020022
pay_npci_00565,mer_quick_kart,Bharat QuickCommerce,cust_npci_00565,Aarav Gupta,aarav.gupta27@sbi,+919837743171,329.19,INR,FAILED,PENDING,BUSINESS_DECLINE,U19,Daily Per-Transaction or Cumulative Limit Exceeded,State Bank of India,SBI,SMART_PAYMENT_LINK,0.3412,LOW,10,0,1,3,2026-08-06T14:58:10.733586
pay_npci_00566,mer_tech_bazaar,Croma TechBazaar,cust_npci_00566,Deepak Nair,deepak.nair18@okicici,+919880477461,957.44,INR,FAILED,PENDING,BUSINESS_DECLINE,U19,Daily Per-Transaction or Cumulative Limit Exceeded,ICICI Bank,ICICI,SMART_PAYMENT_LINK,0.3302,LOW,18,0,0,3,2026-08-18T12:36:40.311966
pay_npci_00567,mer_kirana_net,Desi Kirana Network,cust_npci_00567,Manish Kumar,manish.kumar80@sbi,+919870173334,2217.86,INR,RECOVERED,RECOVERED,TECHNICAL_DECLINE,U30,Beneficiary Bank Timeout After Debit (Ambiguous),State Bank of India,SBI,STATUS_POLL_VERIFICATION,0.2112,LOW,15,0,1,3,2026-08-09T11:09:00.342471
pay_npci_00568,mer_quick_kart,Bharat QuickCommerce,cust_npci_00568,Pooja Chatterjee,pooja.chatterjee77@okhdfcbank,+919869422041,4475.46,INR,RECOVERED,RECOVERED,TECHNICAL_DECLINE,BT,Issuer Switch Timeout During 2FA Verification,HDFC Bank,HDFC,DIRECT_GATEWAY_RETRY,0.0359,LOW,9,0,1,3,2026-08-30T18:33:11.431481
pay_npci_00569,mer_quick_kart,Bharat QuickCommerce,cust_npci_00569,Vivek Rao,vivek.rao73@okicici,+919850644975,399.57,INR,RECOVERED,RECOVERED,TECHNICAL_DECLINE,BT,Issuer Switch Timeout During 2FA Verification,ICICI Bank,ICICI,DIRECT_GATEWAY_RETRY,0.1067,LOW,3,0,1,3,2026-08-29T21:54:49.113428
pay_npci_00570,mer_demo_apex,Apex Retail India Ltd,cust_npci_00570,Sneha Verma,sneha.verma65@sbi,+919828247868,75.76,INR,FAILED,PENDING,TECHNICAL_DECLINE,BT,Issuer Switch Timeout During 2FA Verification,State Bank of India,SBI,DIRECT_GATEWAY_RETRY,0.1783,LOW,1,0,0,3,2026-08-22T03:15:14.083684
pay_npci_00571,mer_quick_kart,Bharat QuickCommerce,cust_npci_00571,Varun Joshi,varun.joshi85@okicici,+919832397497,309.2,INR,RECOVERED,RECOVERED,BUSINESS_DECLINE,ZA,Insufficient Funds in Customer Account,ICICI Bank,ICICI,SMART_PAYMENT_LINK,0.3083,LOW,16,0,1,3,2026-08-24T18:01:53.901924
pay_npci_00572,mer_tech_bazaar,Croma TechBazaar,cust_npci_00572,Pranav Banerjee,pranav.banerjee92@sbi,+919875922345,3318.74,INR,RECOVERED,RECOVERED,TECHNICAL_DECLINE,U69,Remitter Bank System Unavailable / Switch Error,State Bank of India,SBI,DIRECT_GATEWAY_RETRY,0.0702,LOW,5,0,1,3,2026-08-07T10:36:26.631265
pay_npci_00573,mer_quick_kart,Bharat QuickCommerce,cust_npci_00573,Sanjay Verma,sanjay.verma26@okicici,+919851576554,194.49,INR,FAILED,IN_REVIEW,BUSINESS_DECLINE,K1,Suspected Fraud / Excessive Velocity Anomaly,ICICI Bank,ICICI,QUARANTINE_FOR_REVIEW,0.98,HIGH,2,1,1,3,2026-08-30T12:25:03.623861
pay_npci_00574,mer_tech_bazaar,Croma TechBazaar,cust_npci_00574,Ananya Chatterjee,ananya.chatterjee78@axisbank,+919861838816,390.46,INR,FAILED,PENDING,BUSINESS_DECLINE,XH,Customer Account Blocked / Frozen / Dormant,Axis Bank,AXIS,ESCALATE_TO_HUMAN,0.5392,MEDIUM,11,0,0,3,2026-08-10T20:01:14.029784
pay_npci_00575,mer_quick_kart,Bharat QuickCommerce,cust_npci_00575,Sanjay Kumar,sanjay.kumar89@okhdfcbank,+919883669464,130.82,INR,RECOVERED,RECOVERED,BUSINESS_DECLINE,ZM,Invalid MPIN Entered by Customer,HDFC Bank,HDFC,CUSTOMER_WHATSAPP_NUDGE,0.2592,LOW,15,0,1,3,2026-09-02T22:16:57.647070
pay_npci_00576,mer_quick_kart,Bharat QuickCommerce,cust_npci_00576,Ananya Rao,ananya.rao90@unionbank,+919881451629,1033.84,INR,RECOVERED,RECOVERED,TECHNICAL_DECLINE,SWITCH_DOWN,NPCI Central Switch Queue Congestion,Union Bank of India,UBI,BACKOFF_RETRY,0.02,LOW,16,0,1,3,2026-08-10T14:42:13.710968
pay_npci_00577,mer_swiggy_inst,Swiggy Instamart Partner,cust_npci_00577,Rahul Reddy,rahul.reddy51@barodampay,+919871752245,400.51,INR,FAILED,PENDING,BUSINESS_DECLINE,U19,Daily Per-Transaction or Cumulative Limit Exceeded,Bank of Baroda,BOB,SMART_PAYMENT_LINK,0.4269,MEDIUM,0,0,0,3,2026-08-14T20:09:55.864515
pay_npci_00578,mer_swiggy_inst,Swiggy Instamart Partner,cust_npci_00578,Gaurav Nair,gaurav.nair89@paytm,+919829518870,246.57,INR,RECOVERED,RECOVERED,TECHNICAL_DECLINE,U69,Remitter Bank System Unavailable / Switch Error,Paytm Payments Bank,PYTM,DIRECT_GATEWAY_RETRY,0.0709,LOW,3,0,1,3,2026-08-06T12:20:32.264830
pay_npci_00579,mer_swiggy_inst,Swiggy Instamart Partner,cust_npci_00579,Ananya Kulkarni,ananya.kulkarni20@okpnb,+919874077454,4657.48,INR,FAILED,PENDING,BUSINESS_DECLINE,ZA,Insufficient Funds in Customer Account,Punjab National Bank,PNB,SMART_PAYMENT_LINK,0.4532,MEDIUM,1,0,2,3,2026-08-29T09:29:46.024355
pay_npci_00580,mer_swiggy_inst,Swiggy Instamart Partner,cust_npci_00580,Tanvi Mehta,tanvi.mehta76@hdfcbank,+919876591388,1101.24,INR,FAILED,PENDING,BUSINESS_DECLINE,ZA,Insufficient Funds in Customer Account,HDFC Bank,HDFC,SMART_PAYMENT_LINK,0.4451,MEDIUM,2,0,1,3,2026-08-29T12:27:15.212981
pay_npci_00581,mer_kirana_net,Desi Kirana Network,cust_npci_00581,Sanjay Verma,sanjay.verma37@okaxis,+919889807520,1637.28,INR,RECOVERED,RECOVERED,BUSINESS_DECLINE,ZM,Invalid MPIN Entered by Customer,Axis Bank,AXIS,CUSTOMER_WHATSAPP_NUDGE,0.2656,LOW,8,0,1,3,2026-08-12T09:51:07.197221
pay_npci_00582,mer_swiggy_inst,Swiggy Instamart Partner,cust_npci_00582,Neha Reddy,neha.reddy98@hdfcbank,+919811929324,220.23,INR,RECOVERED,RECOVERED,TECHNICAL_DECLINE,U69,Remitter Bank System Unavailable / Switch Error,HDFC Bank,HDFC,DIRECT_GATEWAY_RETRY,0.02,LOW,8,0,1,3,2026-08-29T01:50:31.470502
pay_npci_00583,mer_kirana_net,Desi Kirana Network,cust_npci_00583,Rohan Sharma,rohan.sharma83@axisbank,+919870633434,478.36,INR,RECOVERED,RECOVERED,BUSINESS_DECLINE,ZA,Insufficient Funds in Customer Account,Axis Bank,AXIS,SMART_PAYMENT_LINK,0.3057,LOW,18,0,1,3,2026-08-24T10:58:22.969665
pay_npci_00584,mer_swiggy_inst,Swiggy Instamart Partner,cust_npci_00584,Rohan Sharma,rohan.sharma68@icici,+919835910366,390.82,INR,RECOVERED,RECOVERED,TECHNICAL_DECLINE,U69,Remitter Bank System Unavailable / Switch Error,ICICI Bank,ICICI,DIRECT_GATEWAY_RETRY,0.02,LOW,15,0,1,3,2026-08-12T21:03:00.913567
pay_npci_00585,mer_quick_kart,Bharat QuickCommerce,cust_npci_00585,Manish Mehta,manish.mehta99@oksbi,+919860325359,380.12,INR,RECOVERED,RECOVERED,TECHNICAL_DECLINE,U69,Remitter Bank System Unavailable / Switch Error,State Bank of India,SBI,DIRECT_GATEWAY_RETRY,0.02,LOW,17,0,1,3,2026-08-25T20:19:47.751570
pay_npci_00586,mer_kirana_net,Desi Kirana Network,cust_npci_00586,Tanvi Kumar,tanvi.kumar71@kotak,+919877908148,265.07,INR,FAILED,PENDING,BUSINESS_DECLINE,U19,Daily Per-Transaction or Cumulative Limit Exceeded,Kotak Mahindra Bank,KKBK,SMART_PAYMENT_LINK,0.6684,MEDIUM,11,1,1,3,2026-08-18T10:53:03.631936
pay_npci_00587,mer_tech_bazaar,Croma TechBazaar,cust_npci_00587,Amit Rao,amit.rao95@hdfcbank,+919873398737,3540.11,INR,RECOVERED,RECOVERED,BUSINESS_DECLINE,ZA,Insufficient Funds in Customer Account,HDFC Bank,HDFC,SMART_PAYMENT_LINK,0.3364,LOW,17,0,1,3,2026-08-15T14:41:00.285318
pay_npci_00588,mer_quick_kart,Bharat QuickCommerce,cust_npci_00588,Kiran Banerjee,kiran.banerjee37@hdfcbank,+919842069224,213.11,INR,RECOVERED,RECOVERED,BUSINESS_DECLINE,ZM,Invalid MPIN Entered by Customer,HDFC Bank,HDFC,CUSTOMER_WHATSAPP_NUDGE,0.2331,LOW,13,0,1,3,2026-08-14T06:11:27.168579
pay_npci_00589,mer_swiggy_inst,Swiggy Instamart Partner,cust_npci_00589,Sunil Kumar,sunil.kumar20@okhdfcbank,+919836522953,60165.2,INR,FAILED,PENDING,BUSINESS_DECLINE,ZA,Insufficient Funds in Customer Account,HDFC Bank,HDFC,SMART_PAYMENT_LINK,0.5862,MEDIUM,0,0,1,3,2026-08-29T20:17:03.853719
pay_npci_00590,mer_kirana_net,Desi Kirana Network,cust_npci_00590,Rahul Desai,rahul.desai37@okicici,+919837048576,43153.33,INR,RECOVERED,RECOVERED,TECHNICAL_DECLINE,BT,Issuer Switch Timeout During 2FA Verification,ICICI Bank,ICICI,DIRECT_GATEWAY_RETRY,0.1847,LOW,16,0,1,3,2026-08-08T20:05:08.896202
pay_npci_00591,mer_swiggy_inst,Swiggy Instamart Partner,cust_npci_00591,Tanvi Kulkarni,tanvi.kulkarni38@unionbank,+919897696286,957.93,INR,RECOVERED,RECOVERED,BUSINESS_DECLINE,ZA,Insufficient Funds in Customer Account,Union Bank of India,UBI,SMART_PAYMENT_LINK,0.2916,LOW,12,0,1,3,2026-08-11T09:50:44.047446
pay_npci_00592,mer_tech_bazaar,Croma TechBazaar,cust_npci_00592,Kavita Kumar,kavita.kumar84@oksbi,+919838016772,412.8,INR,RECOVERED,RECOVERED,BUSINESS_DECLINE,ZA,Insufficient Funds in Customer Account,State Bank of India,SBI,SMART_PAYMENT_LINK,0.3291,LOW,6,0,1,3,2026-08-07T13:19:32.458926
pay_npci_00593,mer_demo_apex,Apex Retail India Ltd,cust_npci_00593,Gaurav Verma,gaurav.verma94@kotak,+919858711274,378.8,INR,FAILED,PENDING,BUSINESS_DECLINE,ZA,Insufficient Funds in Customer Account,Kotak Mahindra Bank,KKBK,SMART_PAYMENT_LINK,0.4457,MEDIUM,1,0,2,3,2026-08-23T03:32:17.261896
pay_npci_00594,mer_quick_kart,Bharat QuickCommerce,cust_npci_00594,Isha Sharma,isha.sharma65@okhdfcbank,+919811372418,216.63,INR,RECOVERED,RECOVERED,TECHNICAL_DECLINE,U69,Remitter Bank System Unavailable / Switch Error,HDFC Bank,HDFC,DIRECT_GATEWAY_RETRY,0.02,LOW,7,0,1,3,2026-08-19T18:17:52.751844
pay_npci_00595,mer_kirana_net,Desi Kirana Network,cust_npci_00595,Aditi Rao,aditi.rao65@okicici,+919895970589,283.22,INR,FAILED,IN_REVIEW,BUSINESS_DECLINE,K1,Suspected Fraud / Excessive Velocity Anomaly,ICICI Bank,ICICI,QUARANTINE_FOR_REVIEW,0.98,HIGH,6,1,1,3,2026-08-23T13:36:16.471323
pay_npci_00596,mer_demo_apex,Apex Retail India Ltd,cust_npci_00596,Tanvi Verma,tanvi.verma20@okhdfcbank,+919841891909,151.56,INR,RECOVERED,RECOVERED,BUSINESS_DECLINE,ZA,Insufficient Funds in Customer Account,HDFC Bank,HDFC,SMART_PAYMENT_LINK,0.3371,LOW,16,0,1,3,2026-08-10T11:11:44.756440
pay_npci_00597,mer_quick_kart,Bharat QuickCommerce,cust_npci_00597,Tanvi Joshi,tanvi.joshi72@okhdfcbank,+919863284182,117.98,INR,RECOVERED,RECOVERED,BUSINESS_DECLINE,ZA,Insufficient Funds in Customer Account,HDFC Bank,HDFC,SMART_PAYMENT_LINK,0.2613,LOW,7,0,1,3,2026-08-31T20:10:24.519779
pay_npci_00598,mer_kirana_net,Desi Kirana Network,cust_npci_00598,Tanvi Joshi,tanvi.joshi17@axisbank,+919847196282,192.54,INR,RECOVERED,RECOVERED,BUSINESS_DECLINE,ZM,Invalid MPIN Entered by Customer,Axis Bank,AXIS,CUSTOMER_WHATSAPP_NUDGE,0.2558,LOW,8,0,1,3,2026-08-31T09:22:21.700165
pay_npci_00599,mer_quick_kart,Bharat QuickCommerce,cust_npci_00599,Sunil Sharma,sunil.sharma48@okhdfcbank,+919825950716,41529.79,INR,RECOVERED,RECOVERED,TECHNICAL_DECLINE,BT,Issuer Switch Timeout During 2FA Verification,HDFC Bank,HDFC,DIRECT_GATEWAY_RETRY,0.2087,LOW,10,0,1,3,2026-09-03T08:16:50.568559
pay_npci_00600,mer_quick_kart,Bharat QuickCommerce,cust_npci_00600,Rahul Mehta,rahul.mehta93@okpnb,+919871337030,93.39,INR,FAILED,PENDING,BUSINESS_DECLINE,ZA,Insufficient Funds in Customer Account,Punjab National Bank,PNB,SMART_PAYMENT_LINK,0.4176,MEDIUM,2,0,2,3,2026-08-13T20:22:01.214279
pay_npci_00601,mer_swiggy_inst,Swiggy Instamart Partner,cust_npci_00601,Aditi Joshi,aditi.joshi79@icici,+919827014521,4140.72,INR,RECOVERED,RECOVERED,BUSINESS_DECLINE,ZA,Insufficient Funds in Customer Account,ICICI Bank,ICICI,SMART_PAYMENT_LINK,0.2995,LOW,8,0,1,3,2026-08-20T13:21:00.612035
pay_npci_00602,mer_tech_bazaar,Croma TechBazaar,cust_npci_00602,Varun Verma,varun.verma34@axisbank,+919864279688,2314.46,INR,FAILED,PENDING,BUSINESS_DECLINE,ZA,Insufficient Funds in Customer Account,Axis Bank,AXIS,SMART_PAYMENT_LINK,0.4052,MEDIUM,1,0,2,3,2026-09-03T12:05:48.543225
pay_npci_00603,mer_swiggy_inst,Swiggy Instamart Partner,cust_npci_00603,Aarav Kulkarni,aarav.kulkarni34@okhdfcbank,+919835356997,2334.81,INR,FAILED,PENDING,BUSINESS_DECLINE,ZA,Insufficient Funds in Customer Account,HDFC Bank,HDFC,SMART_PAYMENT_LINK,0.4249,MEDIUM,3,0,1,3,2026-08-10T12:28:21.622554
pay_npci_00604,mer_quick_kart,Bharat QuickCommerce,cust_npci_00604,Vivek Kulkarni,vivek.kulkarni69@okpnb,+919890464241,1115.4,INR,FAILED,PENDING,BUSINESS_DECLINE,ZA,Insufficient Funds in Customer Account,Punjab National Bank,PNB,SMART_PAYMENT_LINK,0.4308,MEDIUM,4,0,1,3,2026-08-13T12:00:38.904727
pay_npci_00605,mer_tech_bazaar,Croma TechBazaar,cust_npci_00605,Pooja Chopra,pooja.chopra18@paytm,+919874698365,4483.46,INR,FAILED,PENDING,BUSINESS_DECLINE,ZA,Insufficient Funds in Customer Account,Paytm Payments Bank,PYTM,SMART_PAYMENT_LINK,0.4019,MEDIUM,1,0,1,3,2026-08-20T17:17:55.593464
pay_npci_00606,mer_demo_apex,Apex Retail India Ltd,cust_npci_00606,Pranav Desai,pranav.desai28@okaxis,+919825614146,498.76,INR,FAILED,PENDING,BUSINESS_DECLINE,ZA,Insufficient Funds in Customer Account,Axis Bank,AXIS,SMART_PAYMENT_LINK,0.4362,MEDIUM,3,0,1,3,2026-08-08T19:35:20.539487
pay_npci_00607,mer_quick_kart,Bharat QuickCommerce,cust_npci_00607,Sneha Chatterjee,sneha.chatterjee12@sbi,+919842688226,161.65,INR,RECOVERED,RECOVERED,BUSINESS_DECLINE,ZA,Insufficient Funds in Customer Account,State Bank of India,SBI,SMART_PAYMENT_LINK,0.2955,LOW,11,0,1,3,2026-08-30T19:43:03.922162
pay_npci_00608,mer_demo_apex,Apex Retail India Ltd,cust_npci_00608,Priya Patel,priya.patel77@ibl,+919823023476,4306.75,INR,RECOVERED,RECOVERED,TECHNICAL_DECLINE,U69,Remitter Bank System Unavailable / Switch Error,Yes Bank / PhonePe,YESB,DIRECT_GATEWAY_RETRY,0.3378,LOW,9,1,1,3,2026-08-23T10:23:51.194379
pay_npci_00609,mer_demo_apex,Apex Retail India Ltd,cust_npci_00609,Isha Verma,isha.verma86@okhdfcbank,+919873529869,456.48,INR,RECOVERED,RECOVERED,TECHNICAL_DECLINE,U30,Beneficiary Bank Timeout After Debit (Ambiguous),HDFC Bank,HDFC,STATUS_POLL_VERIFICATION,0.3165,LOW,0,0,1,3,2026-08-10T22:17:39.523342
pay_npci_00610,mer_swiggy_inst,Swiggy Instamart Partner,cust_npci_00610,Vikram Reddy,vikram.reddy77@oksbi,+919896034804,53910.75,INR,RECOVERED,RECOVERED,TECHNICAL_DECLINE,U69,Remitter Bank System Unavailable / Switch Error,State Bank of India,SBI,DIRECT_GATEWAY_RETRY,0.1599,LOW,8,0,1,3,2026-08-22T14:16:50.272956
pay_npci_00611,mer_demo_apex,Apex Retail India Ltd,cust_npci_00611,Rohan Verma,rohan.verma95@paytm,+919898184639,3365.48,INR,FAILED,PENDING,TECHNICAL_DECLINE,U30,Beneficiary Bank Timeout After Debit (Ambiguous),Paytm Payments Bank,PYTM,STATUS_POLL_VERIFICATION,0.1633,LOW,14,0,1,3,2026-08-11T21:54:52.509413
pay_npci_00612,mer_demo_apex,Apex Retail India Ltd,cust_npci_00612,Vivek Nair,vivek.nair14@sbi,+919883996430,10676.89,INR,RECOVERED,RECOVERED,BUSINESS_DECLINE,ZM,Invalid MPIN Entered by Customer,State Bank of India,SBI,CUSTOMER_WHATSAPP_NUDGE,0.2852,LOW,10,0,1,3,2026-08-11T21:23:05.183875
pay_npci_00613,mer_kirana_net,Desi Kirana Network,cust_npci_00613,Sneha Chatterjee,sneha.chatterjee46@axisbank,+919816567026,225.83,INR,RECOVERED,RECOVERED,TECHNICAL_DECLINE,U69,Remitter Bank System Unavailable / Switch Error,Axis Bank,AXIS,DIRECT_GATEWAY_RETRY,0.02,LOW,13,0,1,3,2026-08-26T21:41:59.398129
pay_npci_00614,mer_tech_bazaar,Croma TechBazaar,cust_npci_00614,Rohan Mehta,rohan.mehta62@oksbi,+919817294473,259.31,INR,FAILED,PENDING,BUSINESS_DECLINE,ZA,Insufficient Funds in Customer Account,State Bank of India,SBI,SMART_PAYMENT_LINK,0.3046,LOW,6,0,2,3,2026-08-06T18:57:51.218347
pay_npci_00615,mer_kirana_net,Desi Kirana Network,cust_npci_00615,Aarav Reddy,aarav.reddy74@okpnb,+919814279088,194.51,INR,RECOVERED,RECOVERED,BUSINESS_DECLINE,ZM,Invalid MPIN Entered by Customer,Punjab National Bank,PNB,CUSTOMER_WHATSAPP_NUDGE,0.2291,LOW,17,0,1,3,2026-08-13T19:12:47.943739
pay_npci_00616,mer_kirana_net,Desi Kirana Network,cust_npci_00616,Aditi Chatterjee,aditi.chatterjee82@barodampay,+919824666684,143.26,INR,RECOVERED,RECOVERED,TECHNICAL_DECLINE,U30,Beneficiary Bank Timeout After Debit (Ambiguous),Bank of Baroda,BOB,STATUS_POLL_VERIFICATION,0.213,LOW,11,0,1,3,2026-08-06T19:35:48.298362
pay_npci_00617,mer_quick_kart,Bharat QuickCommerce,cust_npci_00617,Deepak Rao,deepak.rao23@axisbank,+919894073231,26.79,INR,FAILED,PENDING,BUSINESS_DECLINE,ZA,Insufficient Funds in Customer Account,Axis Bank,AXIS,SMART_PAYMENT_LINK,0.4546,MEDIUM,5,0,0,3,2026-08-30T20:33:28.610003
pay_npci_00618,mer_tech_bazaar,Croma TechBazaar,cust_npci_00618,Zoya Singh,zoya.singh10@paytm,+919834347554,292.75,INR,FAILED,PENDING,BUSINESS_DECLINE,ZA,Insufficient Funds in Customer Account,Paytm Payments Bank,PYTM,SMART_PAYMENT_LINK,0.3902,MEDIUM,3,0,0,3,2026-08-26T14:31:42.766880
pay_npci_00619,mer_kirana_net,Desi Kirana Network,cust_npci_00619,Rahul Patel,rahul.patel94@paytm,+919875572527,4357.26,INR,RECOVERED,RECOVERED,BUSINESS_DECLINE,ZA,Insufficient Funds in Customer Account,Paytm Payments Bank,PYTM,SMART_PAYMENT_LINK,0.2648,LOW,16,0,1,3,2026-08-24T09:44:48.732643
pay_npci_00620,mer_quick_kart,Bharat QuickCommerce,cust_npci_00620,Varun Singh,varun.singh17@hdfcbank,+919878897391,4560.29,INR,RECOVERED,RECOVERED,TECHNICAL_DECLINE,U69,Remitter Bank System Unavailable / Switch Error,HDFC Bank,HDFC,DIRECT_GATEWAY_RETRY,0.02,LOW,10,0,1,3,2026-08-31T12:21:39.342625
pay_npci_00621,mer_swiggy_inst,Swiggy Instamart Partner,cust_npci_00621,Vikram Rao,vikram.rao48@kmbl,+919868102709,330.34,INR,FAILED,PENDING,BUSINESS_DECLINE,U19,Daily Per-Transaction or Cumulative Limit Exceeded,Kotak Mahindra Bank,KKBK,SMART_PAYMENT_LINK,0.4221,MEDIUM,2,0,1,3,2026-08-31T10:13:19.401346
pay_npci_00622,mer_kirana_net,Desi Kirana Network,cust_npci_00622,Zoya Reddy,zoya.reddy72@axisbank,+919885447907,1629.6,INR,FAILED,PENDING,BUSINESS_DECLINE,ZA,Insufficient Funds in Customer Account,Axis Bank,AXIS,SMART_PAYMENT_LINK,0.2787,LOW,10,0,0,3,2026-08-19T08:35:39.767180
pay_npci_00623,mer_demo_apex,Apex Retail India Ltd,cust_npci_00623,Aarav Gupta,aarav.gupta92@okicici,+919886592027,2538.67,INR,FAILED,PENDING,TECHNICAL_DECLINE,U30,Beneficiary Bank Timeout After Debit (Ambiguous),ICICI Bank,ICICI,STATUS_POLL_VERIFICATION,0.1837,LOW,6,0,1,3,2026-08-24T10:44:26.791004
pay_npci_00624,mer_swiggy_inst,Swiggy Instamart Partner,cust_npci_00624,Vivek Nair,vivek.nair66@oksbi,+919843172748,351.65,INR,RECOVERED,RECOVERED,BUSINESS_DECLINE,ZM,Invalid MPIN Entered by Customer,State Bank of India,SBI,CUSTOMER_WHATSAPP_NUDGE,0.2643,LOW,6,0,1,3,2026-08-26T20:57:56.172745
pay_npci_00625,mer_demo_apex,Apex Retail India Ltd,cust_npci_00625,Rohan Nair,rohan.nair85@axisbank,+919896835660,187.84,INR,RECOVERED,RECOVERED,TECHNICAL_DECLINE,SWITCH_DOWN,NPCI Central Switch Queue Congestion,Axis Bank,AXIS,BACKOFF_RETRY,0.1519,LOW,5,0,1,3,2026-08-28T10:20:26.262245
pay_npci_00626,mer_swiggy_inst,Swiggy Instamart Partner,cust_npci_00626,Aarav Desai,aarav.desai10@paytm,+919894679037,2239.01,INR,RECOVERED,RECOVERED,TECHNICAL_DECLINE,U69,Remitter Bank System Unavailable / Switch Error,Paytm Payments Bank,PYTM,DIRECT_GATEWAY_RETRY,0.02,LOW,15,0,1,3,2026-08-07T12:33:02.587971
pay_npci_00627,mer_tech_bazaar,Croma TechBazaar,cust_npci_00627,Sunil Banerjee,sunil.banerjee96@oksbi,+919858049493,458.37,INR,RECOVERED,RECOVERED,TECHNICAL_DECLINE,U69,Remitter Bank System Unavailable / Switch Error,State Bank of India,SBI,DIRECT_GATEWAY_RETRY,0.02,LOW,16,0,1,3,2026-08-13T14:10:45.752259
pay_npci_00628,mer_quick_kart,Bharat QuickCommerce,cust_npci_00628,Vikram Kulkarni,vikram.kulkarni65@okicici,+919861671610,3968.73,INR,RECOVERED,RECOVERED,BUSINESS_DECLINE,ZM,Invalid MPIN Entered by Customer,ICICI Bank,ICICI,CUSTOMER_WHATSAPP_NUDGE,0.2671,LOW,15,0,1,3,2026-08-07T17:42:20.022560
pay_npci_00629,mer_swiggy_inst,Swiggy Instamart Partner,cust_npci_00629,Varun Reddy,varun.reddy29@okhdfcbank,+919869605165,193.77,INR,RECOVERED,RECOVERED,BUSINESS_DECLINE,ZA,Insufficient Funds in Customer Account,HDFC Bank,HDFC,SMART_PAYMENT_LINK,0.283,LOW,9,0,1,3,2026-08-07T19:26:03.902121
pay_npci_00630,mer_kirana_net,Desi Kirana Network,cust_npci_00630,Sneha Sharma,sneha.sharma68@sbi,+919886183380,42.24,INR,FAILED,IN_REVIEW,BUSINESS_DECLINE,K1,Suspected Fraud / Excessive Velocity Anomaly,State Bank of India,SBI,QUARANTINE_FOR_REVIEW,0.98,HIGH,7,1,2,3,2026-08-12T11:35:49.819698
pay_npci_00631,mer_swiggy_inst,Swiggy Instamart Partner,cust_npci_00631,Sunil Chatterjee,sunil.chatterjee23@ybl,+919887840510,814.06,INR,RECOVERED,RECOVERED,TECHNICAL_DECLINE,BT,Issuer Switch Timeout During 2FA Verification,Yes Bank / PhonePe,YESB,DIRECT_GATEWAY_RETRY,0.0209,LOW,15,0,1,3,2026-08-28T10:07:34.340351
pay_npci_00632,mer_swiggy_inst,Swiggy Instamart Partner,cust_npci_00632,Rahul Chatterjee,rahul.chatterjee14@sbi,+919828449383,157.15,INR,FAILED,PENDING,BUSINESS_DECLINE,ZM,Invalid MPIN Entered by Customer,State Bank of India,SBI,CUSTOMER_WHATSAPP_NUDGE,0.372,MEDIUM,2,0,2,3,2026-08-27T17:34:50.043743
pay_npci_00633,mer_tech_bazaar,Croma TechBazaar,cust_npci_00633,Vivek Mehta,vivek.mehta96@okpnb,+919839194060,275.15,INR,RECOVERED,RECOVERED,BUSINESS_DECLINE,ZA,Insufficient Funds in Customer Account,Punjab National Bank,PNB,SMART_PAYMENT_LINK,0.322,LOW,10,0,1,3,2026-08-26T17:53:56.566960
pay_npci_00634,mer_demo_apex,Apex Retail India Ltd,cust_npci_00634,Isha Nair,isha.nair24@okicici,+919876070940,238.23,INR,FAILED,PENDING,BUSINESS_DECLINE,XH,Customer Account Blocked / Frozen / Dormant,ICICI Bank,ICICI,ESCALATE_TO_HUMAN,0.5681,MEDIUM,11,0,0,3,2026-08-17T19:14:02.519393
pay_npci_00635,mer_tech_bazaar,Croma TechBazaar,cust_npci_00635,Manish Reddy,manish.reddy19@okicici,+919812581844,273.34,INR,RECOVERED,RECOVERED,BUSINESS_DECLINE,U19,Daily Per-Transaction or Cumulative Limit Exceeded,ICICI Bank,ICICI,SMART_PAYMENT_LINK,0.3291,LOW,9,0,1,3,2026-08-21T10:16:39.836358
pay_npci_00636,mer_tech_bazaar,Croma TechBazaar,cust_npci_00636,Sneha Verma,sneha.verma22@kotak,+919826128652,158.91,INR,RECOVERED,RECOVERED,TECHNICAL_DECLINE,U69,Remitter Bank System Unavailable / Switch Error,Kotak Mahindra Bank,KKBK,DIRECT_GATEWAY_RETRY,0.02,LOW,14,0,1,3,2026-08-11T18:12:51.094729
pay_npci_00637,mer_quick_kart,Bharat QuickCommerce,cust_npci_00637,Priya Joshi,priya.joshi89@okaxis,+919897402838,172.41,INR,RECOVERED,RECOVERED,TECHNICAL_DECLINE,BT,Issuer Switch Timeout During 2FA Verification,Axis Bank,AXIS,DIRECT_GATEWAY_RETRY,0.0201,LOW,11,0,1,3,2026-08-21T19:47:25.565411
pay_npci_00638,mer_tech_bazaar,Croma TechBazaar,cust_npci_00638,Varun Nair,varun.nair83@sbi,+919872718587,335.8,INR,RECOVERED,RECOVERED,TECHNICAL_DECLINE,U69,Remitter Bank System Unavailable / Switch Error,State Bank of India,SBI,DIRECT_GATEWAY_RETRY,0.1231,LOW,1,0,1,3,2026-08-23T07:01:03.663355
pay_npci_00639,mer_quick_kart,Bharat QuickCommerce,cust_npci_00639,Rahul Kumar,rahul.kumar37@hdfcbank,+919854018245,301.67,INR,RECOVERED,RECOVERED,BUSINESS_DECLINE,ZM,Invalid MPIN Entered by Customer,HDFC Bank,HDFC,CUSTOMER_WHATSAPP_NUDGE,0.2881,LOW,11,0,1,3,2026-08-16T09:43:03.720734
pay_npci_00640,mer_quick_kart,Bharat QuickCommerce,cust_npci_00640,Sneha Reddy,sneha.reddy42@sbi,+919890983974,344.15,INR,RECOVERED,RECOVERED,TECHNICAL_DECLINE,BT,Issuer Switch Timeout During 2FA Verification,State Bank of India,SBI,DIRECT_GATEWAY_RETRY,0.0476,LOW,10,0,1,3,2026-08-06T22:28:34.459730
pay_npci_00641,mer_quick_kart,Bharat QuickCommerce,cust_npci_00641,Aarav Banerjee,aarav.banerjee51@sbi,+919822592668,884.05,INR,FAILED,PENDING,BUSINESS_DECLINE,XH,Customer Account Blocked / Frozen / Dormant,State Bank of India,SBI,ESCALATE_TO_HUMAN,0.5693,MEDIUM,14,0,2,3,2026-08-08T14:57:09.816731
pay_npci_00642,mer_demo_apex,Apex Retail India Ltd,cust_npci_00642,Rahul Kumar,rahul.kumar19@unionbank,+919884824137,39.32,INR,RECOVERED,RECOVERED,BUSINESS_DECLINE,ZM,Invalid MPIN Entered by Customer,Union Bank of India,UBI,CUSTOMER_WHATSAPP_NUDGE,0.2661,LOW,15,0,1,3,2026-08-16T22:42:11.684997
pay_npci_00643,mer_quick_kart,Bharat QuickCommerce,cust_npci_00643,Aarav Joshi,aarav.joshi23@sbi,+919853491404,154.76,INR,FAILED,PENDING,BUSINESS_DECLINE,ZA,Insufficient Funds in Customer Account,State Bank of India,SBI,SMART_PAYMENT_LINK,0.4183,MEDIUM,1,0,1,3,2026-08-27T07:19:55.364051
pay_npci_00644,mer_kirana_net,Desi Kirana Network,cust_npci_00644,Pooja Mehta,pooja.mehta59@kotak,+919841563634,450.37,INR,RECOVERED,RECOVERED,TECHNICAL_DECLINE,BT,Issuer Switch Timeout During 2FA Verification,Kotak Mahindra Bank,KKBK,DIRECT_GATEWAY_RETRY,0.1779,LOW,4,0,1,3,2026-08-26T20:37:07.419134
pay_npci_00645,mer_swiggy_inst,Swiggy Instamart Partner,cust_npci_00645,Vikram Desai,vikram.desai43@axisbank,+919858572936,439.31,INR,FAILED,PENDING,BUSINESS_DECLINE,ZM,Invalid MPIN Entered by Customer,Axis Bank,AXIS,CUSTOMER_WHATSAPP_NUDGE,0.4,MEDIUM,2,0,0,3,2026-08-10T15:29:48.241452
pay_npci_00646,mer_quick_kart,Bharat QuickCommerce,cust_npci_00646,Rahul Patel,rahul.patel98@oksbi,+919882382377,358.42,INR,RECOVERED,RECOVERED,TECHNICAL_DECLINE,U69,Remitter Bank System Unavailable / Switch Error,State Bank of India,SBI,DIRECT_GATEWAY_RETRY,0.02,LOW,13,0,1,3,2026-08-18T13:30:05.132360
pay_npci_00647,mer_tech_bazaar,Croma TechBazaar,cust_npci_00647,Isha Mehta,isha.mehta94@axisbank,+919810585722,15365.34,INR,RECOVERED,RECOVERED,BUSINESS_DECLINE,ZA,Insufficient Funds in Customer Account,Axis Bank,AXIS,SMART_PAYMENT_LINK,0.2876,LOW,11,0,1,3,2026-08-12T11:27:28.054648
pay_npci_00648,mer_swiggy_inst,Swiggy Instamart Partner,cust_npci_00648,Amit Singh,amit.singh63@okaxis,+919889324317,1595.26,INR,RECOVERED,RECOVERED,BUSINESS_DECLINE,ZA,Insufficient Funds in Customer Account,Axis Bank,AXIS,SMART_PAYMENT_LINK,0.2748,LOW,14,0,1,3,2026-08-13T18:04:34.424646
pay_npci_00649,mer_tech_bazaar,Croma TechBazaar,cust_npci_00649,Varun Sharma,varun.sharma88@okpnb,+919830403001,1400.29,INR,FAILED,PENDING,BUSINESS_DECLINE,ZA,Insufficient Funds in Customer Account,Punjab National Bank,PNB,SMART_PAYMENT_LINK,0.441,MEDIUM,0,0,2,3,2026-08-18T16:12:28.555457
pay_npci_00650,mer_demo_apex,Apex Retail India Ltd,cust_npci_00650,Kavita Chatterjee,kavita.chatterjee20@sbi,+919846073084,466.86,INR,RECOVERED,RECOVERED,BUSINESS_DECLINE,ZA,Insufficient Funds in Customer Account,State Bank of India,SBI,SMART_PAYMENT_LINK,0.3194,LOW,9,0,1,3,2026-08-25T21:48:38.272124
pay_npci_00651,mer_kirana_net,Desi Kirana Network,cust_npci_00651,Sunil Patel,sunil.patel26@paytm,+919848037747,2408.8,INR,FAILED,PENDING,BUSINESS_DECLINE,ZA,Insufficient Funds in Customer Account,Paytm Payments Bank,PYTM,SMART_PAYMENT_LINK,0.3072,LOW,8,0,1,3,2026-08-16T18:13:22.786046
pay_npci_00652,mer_tech_bazaar,Croma TechBazaar,cust_npci_00652,Vikram Chopra,vikram.chopra28@oksbi,+919841148736,484.8,INR,RECOVERED,RECOVERED,TECHNICAL_DECLINE,U69,Remitter Bank System Unavailable / Switch Error,State Bank of India,SBI,DIRECT_GATEWAY_RETRY,0.02,LOW,12,0,1,3,2026-08-20T10:20:47.209784
pay_npci_00653,mer_demo_apex,Apex Retail India Ltd,cust_npci_00653,Aditi Reddy,aditi.reddy88@okhdfcbank,+919881574829,2082.31,INR,RECOVERED,RECOVERED,BUSINESS_DECLINE,ZA,Insufficient Funds in Customer Account,HDFC Bank,HDFC,SMART_PAYMENT_LINK,0.3223,LOW,14,0,1,3,2026-08-30T20:24:46.317791
pay_npci_00654,mer_demo_apex,Apex Retail India Ltd,cust_npci_00654,Vivek Rao,vivek.rao61@oksbi,+919861482817,2950.4,INR,FAILED,IN_REVIEW,BUSINESS_DECLINE,XH,Customer Account Blocked / Frozen / Dormant,State Bank of India,SBI,ESCALATE_TO_HUMAN,0.7029,HIGH,0,0,0,3,2026-08-18T18:18:40.316690
pay_npci_00655,mer_swiggy_inst,Swiggy Instamart Partner,cust_npci_00655,Rahul Rao,rahul.rao57@paytm,+919887268606,305.55,INR,FAILED,PENDING,BUSINESS_DECLINE,U19,Daily Per-Transaction or Cumulative Limit Exceeded,Paytm Payments Bank,PYTM,SMART_PAYMENT_LINK,0.3616,MEDIUM,16,0,2,3,2026-08-27T10:13:26.545538
pay_npci_00656,mer_swiggy_inst,Swiggy Instamart Partner,cust_npci_00656,Varun Patel,varun.patel96@okicici,+919859894761,92.55,INR,FAILED,IN_REVIEW,BUSINESS_DECLINE,K1,Suspected Fraud / Excessive Velocity Anomaly,ICICI Bank,ICICI,QUARANTINE_FOR_REVIEW,0.98,HIGH,13,1,2,3,2026-08-26T12:58:35.868908
pay_npci_00657,mer_kirana_net,Desi Kirana Network,cust_npci_00657,Sneha Chatterjee,sneha.chatterjee26@ybl,+919875555998,481.59,INR,FAILED,PENDING,BUSINESS_DECLINE,XH,Customer Account Blocked / Frozen / Dormant,Yes Bank / PhonePe,YESB,ESCALATE_TO_HUMAN,0.586,MEDIUM,9,0,1,3,2026-08-07T12:18:52.760513
pay_npci_00658,mer_demo_apex,Apex Retail India Ltd,cust_npci_00658,Deepak Nair,deepak.nair73@axisbank,+919819148143,63.69,INR,FAILED,PENDING,BUSINESS_DECLINE,XH,Customer Account Blocked / Frozen / Dormant,Axis Bank,AXIS,ESCALATE_TO_HUMAN,0.5679,MEDIUM,9,0,2,3,2026-08-11T14:46:35.300711
pay_npci_00659,mer_demo_apex,Apex Retail India Ltd,cust_npci_00659,Amit Sharma,amit.sharma83@sbi,+919835247535,257.29,INR,RECOVERED,RECOVERED,TECHNICAL_DECLINE,U69,Remitter Bank System Unavailable / Switch Error,State Bank of India,SBI,DIRECT_GATEWAY_RETRY,0.02,LOW,14,0,1,3,2026-08-27T20:04:05.271045
pay_npci_00660,mer_kirana_net,Desi Kirana Network,cust_npci_00660,Tanvi Chatterjee,tanvi.chatterjee33@okpnb,+919855499162,367.88,INR,FAILED,PENDING,BUSINESS_DECLINE,ZA,Insufficient Funds in Customer Account,Punjab National Bank,PNB,SMART_PAYMENT_LINK,0.2965,LOW,18,0,0,3,2026-08-16T18:30:59.137795
pay_npci_00661,mer_kirana_net,Desi Kirana Network,cust_npci_00661,Aarav Kulkarni,aarav.kulkarni35@paytm,+919871146773,374.67,INR,RECOVERED,RECOVERED,BUSINESS_DECLINE,U19,Daily Per-Transaction or Cumulative Limit Exceeded,Paytm Payments Bank,PYTM,SMART_PAYMENT_LINK,0.3254,LOW,10,0,1,3,2026-08-24T18:27:54.664044
pay_npci_00662,mer_demo_apex,Apex Retail India Ltd,cust_npci_00662,Manish Patel,manish.patel25@paytm,+919895325472,61.51,INR,FAILED,PENDING,BUSINESS_DECLINE,ZM,Invalid MPIN Entered by Customer,Paytm Payments Bank,PYTM,CUSTOMER_WHATSAPP_NUDGE,0.4093,MEDIUM,0,0,2,3,2026-08-12T10:56:24.397166
pay_npci_00663,mer_quick_kart,Bharat QuickCommerce,cust_npci_00663,Varun Verma,varun.verma87@unionbank,+919854280314,17823.2,INR,FAILED,PENDING,BUSINESS_DECLINE,XH,Customer Account Blocked / Frozen / Dormant,Union Bank of India,UBI,ESCALATE_TO_HUMAN,0.575,MEDIUM,18,0,2,3,2026-08-20T23:30:57.753148
pay_npci_00664,mer_quick_kart,Bharat QuickCommerce,cust_npci_00664,Neha Joshi,neha.joshi77@unionbank,+919845544141,472.89,INR,RECOVERED,RECOVERED,TECHNICAL_DECLINE,BT,Issuer Switch Timeout During 2FA Verification,Union Bank of India,UBI,DIRECT_GATEWAY_RETRY,0.0488,LOW,14,0,1,3,2026-08-22T21:58:05.422808
pay_npci_00665,mer_demo_apex,Apex Retail India Ltd,cust_npci_00665,Pranav Banerjee,pranav.banerjee18@paytm,+919847332819,350.12,INR,RECOVERED,RECOVERED,BUSINESS_DECLINE,ZA,Insufficient Funds in Customer Account,Paytm Payments Bank,PYTM,SMART_PAYMENT_LINK,0.2768,LOW,16,0,1,3,2026-08-20T21:08:04.219546
pay_npci_00666,mer_kirana_net,Desi Kirana Network,cust_npci_00666,Aditi Rao,aditi.rao53@kmbl,+919817630680,465.91,INR,RECOVERED,RECOVERED,BUSINESS_DECLINE,ZA,Insufficient Funds in Customer Account,Kotak Mahindra Bank,KKBK,SMART_PAYMENT_LINK,0.339,LOW,6,0,1,3,2026-08-26T21:34:06.137943
pay_npci_00667,mer_kirana_net,Desi Kirana Network,cust_npci_00667,Aditi Reddy,aditi.reddy70@icici,+919815254437,1278.16,INR,FAILED,PENDING,BUSINESS_DECLINE,ZM,Invalid MPIN Entered by Customer,ICICI Bank,ICICI,CUSTOMER_WHATSAPP_NUDGE,0.3628,MEDIUM,4,0,1,3,2026-08-20T15:18:18.240900
pay_npci_00668,mer_tech_bazaar,Croma TechBazaar,cust_npci_00668,Rahul Gupta,rahul.gupta87@sbi,+919880561591,185.37,INR,RECOVERED,RECOVERED,BUSINESS_DECLINE,ZM,Invalid MPIN Entered by Customer,State Bank of India,SBI,CUSTOMER_WHATSAPP_NUDGE,0.2971,LOW,14,0,1,3,2026-08-09T10:44:15.394163
pay_npci_00669,mer_quick_kart,Bharat QuickCommerce,cust_npci_00669,Kavita Rao,kavita.rao41@icici,+919815835550,4546.72,INR,RECOVERED,RECOVERED,TECHNICAL_DECLINE,U69,Remitter Bank System Unavailable / Switch Error,ICICI Bank,ICICI,DIRECT_GATEWAY_RETRY,0.02,LOW,7,0,1,3,2026-08-23T09:44:14.788508
pay_npci_00670,mer_quick_kart,Bharat QuickCommerce,cust_npci_00670,Aarav Joshi,aarav.joshi68@icici,+919817127322,164.04,INR,FAILED,PENDING,BUSINESS_DECLINE,U19,Daily Per-Transaction or Cumulative Limit Exceeded,ICICI Bank,ICICI,SMART_PAYMENT_LINK,0.4247,MEDIUM,3,0,2,3,2026-08-15T19:45:23.621685
pay_npci_00671,mer_demo_apex,Apex Retail India Ltd,cust_npci_00671,Zoya Mehta,zoya.mehta17@barodampay,+919828220385,310.99,INR,FAILED,PENDING,TECHNICAL_DECLINE,BT,Issuer Switch Timeout During 2FA Verification,Bank of Baroda,BOB,DIRECT_GATEWAY_RETRY,0.0476,LOW,17,0,2,3,2026-08-29T21:09:12.132808
pay_npci_00672,mer_swiggy_inst,Swiggy Instamart Partner,cust_npci_00672,Amit Rao,amit.rao49@paytm,+919826111169,4728.13,INR,RECOVERED,RECOVERED,BUSINESS_DECLINE,ZA,Insufficient Funds in Customer Account,Paytm Payments Bank,PYTM,SMART_PAYMENT_LINK,0.2775,LOW,12,0,1,3,2026-09-02T21:00:37.283794
pay_npci_00673,mer_demo_apex,Apex Retail India Ltd,cust_npci_00673,Neha Banerjee,neha.banerjee10@unionbank,+919880597364,468.81,INR,RECOVERED,RECOVERED,BUSINESS_DECLINE,ZA,Insufficient Funds in Customer Account,Union Bank of India,UBI,SMART_PAYMENT_LINK,0.3296,LOW,16,0,1,3,2026-08-06T18:54:54.603889
pay_npci_00674,mer_demo_apex,Apex Retail India Ltd,cust_npci_00674,Kiran Reddy,kiran.reddy85@okhdfcbank,+919837310076,316.16,INR,FAILED,PENDING,BUSINESS_DECLINE,ZM,Invalid MPIN Entered by Customer,HDFC Bank,HDFC,CUSTOMER_WHATSAPP_NUDGE,0.3581,MEDIUM,5,0,1,3,2026-08-13T15:20:59.068127
pay_npci_00675,mer_quick_kart,Bharat QuickCommerce,cust_npci_00675,Gaurav Rao,gaurav.rao93@unionbank,+919874103718,2252.07,INR,FAILED,PENDING,BUSINESS_DECLINE,ZM,Invalid MPIN Entered by Customer,Union Bank of India,UBI,CUSTOMER_WHATSAPP_NUDGE,0.2496,LOW,9,0,0,3,2026-08-31T08:57:53.722985
pay_npci_00676,mer_swiggy_inst,Swiggy Instamart Partner,cust_npci_00676,Manish Nair,manish.nair36@okhdfcbank,+919838940623,491.43,INR,RECOVERED,RECOVERED,BUSINESS_DECLINE,U19,Daily Per-Transaction or Cumulative Limit Exceeded,HDFC Bank,HDFC,SMART_PAYMENT_LINK,0.3227,LOW,18,0,1,3,2026-08-07T11:09:56.245890
pay_npci_00677,mer_demo_apex,Apex Retail India Ltd,cust_npci_00677,Neha Patel,neha.patel52@okhdfcbank,+919853767783,4752.06,INR,FAILED,PENDING,BUSINESS_DECLINE,U19,Daily Per-Transaction or Cumulative Limit Exceeded,HDFC Bank,HDFC,SMART_PAYMENT_LINK,0.303,LOW,10,0,1,3,2026-08-05T21:20:30.500361
pay_npci_00678,mer_quick_kart,Bharat QuickCommerce,cust_npci_00678,Rohan Gupta,rohan.gupta54@okaxis,+919881221537,7816.01,INR,FAILED,PENDING,BUSINESS_DECLINE,U19,Daily Per-Transaction or Cumulative Limit Exceeded,Axis Bank,AXIS,SMART_PAYMENT_LINK,0.4184,MEDIUM,5,0,2,3,2026-08-23T18:05:24.775885
pay_npci_00679,mer_swiggy_inst,Swiggy Instamart Partner,cust_npci_00679,Tanvi Gupta,tanvi.gupta89@oksbi,+919868652732,424.25,INR,FAILED,PENDING,BUSINESS_DECLINE,ZM,Invalid MPIN Entered by Customer,State Bank of India,SBI,CUSTOMER_WHATSAPP_NUDGE,0.2758,LOW,18,0,0,3,2026-09-01T13:21:07.734508
pay_npci_00680,mer_tech_bazaar,Croma TechBazaar,cust_npci_00680,Aditi Kumar,aditi.kumar94@kotak,+919832069950,39.31,INR,RECOVERED,RECOVERED,BUSINESS_DECLINE,ZM,Invalid MPIN Entered by Customer,Kotak Mahindra Bank,KKBK,CUSTOMER_WHATSAPP_NUDGE,0.2936,LOW,10,0,1,3,2026-08-08T17:06:23.155626
pay_npci_00681,mer_demo_apex,Apex Retail India Ltd,cust_npci_00681,Sneha Verma,sneha.verma22@okicici,+919885651928,86.52,INR,RECOVERED,RECOVERED,TECHNICAL_DECLINE,U69,Remitter Bank System Unavailable / Switch Error,ICICI Bank,ICICI,DIRECT_GATEWAY_RETRY,0.02,LOW,14,0,1,3,2026-08-09T16:38:45.014938
pay_npci_00682,mer_swiggy_inst,Swiggy Instamart Partner,cust_npci_00682,Priya Sharma,priya.sharma44@okicici,+919860015799,92.37,INR,FAILED,IN_REVIEW,BUSINESS_DECLINE,K1,Suspected Fraud / Excessive Velocity Anomaly,ICICI Bank,ICICI,QUARANTINE_FOR_REVIEW,0.98,HIGH,0,1,1,3,2026-08-17T21:03:13.646567
pay_npci_00683,mer_quick_kart,Bharat QuickCommerce,cust_npci_00683,Rohan Singh,rohan.singh78@okpnb,+919856568276,2171.13,INR,FAILED,PENDING,BUSINESS_DECLINE,U19,Daily Per-Transaction or Cumulative Limit Exceeded,Punjab National Bank,PNB,SMART_PAYMENT_LINK,0.3659,MEDIUM,10,0,1,3,2026-08-12T19:54:32.829446
pay_npci_00684,mer_demo_apex,Apex Retail India Ltd,cust_npci_00684,Sneha Kulkarni,sneha.kulkarni55@sbi,+919872850781,30120.39,INR,FAILED,PENDING,BUSINESS_DECLINE,ZA,Insufficient Funds in Customer Account,State Bank of India,SBI,SMART_PAYMENT_LINK,0.5761,MEDIUM,0,0,0,3,2026-08-11T10:36:02.006419
pay_npci_00685,mer_tech_bazaar,Croma TechBazaar,cust_npci_00685,Deepak Kulkarni,deepak.kulkarni94@icici,+919810474990,2487.69,INR,RECOVERED,RECOVERED,TECHNICAL_DECLINE,U30,Beneficiary Bank Timeout After Debit (Ambiguous),ICICI Bank,ICICI,STATUS_POLL_VERIFICATION,0.2957,LOW,4,0,1,3,2026-08-09T17:51:57.372793
pay_npci_00686,mer_kirana_net,Desi Kirana Network,cust_npci_00686,Zoya Singh,zoya.singh27@hdfcbank,+919820165962,318.96,INR,FAILED,PENDING,BUSINESS_DECLINE,ZA,Insufficient Funds in Customer Account,HDFC Bank,HDFC,SMART_PAYMENT_LINK,0.4337,MEDIUM,0,0,2,3,2026-08-16T11:12:06.558857
pay_npci_00687,mer_tech_bazaar,Croma TechBazaar,cust_npci_00687,Deepak Banerjee,deepak.banerjee76@okhdfcbank,+919825002965,5918.39,INR,RECOVERED,RECOVERED,BUSINESS_DECLINE,ZA,Insufficient Funds in Customer Account,HDFC Bank,HDFC,SMART_PAYMENT_LINK,0.2696,LOW,16,0,1,3,2026-08-23T19:06:42.558067
pay_npci_00688,mer_kirana_net,Desi Kirana Network,cust_npci_00688,Vikram Desai,vikram.desai31@icici,+919836982326,396.84,INR,RECOVERED,RECOVERED,BUSINESS_DECLINE,ZA,Insufficient Funds in Customer Account,ICICI Bank,ICICI,SMART_PAYMENT_LINK,0.2618,LOW,7,0,1,3,2026-08-10T21:26:38.171151
pay_npci_00689,mer_swiggy_inst,Swiggy Instamart Partner,cust_npci_00689,Tanvi Patel,tanvi.patel74@sbi,+919872774576,163.48,INR,FAILED,PENDING,TECHNICAL_DECLINE,U30,Beneficiary Bank Timeout After Debit (Ambiguous),State Bank of India,SBI,STATUS_POLL_VERIFICATION,0.5596,MEDIUM,13,1,2,3,2026-08-19T19:36:42.718754
pay_npci_00690,mer_kirana_net,Desi Kirana Network,cust_npci_00690,Rohan Verma,rohan.verma79@hdfcbank,+919831015781,1361.88,INR,FAILED,PENDING,BUSINESS_DECLINE,ZM,Invalid MPIN Entered by Customer,HDFC Bank,HDFC,CUSTOMER_WHATSAPP_NUDGE,0.4182,MEDIUM,3,0,0,3,2026-08-08T12:27:23.401694
pay_npci_00691,mer_tech_bazaar,Croma TechBazaar,cust_npci_00691,Sunil Gupta,sunil.gupta97@okhdfcbank,+919849088010,2779.92,INR,FAILED,PENDING,BUSINESS_DECLINE,ZA,Insufficient Funds in Customer Account,HDFC Bank,HDFC,SMART_PAYMENT_LINK,0.3173,LOW,12,0,1,3,2026-08-09T15:28:58.800493
pay_npci_00692,mer_kirana_net,Desi Kirana Network,cust_npci_00692,Kavita Patel,kavita.patel53@oksbi,+919820452458,19720.82,INR,RECOVERED,RECOVERED,BUSINESS_DECLINE,U19,Daily Per-Transaction or Cumulative Limit Exceeded,State Bank of India,SBI,SMART_PAYMENT_LINK,0.3391,LOW,17,0,1,3,2026-08-13T18:02:44.261349
pay_npci_00693,mer_tech_bazaar,Croma TechBazaar,cust_npci_00693,Rohan Nair,rohan.nair71@barodampay,+919872789995,384.12,INR,RECOVERED,RECOVERED,TECHNICAL_DECLINE,U69,Remitter Bank System Unavailable / Switch Error,Bank of Baroda,BOB,DIRECT_GATEWAY_RETRY,0.02,LOW,13,0,1,3,2026-08-31T17:45:56.873939
pay_npci_00694,mer_demo_apex,Apex Retail India Ltd,cust_npci_00694,Pooja Mehta,pooja.mehta60@oksbi,+919818994077,105.59,INR,RECOVERED,RECOVERED,BUSINESS_DECLINE,ZA,Insufficient Funds in Customer Account,State Bank of India,SBI,SMART_PAYMENT_LINK,0.3127,LOW,12,0,1,3,2026-08-09T09:30:45.683699
pay_npci_00695,mer_swiggy_inst,Swiggy Instamart Partner,cust_npci_00695,Rohan Gupta,rohan.gupta36@oksbi,+919836689464,483.38,INR,RECOVERED,RECOVERED,TECHNICAL_DECLINE,U69,Remitter Bank System Unavailable / Switch Error,State Bank of India,SBI,DIRECT_GATEWAY_RETRY,0.0684,LOW,2,0,1,3,2026-08-06T11:06:01.024381
pay_npci_00696,mer_swiggy_inst,Swiggy Instamart Partner,cust_npci_00696,Kiran Verma,kiran.verma88@oksbi,+919898470711,1492.1,INR,FAILED,PENDING,TECHNICAL_DECLINE,U69,Remitter Bank System Unavailable / Switch Error,State Bank of India,SBI,DIRECT_GATEWAY_RETRY,0.1156,LOW,4,0,1,3,2026-08-06T19:17:17.228693
pay_npci_00697,mer_swiggy_inst,Swiggy Instamart Partner,cust_npci_00697,Priya Chatterjee,priya.chatterjee38@sbi,+919894584357,461.75,INR,FAILED,PENDING,BUSINESS_DECLINE,ZM,Invalid MPIN Entered by Customer,State Bank of India,SBI,CUSTOMER_WHATSAPP_NUDGE,0.3741,MEDIUM,4,0,0,3,2026-08-23T19:34:31.669693
pay_npci_00698,mer_tech_bazaar,Croma TechBazaar,cust_npci_00698,Sunil Rao,sunil.rao45@icici,+919854104994,1712.77,INR,RECOVERED,RECOVERED,BUSINESS_DECLINE,ZA,Insufficient Funds in Customer Account,ICICI Bank,ICICI,SMART_PAYMENT_LINK,0.2868,LOW,10,0,1,3,2026-09-02T22:03:31.806763
pay_npci_00699,mer_kirana_net,Desi Kirana Network,cust_npci_00699,Neha Nair,neha.nair24@hdfcbank,+919815451259,4774.35,INR,RECOVERED,RECOVERED,BUSINESS_DECLINE,ZM,Invalid MPIN Entered by Customer,HDFC Bank,HDFC,CUSTOMER_WHATSAPP_NUDGE,0.2306,LOW,10,0,1,3,2026-08-18T12:07:17.275964
pay_npci_00700,mer_quick_kart,Bharat QuickCommerce,cust_npci_00700,Priya Chatterjee,priya.chatterjee64@icici,+919811482440,132.74,INR,RECOVERED,RECOVERED,BUSINESS_DECLINE,U19,Daily Per-Transaction or Cumulative Limit Exceeded,ICICI Bank,ICICI,SMART_PAYMENT_LINK,0.3109,LOW,17,0,1,3,2026-08-19T11:19:58.117828
pay_npci_00701,mer_swiggy_inst,Swiggy Instamart Partner,cust_npci_00701,Isha Joshi,isha.joshi14@okpnb,+919828920450,412.4,INR,RECOVERED,RECOVERED,BUSINESS_DECLINE,ZA,Insufficient Funds in Customer Account,Punjab National Bank,PNB,SMART_PAYMENT_LINK,0.284,LOW,7,0,1,3,2026-08-21T20:36:35.591153
pay_npci_00702,mer_kirana_net,Desi Kirana Network,cust_npci_00702,Kavita Gupta,kavita.gupta67@okhdfcbank,+919824166910,463.39,INR,FAILED,PENDING,TECHNICAL_DECLINE,U30,Beneficiary Bank Timeout After Debit (Ambiguous),HDFC Bank,HDFC,STATUS_POLL_VERIFICATION,0.1896,LOW,7,0,0,3,2026-08-14T10:44:36.462684
pay_npci_00703,mer_tech_bazaar,Croma TechBazaar,cust_npci_00703,Neha Rao,neha.rao82@okicici,+919819670398,219.78,INR,RECOVERED,RECOVERED,TECHNICAL_DECLINE,BT,Issuer Switch Timeout During 2FA Verification,ICICI Bank,ICICI,DIRECT_GATEWAY_RETRY,0.1596,LOW,3,0,1,3,2026-08-12T16:54:19.341312
pay_npci_00704,mer_swiggy_inst,Swiggy Instamart Partner,cust_npci_00704,Varun Banerjee,varun.banerjee30@oksbi,+919813262017,332.18,INR,RECOVERED,RECOVERED,TECHNICAL_DECLINE,U69,Remitter Bank System Unavailable / Switch Error,State Bank of India,SBI,DIRECT_GATEWAY_RETRY,0.02,LOW,16,0,1,3,2026-08-29T18:54:31.707275
pay_npci_00705,mer_kirana_net,Desi Kirana Network,cust_npci_00705,Manish Chopra,manish.chopra65@icici,+919811592142,3701.69,INR,FAILED,PENDING,BUSINESS_DECLINE,ZA,Insufficient Funds in Customer Account,ICICI Bank,ICICI,SMART_PAYMENT_LINK,0.4474,MEDIUM,0,0,2,3,2026-08-31T09:31:20.070204
pay_npci_00706,mer_swiggy_inst,Swiggy Instamart Partner,cust_npci_00706,Neha Rao,neha.rao12@okaxis,+919840452920,60.92,INR,RECOVERED,RECOVERED,BUSINESS_DECLINE,ZM,Invalid MPIN Entered by Customer,Axis Bank,AXIS,CUSTOMER_WHATSAPP_NUDGE,0.2762,LOW,8,0,1,3,2026-08-05T06:28:26.223261
pay_npci_00707,mer_kirana_net,Desi Kirana Network,cust_npci_00707,Tanvi Chopra,tanvi.chopra95@axisbank,+919866576327,958.39,INR,RECOVERED,RECOVERED,BUSINESS_DECLINE,ZA,Insufficient Funds in Customer Account,Axis Bank,AXIS,SMART_PAYMENT_LINK,0.3222,LOW,7,0,1,3,2026-08-07T15:44:58.617332
pay_npci_00708,mer_quick_kart,Bharat QuickCommerce,cust_npci_00708,Sunil Rao,sunil.rao67@oksbi,+919816647638,333.09,INR,RECOVERED,RECOVERED,BUSINESS_DECLINE,ZM,Invalid MPIN Entered by Customer,State Bank of India,SBI,CUSTOMER_WHATSAPP_NUDGE,0.2335,LOW,16,0,1,3,2026-08-24T18:58:52.169293
pay_npci_00709,mer_swiggy_inst,Swiggy Instamart Partner,cust_npci_00709,Kiran Sharma,kiran.sharma92@kotak,+919838740261,36901.17,INR,RECOVERED,RECOVERED,TECHNICAL_DECLINE,U69,Remitter Bank System Unavailable / Switch Error,Kotak Mahindra Bank,KKBK,DIRECT_GATEWAY_RETRY,0.1498,LOW,15,0,1,3,2026-08-12T01:24:13.868620
pay_npci_00710,mer_kirana_net,Desi Kirana Network,cust_npci_00710,Sanjay Kumar,sanjay.kumar23@sbi,+919844428408,299.91,INR,RECOVERED,RECOVERED,BUSINESS_DECLINE,ZA,Insufficient Funds in Customer Account,State Bank of India,SBI,SMART_PAYMENT_LINK,0.2925,LOW,11,0,1,3,2026-08-28T07:32:08.244963
pay_npci_00711,mer_swiggy_inst,Swiggy Instamart Partner,cust_npci_00711,Pooja Desai,pooja.desai91@sbi,+919846545805,274.87,INR,RECOVERED,RECOVERED,BUSINESS_DECLINE,ZM,Invalid MPIN Entered by Customer,State Bank of India,SBI,CUSTOMER_WHATSAPP_NUDGE,0.2982,LOW,16,0,1,3,2026-08-12T09:02:47.638712
pay_npci_00712,mer_tech_bazaar,Croma TechBazaar,cust_npci_00712,Kavita Singh,kavita.singh96@barodampay,+919893467154,163.48,INR,RECOVERED,RECOVERED,BUSINESS_DECLINE,ZA,Insufficient Funds in Customer Account,Bank of Baroda,BOB,SMART_PAYMENT_LINK,0.3127,LOW,12,0,1,3,2026-08-24T17:52:21.124927
pay_npci_00713,mer_demo_apex,Apex Retail India Ltd,cust_npci_00713,Sanjay Nair,sanjay.nair38@okpnb,+919883782370,516.43,INR,FAILED,PENDING,BUSINESS_DECLINE,ZA,Insufficient Funds in Customer Account,Punjab National Bank,PNB,SMART_PAYMENT_LINK,0.6144,MEDIUM,7,1,2,3,2026-08-15T17:50:00.073811
pay_npci_00714,mer_tech_bazaar,Croma TechBazaar,cust_npci_00714,Aditi Chatterjee,aditi.chatterjee71@axisbank,+919898044299,203.95,INR,RECOVERED,RECOVERED,BUSINESS_DECLINE,U19,Daily Per-Transaction or Cumulative Limit Exceeded,Axis Bank,AXIS,SMART_PAYMENT_LINK,0.3164,LOW,6,0,1,3,2026-08-15T09:07:25.592243
pay_npci_00715,mer_quick_kart,Bharat QuickCommerce,cust_npci_00715,Sunil Singh,sunil.singh18@oksbi,+919859130418,1317.15,INR,FAILED,PENDING,TECHNICAL_DECLINE,SWITCH_DOWN,NPCI Central Switch Queue Congestion,State Bank of India,SBI,BACKOFF_RETRY,0.1233,LOW,3,0,2,3,2026-08-24T13:44:59.394124
pay_npci_00716,mer_quick_kart,Bharat QuickCommerce,cust_npci_00716,Aarav Nair,aarav.nair37@okaxis,+919884643742,465.95,INR,RECOVERED,RECOVERED,BUSINESS_DECLINE,ZA,Insufficient Funds in Customer Account,Axis Bank,AXIS,SMART_PAYMENT_LINK,0.3302,LOW,17,0,1,3,2026-08-18T20:01:20.803719
pay_npci_00717,mer_demo_apex,Apex Retail India Ltd,cust_npci_00717,Vivek Chatterjee,vivek.chatterjee77@okpnb,+919893257408,213.87,INR,FAILED,PENDING,BUSINESS_DECLINE,ZA,Insufficient Funds in Customer Account,Punjab National Bank,PNB,SMART_PAYMENT_LINK,0.3295,LOW,10,0,0,3,2026-08-23T11:34:36.075366
pay_npci_00718,mer_quick_kart,Bharat QuickCommerce,cust_npci_00718,Sanjay Gupta,sanjay.gupta35@icici,+919828562514,2542.42,INR,RECOVERED,RECOVERED,BUSINESS_DECLINE,ZM,Invalid MPIN Entered by Customer,ICICI Bank,ICICI,CUSTOMER_WHATSAPP_NUDGE,0.2281,LOW,11,0,1,3,2026-09-01T12:32:06.025530
pay_npci_00719,mer_tech_bazaar,Croma TechBazaar,cust_npci_00719,Rohan Banerjee,rohan.banerjee80@sbi,+919869569722,364.46,INR,RECOVERED,RECOVERED,BUSINESS_DECLINE,ZA,Insufficient Funds in Customer Account,State Bank of India,SBI,SMART_PAYMENT_LINK,0.2897,LOW,18,0,1,3,2026-08-26T18:19:28.342621
pay_npci_00720,mer_demo_apex,Apex Retail India Ltd,cust_npci_00720,Pooja Reddy,pooja.reddy68@ibl,+919810827966,496.12,INR,RECOVERED,RECOVERED,TECHNICAL_DECLINE,U69,Remitter Bank System Unavailable / Switch Error,Yes Bank / PhonePe,YESB,DIRECT_GATEWAY_RETRY,0.02,LOW,9,0,1,3,2026-09-01T21:47:33.311158
pay_npci_00721,mer_quick_kart,Bharat QuickCommerce,cust_npci_00721,Isha Chopra,isha.chopra56@barodampay,+919819299042,3921.59,INR,RECOVERED,RECOVERED,TECHNICAL_DECLINE,BT,Issuer Switch Timeout During 2FA Verification,Bank of Baroda,BOB,DIRECT_GATEWAY_RETRY,0.02,LOW,15,0,1,3,2026-08-17T12:00:39.437635
pay_npci_00722,mer_quick_kart,Bharat QuickCommerce,cust_npci_00722,Rohan Mehta,rohan.mehta57@sbi,+919864129732,489.03,INR,FAILED,PENDING,BUSINESS_DECLINE,U19,Daily Per-Transaction or Cumulative Limit Exceeded,State Bank of India,SBI,SMART_PAYMENT_LINK,0.4845,MEDIUM,1,0,0,3,2026-08-27T19:05:15.688301
pay_npci_00723,mer_quick_kart,Bharat QuickCommerce,cust_npci_00723,Zoya Patel,zoya.patel24@unionbank,+919878492876,425.01,INR,FAILED,PENDING,BUSINESS_DECLINE,ZA,Insufficient Funds in Customer Account,Union Bank of India,UBI,SMART_PAYMENT_LINK,0.4201,MEDIUM,0,0,0,3,2026-08-24T15:01:03.098559
pay_npci_00724,mer_tech_bazaar,Croma TechBazaar,cust_npci_00724,Sanjay Banerjee,sanjay.banerjee24@okaxis,+919848410252,303.52,INR,FAILED,PENDING,TECHNICAL_DECLINE,BT,Issuer Switch Timeout During 2FA Verification,Axis Bank,AXIS,DIRECT_GATEWAY_RETRY,0.02,LOW,16,0,0,3,2026-08-15T12:54:29.335174
pay_npci_00725,mer_kirana_net,Desi Kirana Network,cust_npci_00725,Isha Chatterjee,isha.chatterjee28@okaxis,+919883199970,1559.3,INR,RECOVERED,RECOVERED,TECHNICAL_DECLINE,U69,Remitter Bank System Unavailable / Switch Error,Axis Bank,AXIS,DIRECT_GATEWAY_RETRY,0.02,LOW,6,0,1,3,2026-08-23T17:27:48.102402
pay_npci_00726,mer_demo_apex,Apex Retail India Ltd,cust_npci_00726,Pooja Chopra,pooja.chopra34@unionbank,+919869758576,979.85,INR,FAILED,PENDING,BUSINESS_DECLINE,ZM,Invalid MPIN Entered by Customer,Union Bank of India,UBI,CUSTOMER_WHATSAPP_NUDGE,0.3718,MEDIUM,4,0,1,3,2026-08-10T17:26:22.729761
pay_npci_00727,mer_kirana_net,Desi Kirana Network,cust_npci_00727,Rohan Reddy,rohan.reddy99@okaxis,+919851253157,1118.99,INR,FAILED,PENDING,BUSINESS_DECLINE,ZM,Invalid MPIN Entered by Customer,Axis Bank,AXIS,CUSTOMER_WHATSAPP_NUDGE,0.3875,MEDIUM,2,0,0,3,2026-08-15T20:27:40.145868
pay_npci_00728,mer_swiggy_inst,Swiggy Instamart Partner,cust_npci_00728,Tanvi Patel,tanvi.patel65@okaxis,+919899160850,395.37,INR,FAILED,IN_REVIEW,BUSINESS_DECLINE,K1,Suspected Fraud / Excessive Velocity Anomaly,Axis Bank,AXIS,QUARANTINE_FOR_REVIEW,0.98,HIGH,4,1,1,3,2026-08-25T07:19:55.494205
pay_npci_00729,mer_quick_kart,Bharat QuickCommerce,cust_npci_00729,Rahul Patel,rahul.patel70@okaxis,+919896790355,4483.96,INR,RECOVERED,RECOVERED,BUSINESS_DECLINE,ZA,Insufficient Funds in Customer Account,Axis Bank,AXIS,SMART_PAYMENT_LINK,0.3121,LOW,12,0,1,3,2026-08-28T11:07:53.661096
pay_npci_00730,mer_quick_kart,Bharat QuickCommerce,cust_npci_00730,Pooja Kulkarni,pooja.kulkarni24@ybl,+919829064349,3695.15,INR,FAILED,PENDING,TECHNICAL_DECLINE,U30,Beneficiary Bank Timeout After Debit (Ambiguous),Yes Bank / PhonePe,YESB,STATUS_POLL_VERIFICATION,0.1863,LOW,16,0,1,3,2026-08-16T07:04:28.463936
pay_npci_00731,mer_swiggy_inst,Swiggy Instamart Partner,cust_npci_00731,Aditi Reddy,aditi.reddy95@oksbi,+919851839084,375.98,INR,RECOVERED,RECOVERED,BUSINESS_DECLINE,ZA,Insufficient Funds in Customer Account,State Bank of India,SBI,SMART_PAYMENT_LINK,0.3117,LOW,11,0,1,3,2026-08-14T19:22:36.385066
pay_npci_00732,mer_tech_bazaar,Croma TechBazaar,cust_npci_00732,Sneha Rao,sneha.rao23@paytm,+919848453126,277.36,INR,RECOVERED,RECOVERED,BUSINESS_DECLINE,ZA,Insufficient Funds in Customer Account,Paytm Payments Bank,PYTM,SMART_PAYMENT_LINK,0.3362,LOW,15,0,1,3,2026-08-27T18:22:13.529976
pay_npci_00733,mer_quick_kart,Bharat QuickCommerce,cust_npci_00733,Kavita Sharma,kavita.sharma33@okhdfcbank,+919840014035,3577.7,INR,FAILED,PENDING,BUSINESS_DECLINE,ZA,Insufficient Funds in Customer Account,HDFC Bank,HDFC,SMART_PAYMENT_LINK,0.4237,MEDIUM,0,0,0,3,2026-09-04T18:46:39.970565
pay_npci_00734,mer_quick_kart,Bharat QuickCommerce,cust_npci_00734,Varun Patel,varun.patel19@ibl,+919866656395,49.79,INR,FAILED,PENDING,BUSINESS_DECLINE,ZA,Insufficient Funds in Customer Account,Yes Bank / PhonePe,YESB,SMART_PAYMENT_LINK,0.4504,MEDIUM,0,0,2,3,2026-08-06T10:30:25.769063
pay_npci_00735,mer_demo_apex,Apex Retail India Ltd,cust_npci_00735,Ananya Sharma,ananya.sharma75@hdfcbank,+919861334470,3531.8,INR,FAILED,PENDING,BUSINESS_DECLINE,XH,Customer Account Blocked / Frozen / Dormant,HDFC Bank,HDFC,ESCALATE_TO_HUMAN,0.5331,MEDIUM,8,0,1,3,2026-08-23T06:57:17.769561
pay_npci_00736,mer_kirana_net,Desi Kirana Network,cust_npci_00736,Rahul Sharma,rahul.sharma80@paytm,+919823454318,242.73,INR,RECOVERED,RECOVERED,BUSINESS_DECLINE,ZA,Insufficient Funds in Customer Account,Paytm Payments Bank,PYTM,SMART_PAYMENT_LINK,0.3021,LOW,16,0,1,3,2026-08-13T16:13:42.933746
pay_npci_00737,mer_demo_apex,Apex Retail India Ltd,cust_npci_00737,Rahul Verma,rahul.verma93@sbi,+919889396290,25407.34,INR,FAILED,PENDING,BUSINESS_DECLINE,U19,Daily Per-Transaction or Cumulative Limit Exceeded,State Bank of India,SBI,SMART_PAYMENT_LINK,0.4896,MEDIUM,14,0,0,3,2026-08-22T11:55:48.004035
pay_npci_00738,mer_kirana_net,Desi Kirana Network,cust_npci_00738,Rohan Banerjee,rohan.banerjee87@hdfcbank,+919844897889,415.03,INR,RECOVERED,RECOVERED,BUSINESS_DECLINE,ZA,Insufficient Funds in Customer Account,HDFC Bank,HDFC,SMART_PAYMENT_LINK,0.3175,LOW,9,0,1,3,2026-08-20T08:25:43.425803
pay_npci_00739,mer_kirana_net,Desi Kirana Network,cust_npci_00739,Neha Reddy,neha.reddy45@paytm,+919874327360,155.96,INR,FAILED,PENDING,BUSINESS_DECLINE,ZA,Insufficient Funds in Customer Account,Paytm Payments Bank,PYTM,SMART_PAYMENT_LINK,0.4309,MEDIUM,2,0,2,3,2026-09-03T17:01:39.761765
pay_npci_00740,mer_kirana_net,Desi Kirana Network,cust_npci_00740,Pranav Singh,pranav.singh87@okpnb,+919890122992,1882.94,INR,RECOVERED,RECOVERED,TECHNICAL_DECLINE,U69,Remitter Bank System Unavailable / Switch Error,Punjab National Bank,PNB,DIRECT_GATEWAY_RETRY,0.02,LOW,13,0,1,3,2026-08-09T11:11:53.095005
pay_npci_00741,mer_tech_bazaar,Croma TechBazaar,cust_npci_00741,Isha Patel,isha.patel63@okhdfcbank,+919836048166,577.22,INR,FAILED,PENDING,BUSINESS_DECLINE,ZM,Invalid MPIN Entered by Customer,HDFC Bank,HDFC,CUSTOMER_WHATSAPP_NUDGE,0.3638,MEDIUM,3,0,0,3,2026-08-15T22:07:21.231273
pay_npci_00742,mer_tech_bazaar,Croma TechBazaar,cust_npci_00742,Sneha Banerjee,sneha.banerjee87@okhdfcbank,+919854855062,469.85,INR,FAILED,PENDING,BUSINESS_DECLINE,U19,Daily Per-Transaction or Cumulative Limit Exceeded,HDFC Bank,HDFC,SMART_PAYMENT_LINK,0.6793,MEDIUM,12,1,0,3,2026-09-03T11:57:27.698429
pay_npci_00743,mer_kirana_net,Desi Kirana Network,cust_npci_00743,Sanjay Joshi,sanjay.joshi37@okaxis,+919856271894,345.59,INR,FAILED,PENDING,BUSINESS_DECLINE,ZA,Insufficient Funds in Customer Account,Axis Bank,AXIS,SMART_PAYMENT_LINK,0.6236,MEDIUM,13,1,2,3,2026-08-21T17:38:21.971946
pay_npci_00744,mer_tech_bazaar,Croma TechBazaar,cust_npci_00744,Manish Verma,manish.verma19@axisbank,+919890058284,391.18,INR,RECOVERED,RECOVERED,BUSINESS_DECLINE,ZA,Insufficient Funds in Customer Account,Axis Bank,AXIS,SMART_PAYMENT_LINK,0.3233,LOW,12,0,1,3,2026-08-19T07:00:10.179990
pay_npci_00745,mer_demo_apex,Apex Retail India Ltd,cust_npci_00745,Rahul Kumar,rahul.kumar97@okpnb,+919883028097,493.47,INR,RECOVERED,RECOVERED,TECHNICAL_DECLINE,U69,Remitter Bank System Unavailable / Switch Error,Punjab National Bank,PNB,DIRECT_GATEWAY_RETRY,0.1152,LOW,0,0,1,3,2026-08-24T12:14:17.264339
pay_npci_00746,mer_demo_apex,Apex Retail India Ltd,cust_npci_00746,Vivek Banerjee,vivek.banerjee10@icici,+919856073932,438.83,INR,RECOVERED,RECOVERED,BUSINESS_DECLINE,ZM,Invalid MPIN Entered by Customer,ICICI Bank,ICICI,CUSTOMER_WHATSAPP_NUDGE,0.2748,LOW,17,0,1,3,2026-09-01T12:24:06.572594
pay_npci_00747,mer_quick_kart,Bharat QuickCommerce,cust_npci_00747,Pooja Mehta,pooja.mehta59@okhdfcbank,+919831945345,4634.19,INR,FAILED,PENDING,BUSINESS_DECLINE,U19,Daily Per-Transaction or Cumulative Limit Exceeded,HDFC Bank,HDFC,SMART_PAYMENT_LINK,0.4541,MEDIUM,5,0,0,3,2026-08-10T09:53:43.187927
pay_npci_00748,mer_demo_apex,Apex Retail India Ltd,cust_npci_00748,Rahul Sharma,rahul.sharma41@hdfcbank,+919888199443,27.99,INR,RECOVERED,RECOVERED,TECHNICAL_DECLINE,BT,Issuer Switch Timeout During 2FA Verification,HDFC Bank,HDFC,DIRECT_GATEWAY_RETRY,0.0499,LOW,10,0,1,3,2026-08-29T15:33:57.121416
pay_npci_00749,mer_kirana_net,Desi Kirana Network,cust_npci_00749,Ananya Joshi,ananya.joshi79@unionbank,+919883368106,4495.26,INR,RECOVERED,RECOVERED,BUSINESS_DECLINE,U19,Daily Per-Transaction or Cumulative Limit Exceeded,Union Bank of India,UBI,SMART_PAYMENT_LINK,0.3289,LOW,12,0,1,3,2026-08-26T16:39:17.518233
pay_npci_00750,mer_swiggy_inst,Swiggy Instamart Partner,cust_npci_00750,Rahul Rao,rahul.rao72@hdfcbank,+919887687377,4444.2,INR,RECOVERED,RECOVERED,TECHNICAL_DECLINE,U69,Remitter Bank System Unavailable / Switch Error,HDFC Bank,HDFC,DIRECT_GATEWAY_RETRY,0.02,LOW,9,0,1,3,2026-08-12T20:10:18.902083
pay_npci_00751,mer_kirana_net,Desi Kirana Network,cust_npci_00751,Neha Chatterjee,neha.chatterjee99@hdfcbank,+919887930306,2371.75,INR,FAILED,PENDING,BUSINESS_DECLINE,XH,Customer Account Blocked / Frozen / Dormant,HDFC Bank,HDFC,ESCALATE_TO_HUMAN,0.6841,MEDIUM,3,0,1,3,2026-08-12T09:11:27.642160
pay_npci_00752,mer_quick_kart,Bharat QuickCommerce,cust_npci_00752,Pranav Sharma,pranav.sharma76@kotak,+919814064514,702.04,INR,RECOVERED,RECOVERED,BUSINESS_DECLINE,ZA,Insufficient Funds in Customer Account,Kotak Mahindra Bank,KKBK,SMART_PAYMENT_LINK,0.2747,LOW,7,0,1,3,2026-08-30T12:49:28.099672
pay_npci_00753,mer_demo_apex,Apex Retail India Ltd,cust_npci_00753,Varun Gupta,varun.gupta24@barodampay,+919894589069,354.46,INR,RECOVERED,RECOVERED,BUSINESS_DECLINE,U19,Daily Per-Transaction or Cumulative Limit Exceeded,Bank of Baroda,BOB,SMART_PAYMENT_LINK,0.3187,LOW,7,0,1,3,2026-08-22T12:43:44.738914
pay_npci_00754,mer_tech_bazaar,Croma TechBazaar,cust_npci_00754,Sanjay Verma,sanjay.verma72@oksbi,+919899217645,465.25,INR,RECOVERED,RECOVERED,TECHNICAL_DECLINE,U69,Remitter Bank System Unavailable / Switch Error,State Bank of India,SBI,DIRECT_GATEWAY_RETRY,0.0829,LOW,5,0,1,3,2026-08-15T18:00:14.622324
pay_npci_00755,mer_tech_bazaar,Croma TechBazaar,cust_npci_00755,Sanjay Desai,sanjay.desai37@sbi,+919890567675,4132.97,INR,FAILED,PENDING,BUSINESS_DECLINE,ZA,Insufficient Funds in Customer Account,State Bank of India,SBI,SMART_PAYMENT_LINK,0.3115,LOW,18,0,0,3,2026-08-24T12:08:34.844149
pay_npci_00756,mer_tech_bazaar,Croma TechBazaar,cust_npci_00756,Vikram Rao,vikram.rao80@paytm,+919870736968,1988.57,INR,FAILED,PENDING,BUSINESS_DECLINE,ZM,Invalid MPIN Entered by Customer,Paytm Payments Bank,PYTM,CUSTOMER_WHATSAPP_NUDGE,0.6202,MEDIUM,16,1,1,3,2026-08-24T19:33:07.506872
pay_npci_00757,mer_tech_bazaar,Croma TechBazaar,cust_npci_00757,Pranav Reddy,pranav.reddy60@icici,+919868392525,6412.24,INR,FAILED,IN_REVIEW,BUSINESS_DECLINE,K1,Suspected Fraud / Excessive Velocity Anomaly,ICICI Bank,ICICI,QUARANTINE_FOR_REVIEW,0.98,HIGH,4,1,2,3,2026-08-20T01:04:40.789112
pay_npci_00758,mer_quick_kart,Bharat QuickCommerce,cust_npci_00758,Varun Desai,varun.desai84@sbi,+919864735541,121.86,INR,RECOVERED,RECOVERED,BUSINESS_DECLINE,U19,Daily Per-Transaction or Cumulative Limit Exceeded,State Bank of India,SBI,SMART_PAYMENT_LINK,0.3487,LOW,8,0,1,3,2026-08-23T19:49:15.590889
pay_npci_00759,mer_tech_bazaar,Croma TechBazaar,cust_npci_00759,Vivek Chopra,vivek.chopra49@sbi,+919890172672,2810.83,INR,FAILED,PENDING,BUSINESS_DECLINE,ZA,Insufficient Funds in Customer Account,State Bank of India,SBI,SMART_PAYMENT_LINK,0.4277,MEDIUM,4,0,0,3,2026-08-09T15:49:20.791384
pay_npci_00760,mer_tech_bazaar,Croma TechBazaar,cust_npci_00760,Gaurav Gupta,gaurav.gupta88@sbi,+919887887395,389.3,INR,RECOVERED,RECOVERED,BUSINESS_DECLINE,U19,Daily Per-Transaction or Cumulative Limit Exceeded,State Bank of India,SBI,SMART_PAYMENT_LINK,0.3138,LOW,6,0,1,3,2026-08-09T19:31:30.023967
pay_npci_00761,mer_quick_kart,Bharat QuickCommerce,cust_npci_00761,Tanvi Kulkarni,tanvi.kulkarni54@okhdfcbank,+919850019520,263.0,INR,FAILED,PENDING,BUSINESS_DECLINE,ZM,Invalid MPIN Entered by Customer,HDFC Bank,HDFC,CUSTOMER_WHATSAPP_NUDGE,0.3765,MEDIUM,0,0,0,3,2026-08-21T19:53:32.260880
pay_npci_00762,mer_quick_kart,Bharat QuickCommerce,cust_npci_00762,Sanjay Joshi,sanjay.joshi20@axisbank,+919839629509,417.47,INR,RECOVERED,RECOVERED,TECHNICAL_DECLINE,U30,Beneficiary Bank Timeout After Debit (Ambiguous),Axis Bank,AXIS,STATUS_POLL_VERIFICATION,0.1648,LOW,16,0,1,3,2026-08-11T19:43:30.801339
pay_npci_00763,mer_quick_kart,Bharat QuickCommerce,cust_npci_00763,Vivek Kulkarni,vivek.kulkarni84@oksbi,+919865794514,1736.85,INR,RECOVERED,RECOVERED,TECHNICAL_DECLINE,BT,Issuer Switch Timeout During 2FA Verification,State Bank of India,SBI,DIRECT_GATEWAY_RETRY,0.0291,LOW,6,0,1,3,2026-08-15T20:40:27.790144
pay_npci_00764,mer_swiggy_inst,Swiggy Instamart Partner,cust_npci_00764,Manish Chatterjee,manish.chatterjee94@okaxis,+919869009333,3792.28,INR,FAILED,PENDING,BUSINESS_DECLINE,ZA,Insufficient Funds in Customer Account,Axis Bank,AXIS,SMART_PAYMENT_LINK,0.3939,MEDIUM,3,0,2,3,2026-08-31T18:55:29.869110
pay_npci_00765,mer_swiggy_inst,Swiggy Instamart Partner,cust_npci_00765,Amit Chopra,amit.chopra73@icici,+919852494806,1476.3,INR,FAILED,IN_REVIEW,BUSINESS_DECLINE,K1,Suspected Fraud / Excessive Velocity Anomaly,ICICI Bank,ICICI,QUARANTINE_FOR_REVIEW,0.98,HIGH,15,1,2,3,2026-08-28T16:59:43.569625
pay_npci_00766,mer_quick_kart,Bharat QuickCommerce,cust_npci_00766,Zoya Mehta,zoya.mehta87@okicici,+919898500291,180.91,INR,FAILED,PENDING,BUSINESS_DECLINE,ZM,Invalid MPIN Entered by Customer,ICICI Bank,ICICI,CUSTOMER_WHATSAPP_NUDGE,0.4132,MEDIUM,2,0,1,3,2026-08-13T08:12:50.647223
pay_npci_00767,mer_swiggy_inst,Swiggy Instamart Partner,cust_npci_00767,Amit Patel,amit.patel31@hdfcbank,+919817645080,3164.88,INR,RECOVERED,RECOVERED,TECHNICAL_DECLINE,U30,Beneficiary Bank Timeout After Debit (Ambiguous),HDFC Bank,HDFC,STATUS_POLL_VERIFICATION,0.1677,LOW,16,0,1,3,2026-08-06T09:57:06.092156
pay_npci_00768,mer_kirana_net,Desi Kirana Network,cust_npci_00768,Pranav Rao,pranav.rao10@okhdfcbank,+919861199742,354.57,INR,RECOVERED,RECOVERED,BUSINESS_DECLINE,ZM,Invalid MPIN Entered by Customer,HDFC Bank,HDFC,CUSTOMER_WHATSAPP_NUDGE,0.2904,LOW,17,0,1,3,2026-08-23T16:52:00.786624
pay_npci_00769,mer_swiggy_inst,Swiggy Instamart Partner,cust_npci_00769,Sneha Reddy,sneha.reddy76@okpnb,+919846043252,149.17,INR,FAILED,PENDING,BUSINESS_DECLINE,ZA,Insufficient Funds in Customer Account,Punjab National Bank,PNB,SMART_PAYMENT_LINK,0.3811,MEDIUM,1,0,1,3,2026-08-09T13:46:09.015828
pay_npci_00770,mer_tech_bazaar,Croma TechBazaar,cust_npci_00770,Varun Kulkarni,varun.kulkarni60@sbi,+919813615246,4505.15,INR,RECOVERED,RECOVERED,BUSINESS_DECLINE,U19,Daily Per-Transaction or Cumulative Limit Exceeded,State Bank of India,SBI,SMART_PAYMENT_LINK,0.3481,LOW,9,0,1,3,2026-08-17T20:29:42.314877
pay_npci_00771,mer_demo_apex,Apex Retail India Ltd,cust_npci_00771,Gaurav Patel,gaurav.patel27@okhdfcbank,+919824000611,454.01,INR,FAILED,PENDING,BUSINESS_DECLINE,ZA,Insufficient Funds in Customer Account,HDFC Bank,HDFC,SMART_PAYMENT_LINK,0.338,LOW,17,0,1,3,2026-08-28T13:55:56.664296
pay_npci_00772,mer_kirana_net,Desi Kirana Network,cust_npci_00772,Kiran Desai,kiran.desai96@barodampay,+919844173860,482.03,INR,RECOVERED,RECOVERED,BUSINESS_DECLINE,ZA,Insufficient Funds in Customer Account,Bank of Baroda,BOB,SMART_PAYMENT_LINK,0.315,LOW,10,0,1,3,2026-08-06T15:00:52.756814
pay_npci_00773,mer_swiggy_inst,Swiggy Instamart Partner,cust_npci_00773,Amit Banerjee,amit.banerjee17@oksbi,+919868349107,3447.02,INR,RECOVERED,RECOVERED,BUSINESS_DECLINE,ZA,Insufficient Funds in Customer Account,State Bank of India,SBI,SMART_PAYMENT_LINK,0.2763,LOW,13,0,1,3,2026-09-03T16:41:12.462186
pay_npci_00774,mer_quick_kart,Bharat QuickCommerce,cust_npci_00774,Vikram Banerjee,vikram.banerjee29@icici,+919858598439,2710.8,INR,RECOVERED,RECOVERED,BUSINESS_DECLINE,ZA,Insufficient Funds in Customer Account,ICICI Bank,ICICI,SMART_PAYMENT_LINK,0.3255,LOW,13,0,1,3,2026-08-29T11:50:51.479210
pay_npci_00775,mer_swiggy_inst,Swiggy Instamart Partner,cust_npci_00775,Rahul Chopra,rahul.chopra98@paytm,+919874881502,98.34,INR,FAILED,PENDING,BUSINESS_DECLINE,ZM,Invalid MPIN Entered by Customer,Paytm Payments Bank,PYTM,CUSTOMER_WHATSAPP_NUDGE,0.2679,LOW,15,0,1,3,2026-08-22T22:00:06.766068
pay_npci_00776,mer_tech_bazaar,Croma TechBazaar,cust_npci_00776,Kavita Joshi,kavita.joshi46@okicici,+919884097217,26.53,INR,RECOVERED,RECOVERED,TECHNICAL_DECLINE,U69,Remitter Bank System Unavailable / Switch Error,ICICI Bank,ICICI,DIRECT_GATEWAY_RETRY,0.02,LOW,13,0,1,3,2026-08-25T18:03:01.803743
pay_npci_00777,mer_quick_kart,Bharat QuickCommerce,cust_npci_00777,Rohan Joshi,rohan.joshi64@paytm,+919832140826,410.11,INR,RECOVERED,RECOVERED,BUSINESS_DECLINE,ZM,Invalid MPIN Entered by Customer,Paytm Payments Bank,PYTM,CUSTOMER_WHATSAPP_NUDGE,0.2615,LOW,8,0,1,3,2026-08-06T21:42:15.862454
pay_npci_00778,mer_quick_kart,Bharat QuickCommerce,cust_npci_00778,Rahul Chatterjee,rahul.chatterjee79@okicici,+919819370166,62891.88,INR,RECOVERED,RECOVERED,TECHNICAL_DECLINE,U69,Remitter Bank System Unavailable / Switch Error,ICICI Bank,ICICI,DIRECT_GATEWAY_RETRY,0.1379,LOW,7,0,1,3,2026-08-05T19:25:05.526157
pay_npci_00779,mer_tech_bazaar,Croma TechBazaar,cust_npci_00779,Isha Verma,isha.verma80@oksbi,+919815248058,1441.65,INR,RECOVERED,RECOVERED,BUSINESS_DECLINE,U19,Daily Per-Transaction or Cumulative Limit Exceeded,State Bank of India,SBI,SMART_PAYMENT_LINK,0.3493,LOW,14,0,1,3,2026-08-08T07:43:48.045175
pay_npci_00780,mer_demo_apex,Apex Retail India Ltd,cust_npci_00780,Zoya Joshi,zoya.joshi31@paytm,+919889394373,138.25,INR,RECOVERED,RECOVERED,BUSINESS_DECLINE,ZA,Insufficient Funds in Customer Account,Paytm Payments Bank,PYTM,SMART_PAYMENT_LINK,0.2839,LOW,16,0,1,3,2026-08-07T20:36:58.459797
pay_npci_00781,mer_quick_kart,Bharat QuickCommerce,cust_npci_00781,Sunil Chatterjee,sunil.chatterjee10@oksbi,+919889678164,1557.23,INR,RECOVERED,RECOVERED,TECHNICAL_DECLINE,BT,Issuer Switch Timeout During 2FA Verification,State Bank of India,SBI,DIRECT_GATEWAY_RETRY,0.1584,LOW,4,0,1,3,2026-08-14T22:48:29.562591
pay_npci_00782,mer_kirana_net,Desi Kirana Network,cust_npci_00782,Rahul Reddy,rahul.reddy64@unionbank,+919834417821,409.82,INR,RECOVERED,RECOVERED,TECHNICAL_DECLINE,U69,Remitter Bank System Unavailable / Switch Error,Union Bank of India,UBI,DIRECT_GATEWAY_RETRY,0.02,LOW,13,0,1,3,2026-08-30T12:53:20.606323
pay_npci_00783,mer_tech_bazaar,Croma TechBazaar,cust_npci_00783,Ananya Banerjee,ananya.banerjee81@oksbi,+919899583243,345.39,INR,RECOVERED,RECOVERED,TECHNICAL_DECLINE,U69,Remitter Bank System Unavailable / Switch Error,State Bank of India,SBI,DIRECT_GATEWAY_RETRY,0.02,LOW,6,0,1,3,2026-08-06T12:50:28.357995
pay_npci_00784,mer_demo_apex,Apex Retail India Ltd,cust_npci_00784,Kavita Patel,kavita.patel27@okpnb,+919810595807,49.41,INR,RECOVERED,RECOVERED,BUSINESS_DECLINE,ZA,Insufficient Funds in Customer Account,Punjab National Bank,PNB,SMART_PAYMENT_LINK,0.2744,LOW,14,0,1,3,2026-08-11T10:55:25.641248
pay_npci_00785,mer_demo_apex,Apex Retail India Ltd,cust_npci_00785,Aditi Gupta,aditi.gupta39@paytm,+919886406066,2981.05,INR,FAILED,PENDING,BUSINESS_DECLINE,XH,Customer Account Blocked / Frozen / Dormant,Paytm Payments Bank,PYTM,ESCALATE_TO_HUMAN,0.6536,MEDIUM,4,0,0,3,2026-08-21T19:48:10.576929
pay_npci_00786,mer_quick_kart,Bharat QuickCommerce,cust_npci_00786,Kavita Sharma,kavita.sharma32@icici,+919887209307,304.81,INR,FAILED,PENDING,BUSINESS_DECLINE,ZA,Insufficient Funds in Customer Account,ICICI Bank,ICICI,SMART_PAYMENT_LINK,0.4113,MEDIUM,3,0,1,3,2026-09-03T14:41:32.431364
pay_npci_00787,mer_swiggy_inst,Swiggy Instamart Partner,cust_npci_00787,Neha Joshi,neha.joshi49@ibl,+919832169326,335.03,INR,RECOVERED,RECOVERED,BUSINESS_DECLINE,ZM,Invalid MPIN Entered by Customer,Yes Bank / PhonePe,YESB,CUSTOMER_WHATSAPP_NUDGE,0.3498,LOW,3,0,1,3,2026-08-08T13:32:31.398115
pay_npci_00788,mer_quick_kart,Bharat QuickCommerce,cust_npci_00788,Aditi Verma,aditi.verma44@barodampay,+919884793358,209.89,INR,RECOVERED,RECOVERED,TECHNICAL_DECLINE,U69,Remitter Bank System Unavailable / Switch Error,Bank of Baroda,BOB,DIRECT_GATEWAY_RETRY,0.02,LOW,10,0,1,3,2026-08-07T04:09:18.771426
pay_npci_00789,mer_swiggy_inst,Swiggy Instamart Partner,cust_npci_00789,Sneha Singh,sneha.singh98@unionbank,+919837758220,54047.78,INR,RECOVERED,RECOVERED,TECHNICAL_DECLINE,BT,Issuer Switch Timeout During 2FA Verification,Union Bank of India,UBI,DIRECT_GATEWAY_RETRY,0.1716,LOW,17,0,1,3,2026-08-21T16:46:33.071351
pay_npci_00790,mer_tech_bazaar,Croma TechBazaar,cust_npci_00790,Rahul Kumar,rahul.kumar36@icici,+919865471716,494.93,INR,FAILED,PENDING,BUSINESS_DECLINE,ZA,Insufficient Funds in Customer Account,ICICI Bank,ICICI,SMART_PAYMENT_LINK,0.6581,MEDIUM,8,1,1,3,2026-08-28T18:11:34.135438
pay_npci_00791,mer_tech_bazaar,Croma TechBazaar,cust_npci_00791,Rahul Rao,rahul.rao54@okpnb,+919821928959,372.44,INR,RECOVERED,RECOVERED,TECHNICAL_DECLINE,U69,Remitter Bank System Unavailable / Switch Error,Punjab National Bank,PNB,DIRECT_GATEWAY_RETRY,0.02,LOW,16,0,1,3,2026-08-22T21:09:51.366738
pay_npci_00792,mer_kirana_net,Desi Kirana Network,cust_npci_00792,Amit Kumar,amit.kumar62@okhdfcbank,+919824567792,195.75,INR,FAILED,PENDING,BUSINESS_DECLINE,ZA,Insufficient Funds in Customer Account,HDFC Bank,HDFC,SMART_PAYMENT_LINK,0.3224,LOW,12,0,0,3,2026-08-19T18:58:27.581125
pay_npci_00793,mer_tech_bazaar,Croma TechBazaar,cust_npci_00793,Aarav Desai,aarav.desai87@icici,+919815084617,370.04,INR,RECOVERED,RECOVERED,BUSINESS_DECLINE,ZA,Insufficient Funds in Customer Account,ICICI Bank,ICICI,SMART_PAYMENT_LINK,0.3149,LOW,10,0,1,3,2026-08-17T22:34:47.193572
pay_npci_00794,mer_quick_kart,Bharat QuickCommerce,cust_npci_00794,Deepak Mehta,deepak.mehta37@axisbank,+919857833011,123.45,INR,FAILED,PENDING,BUSINESS_DECLINE,XH,Customer Account Blocked / Frozen / Dormant,Axis Bank,AXIS,ESCALATE_TO_HUMAN,0.6646,MEDIUM,1,0,2,3,2026-09-02T03:18:03.559613
pay_npci_00795,mer_quick_kart,Bharat QuickCommerce,cust_npci_00795,Pranav Joshi,pranav.joshi56@kmbl,+919850373515,4558.62,INR,FAILED,PENDING,BUSINESS_DECLINE,ZA,Insufficient Funds in Customer Account,Kotak Mahindra Bank,KKBK,SMART_PAYMENT_LINK,0.4444,MEDIUM,1,0,0,3,2026-08-26T16:05:52.321602
pay_npci_00796,mer_swiggy_inst,Swiggy Instamart Partner,cust_npci_00796,Pranav Sharma,pranav.sharma59@okaxis,+919830053263,1969.73,INR,RECOVERED,RECOVERED,BUSINESS_DECLINE,ZM,Invalid MPIN Entered by Customer,Axis Bank,AXIS,CUSTOMER_WHATSAPP_NUDGE,0.2229,LOW,10,0,1,3,2026-08-23T12:44:36.005394
pay_npci_00797,mer_tech_bazaar,Croma TechBazaar,cust_npci_00797,Pooja Joshi,pooja.joshi89@hdfcbank,+919844754876,200.83,INR,RECOVERED,RECOVERED,BUSINESS_DECLINE,ZM,Invalid MPIN Entered by Customer,HDFC Bank,HDFC,CUSTOMER_WHATSAPP_NUDGE,0.228,LOW,10,0,1,3,2026-08-31T19:42:29.850483
pay_npci_00798,mer_quick_kart,Bharat QuickCommerce,cust_npci_00798,Manish Sharma,manish.sharma60@axisbank,+919824929363,371.42,INR,RECOVERED,RECOVERED,TECHNICAL_DECLINE,BT,Issuer Switch Timeout During 2FA Verification,Axis Bank,AXIS,DIRECT_GATEWAY_RETRY,0.0281,LOW,13,0,1,3,2026-08-10T20:22:38.005267
pay_npci_00799,mer_swiggy_inst,Swiggy Instamart Partner,cust_npci_00799,Sunil Desai,sunil.desai34@okpnb,+919883020963,130.34,INR,RECOVERED,RECOVERED,TECHNICAL_DECLINE,BT,Issuer Switch Timeout During 2FA Verification,Punjab National Bank,PNB,DIRECT_GATEWAY_RETRY,0.1282,LOW,3,0,1,3,2026-08-10T13:59:18.803626
pay_npci_00800,mer_quick_kart,Bharat QuickCommerce,cust_npci_00800,Tanvi Nair,tanvi.nair72@hdfcbank,+919848866498,193.32,INR,RECOVERED,RECOVERED,BUSINESS_DECLINE,ZA,Insufficient Funds in Customer Account,HDFC Bank,HDFC,SMART_PAYMENT_LINK,0.3075,LOW,8,0,1,3,2026-09-01T21:12:26.161058
pay_npci_00801,mer_demo_apex,Apex Retail India Ltd,cust_npci_00801,Rahul Reddy,rahul.reddy79@paytm,+919898814121,4022.24,INR,RECOVERED,RECOVERED,BUSINESS_DECLINE,ZA,Insufficient Funds in Customer Account,Paytm Payments Bank,PYTM,SMART_PAYMENT_LINK,0.3226,LOW,16,0,1,3,2026-08-25T13:53:29.408688
pay_npci_00802,mer_demo_apex,Apex Retail India Ltd,cust_npci_00802,Vikram Chopra,vikram.chopra96@unionbank,+919856453282,248.41,INR,RECOVERED,RECOVERED,BUSINESS_DECLINE,ZM,Invalid MPIN Entered by Customer,Union Bank of India,UBI,CUSTOMER_WHATSAPP_NUDGE,0.2967,LOW,6,0,1,3,2026-08-16T18:39:41.902179
pay_npci_00803,mer_tech_bazaar,Croma TechBazaar,cust_npci_00803,Tanvi Verma,tanvi.verma63@icici,+919880223998,4540.12,INR,RECOVERED,RECOVERED,BUSINESS_DECLINE,ZA,Insufficient Funds in Customer Account,ICICI Bank,ICICI,SMART_PAYMENT_LINK,0.2787,LOW,8,0,1,3,2026-08-27T05:04:03.961607
pay_npci_00804,mer_tech_bazaar,Croma TechBazaar,cust_npci_00804,Rahul Kulkarni,rahul.kulkarni48@sbi,+919876651240,191.92,INR,RECOVERED,RECOVERED,TECHNICAL_DECLINE,BT,Issuer Switch Timeout During 2FA Verification,State Bank of India,SBI,DIRECT_GATEWAY_RETRY,0.0205,LOW,17,0,1,3,2026-08-17T20:12:02.351139
pay_npci_00805,mer_tech_bazaar,Croma TechBazaar,cust_npci_00805,Isha Nair,isha.nair22@paytm,+919873157672,3371.49,INR,RECOVERED,RECOVERED,BUSINESS_DECLINE,ZA,Insufficient Funds in Customer Account,Paytm Payments Bank,PYTM,SMART_PAYMENT_LINK,0.2607,LOW,11,0,1,3,2026-08-19T17:17:47.467014
pay_npci_00806,mer_kirana_net,Desi Kirana Network,cust_npci_00806,Priya Gupta,priya.gupta96@axisbank,+919854770415,2035.11,INR,FAILED,PENDING,BUSINESS_DECLINE,ZA,Insufficient Funds in Customer Account,Axis Bank,AXIS,SMART_PAYMENT_LINK,0.4441,MEDIUM,0,0,2,3,2026-09-02T16:38:33.732931
pay_npci_00807,mer_demo_apex,Apex Retail India Ltd,cust_npci_00807,Vikram Banerjee,vikram.banerjee29@hdfcbank,+919837002323,1130.05,INR,RECOVERED,RECOVERED,TECHNICAL_DECLINE,U69,Remitter Bank System Unavailable / Switch Error,HDFC Bank,HDFC,DIRECT_GATEWAY_RETRY,0.02,LOW,16,0,1,3,2026-08-12T11:13:03.696021
pay_npci_00808,mer_kirana_net,Desi Kirana Network,cust_npci_00808,Ananya Nair,ananya.nair76@barodampay,+919825231548,2038.67,INR,RECOVERED,RECOVERED,TECHNICAL_DECLINE,U69,Remitter Bank System Unavailable / Switch Error,Bank of Baroda,BOB,DIRECT_GATEWAY_RETRY,0.02,LOW,15,0,1,3,2026-08-18T10:40:35.063965
pay_npci_00809,mer_swiggy_inst,Swiggy Instamart Partner,cust_npci_00809,Amit Singh,amit.singh79@okhdfcbank,+919855153379,278.41,INR,RECOVERED,RECOVERED,TECHNICAL_DECLINE,U30,Beneficiary Bank Timeout After Debit (Ambiguous),HDFC Bank,HDFC,STATUS_POLL_VERIFICATION,0.2809,LOW,4,0,1,3,2026-08-31T05:23:57.712768
pay_npci_00810,mer_demo_apex,Apex Retail India Ltd,cust_npci_00810,Gaurav Patel,gaurav.patel79@sbi,+919862162312,1498.37,INR,RECOVERED,RECOVERED,BUSINESS_DECLINE,ZM,Invalid MPIN Entered by Customer,State Bank of India,SBI,CUSTOMER_WHATSAPP_NUDGE,0.2612,LOW,8,0,1,3,2026-08-23T15:14:11.072012
pay_npci_00811,mer_tech_bazaar,Croma TechBazaar,cust_npci_00811,Tanvi Gupta,tanvi.gupta60@paytm,+919853113303,99.97,INR,RECOVERED,RECOVERED,TECHNICAL_DECLINE,U30,Beneficiary Bank Timeout After Debit (Ambiguous),Paytm Payments Bank,PYTM,STATUS_POLL_VERIFICATION,0.2173,LOW,8,0,1,3,2026-08-29T16:10:50.748398
pay_npci_00812,mer_kirana_net,Desi Kirana Network,cust_npci_00812,Neha Patel,neha.patel45@hdfcbank,+919861503457,2986.19,INR,FAILED,PENDING,BUSINESS_DECLINE,U19,Daily Per-Transaction or Cumulative Limit Exceeded,HDFC Bank,HDFC,SMART_PAYMENT_LINK,0.3342,LOW,13,0,2,3,2026-09-03T17:12:52.666665
pay_npci_00813,mer_quick_kart,Bharat QuickCommerce,cust_npci_00813,Sanjay Sharma,sanjay.sharma32@okhdfcbank,+919843970298,180.25,INR,FAILED,PENDING,BUSINESS_DECLINE,ZA,Insufficient Funds in Customer Account,HDFC Bank,HDFC,SMART_PAYMENT_LINK,0.2854,LOW,18,0,2,3,2026-08-10T13:32:43.818100
pay_npci_00814,mer_tech_bazaar,Croma TechBazaar,cust_npci_00814,Manish Nair,manish.nair84@okicici,+919851098997,76.38,INR,FAILED,PENDING,TECHNICAL_DECLINE,U69,Remitter Bank System Unavailable / Switch Error,ICICI Bank,ICICI,DIRECT_GATEWAY_RETRY,0.02,LOW,7,0,2,3,2026-09-02T12:06:11.858957
pay_npci_00815,mer_kirana_net,Desi Kirana Network,cust_npci_00815,Priya Singh,priya.singh46@okhdfcbank,+919823705659,494.69,INR,RECOVERED,RECOVERED,BUSINESS_DECLINE,ZM,Invalid MPIN Entered by Customer,HDFC Bank,HDFC,CUSTOMER_WHATSAPP_NUDGE,0.2804,LOW,11,0,1,3,2026-08-16T10:30:36.705735
pay_npci_00816,mer_quick_kart,Bharat QuickCommerce,cust_npci_00816,Rohan Kulkarni,rohan.kulkarni36@okhdfcbank,+919851237109,269.32,INR,RECOVERED,RECOVERED,BUSINESS_DECLINE,ZA,Insufficient Funds in Customer Account,HDFC Bank,HDFC,SMART_PAYMENT_LINK,0.2667,LOW,7,0,1,3,2026-08-09T15:25:07.221588
pay_npci_00817,mer_quick_kart,Bharat QuickCommerce,cust_npci_00817,Sanjay Chopra,sanjay.chopra49@sbi,+919897451451,2477.23,INR,FAILED,IN_REVIEW,BUSINESS_DECLINE,ZA,Insufficient Funds in Customer Account,State Bank of India,SBI,SMART_PAYMENT_LINK,0.7438,HIGH,2,1,1,3,2026-08-25T10:55:43.248648
pay_npci_00818,mer_kirana_net,Desi Kirana Network,cust_npci_00818,Aditi Sharma,aditi.sharma83@unionbank,+919846995649,111.43,INR,FAILED,PENDING,BUSINESS_DECLINE,ZA,Insufficient Funds in Customer Account,Union Bank of India,UBI,SMART_PAYMENT_LINK,0.4299,MEDIUM,1,0,2,3,2026-08-15T05:37:26.690493
pay_npci_00819,mer_demo_apex,Apex Retail India Ltd,cust_npci_00819,Pranav Nair,pranav.nair90@okaxis,+919855278820,1476.47,INR,RECOVERED,RECOVERED,TECHNICAL_DECLINE,U69,Remitter Bank System Unavailable / Switch Error,Axis Bank,AXIS,DIRECT_GATEWAY_RETRY,0.3088,LOW,14,1,1,3,2026-08-10T01:46:41.179058
pay_npci_00820,mer_swiggy_inst,Swiggy Instamart Partner,cust_npci_00820,Zoya Chatterjee,zoya.chatterjee80@barodampay,+919898030161,4447.65,INR,RECOVERED,RECOVERED,TECHNICAL_DECLINE,BT,Issuer Switch Timeout During 2FA Verification,Bank of Baroda,BOB,DIRECT_GATEWAY_RETRY,0.02,LOW,18,0,1,3,2026-08-27T19:48:06.728323
pay_npci_00821,mer_demo_apex,Apex Retail India Ltd,cust_npci_00821,Sanjay Chatterjee,sanjay.chatterjee77@unionbank,+919884043938,1133.07,INR,FAILED,PENDING,BUSINESS_DECLINE,ZA,Insufficient Funds in Customer Account,Union Bank of India,UBI,SMART_PAYMENT_LINK,0.4271,MEDIUM,0,0,2,3,2026-09-03T19:08:07.683049
pay_npci_00822,mer_demo_apex,Apex Retail India Ltd,cust_npci_00822,Manish Chopra,manish.chopra47@oksbi,+919881482869,2221.49,INR,RECOVERED,RECOVERED,TECHNICAL_DECLINE,U69,Remitter Bank System Unavailable / Switch Error,State Bank of India,SBI,DIRECT_GATEWAY_RETRY,0.02,LOW,17,0,1,3,2026-08-16T17:33:14.373249
pay_npci_00823,mer_swiggy_inst,Swiggy Instamart Partner,cust_npci_00823,Isha Joshi,isha.joshi16@oksbi,+919898660361,304.18,INR,RECOVERED,RECOVERED,TECHNICAL_DECLINE,BT,Issuer Switch Timeout During 2FA Verification,State Bank of India,SBI,DIRECT_GATEWAY_RETRY,0.02,LOW,10,0,1,3,2026-08-31T21:32:03.642699
pay_npci_00824,mer_kirana_net,Desi Kirana Network,cust_npci_00824,Varun Chopra,varun.chopra33@ibl,+919890250644,81.41,INR,RECOVERED,RECOVERED,BUSINESS_DECLINE,U19,Daily Per-Transaction or Cumulative Limit Exceeded,Yes Bank / PhonePe,YESB,SMART_PAYMENT_LINK,0.3312,LOW,11,0,1,3,2026-08-30T20:47:06.851300
pay_npci_00825,mer_swiggy_inst,Swiggy Instamart Partner,cust_npci_00825,Rahul Sharma,rahul.sharma99@axisbank,+919876990660,43120.87,INR,FAILED,PENDING,BUSINESS_DECLINE,ZM,Invalid MPIN Entered by Customer,Axis Bank,AXIS,CUSTOMER_WHATSAPP_NUDGE,0.4356,MEDIUM,10,0,0,3,2026-08-09T16:31:46.209185
pay_npci_00826,mer_swiggy_inst,Swiggy Instamart Partner,cust_npci_00826,Deepak Mehta,deepak.mehta65@paytm,+919823945225,2864.13,INR,FAILED,IN_REVIEW,BUSINESS_DECLINE,XH,Customer Account Blocked / Frozen / Dormant,Paytm Payments Bank,PYTM,ESCALATE_TO_HUMAN,0.705,HIGH,5,0,0,3,2026-09-02T08:23:28.456512
pay_npci_00827,mer_swiggy_inst,Swiggy Instamart Partner,cust_npci_00827,Kavita Reddy,kavita.reddy79@okaxis,+919865451343,398.7,INR,FAILED,PENDING,BUSINESS_DECLINE,ZA,Insufficient Funds in Customer Account,Axis Bank,AXIS,SMART_PAYMENT_LINK,0.4058,MEDIUM,4,0,1,3,2026-08-22T22:55:40.948477
pay_npci_00828,mer_quick_kart,Bharat QuickCommerce,cust_npci_00828,Priya Desai,priya.desai39@okhdfcbank,+919874498068,426.11,INR,RECOVERED,RECOVERED,TECHNICAL_DECLINE,U30,Beneficiary Bank Timeout After Debit (Ambiguous),HDFC Bank,HDFC,STATUS_POLL_VERIFICATION,0.1787,LOW,18,0,1,3,2026-08-20T15:38:10.891342
pay_npci_00829,mer_kirana_net,Desi Kirana Network,cust_npci_00829,Tanvi Chopra,tanvi.chopra82@oksbi,+919845843863,73.33,INR,RECOVERED,RECOVERED,TECHNICAL_DECLINE,BT,Issuer Switch Timeout During 2FA Verification,State Bank of India,SBI,DIRECT_GATEWAY_RETRY,0.1319,LOW,0,0,1,3,2026-08-23T21:24:01.275828
pay_npci_00830,mer_quick_kart,Bharat QuickCommerce,cust_npci_00830,Rohan Sharma,rohan.sharma69@sbi,+919875092311,28.9,INR,RECOVERED,RECOVERED,TECHNICAL_DECLINE,BT,Issuer Switch Timeout During 2FA Verification,State Bank of India,SBI,DIRECT_GATEWAY_RETRY,0.02,LOW,10,0,1,3,2026-08-15T07:05:07.312907
pay_npci_00831,mer_swiggy_inst,Swiggy Instamart Partner,cust_npci_00831,Amit Patel,amit.patel33@okpnb,+919868545190,3295.83,INR,RECOVERED,RECOVERED,BUSINESS_DECLINE,ZA,Insufficient Funds in Customer Account,Punjab National Bank,PNB,SMART_PAYMENT_LINK,0.2843,LOW,8,0,1,3,2026-08-13T11:01:15.480470
pay_npci_00832,mer_kirana_net,Desi Kirana Network,cust_npci_00832,Amit Kulkarni,amit.kulkarni49@icici,+919840971752,52365.17,INR,FAILED,PENDING,BUSINESS_DECLINE,U19,Daily Per-Transaction or Cumulative Limit Exceeded,ICICI Bank,ICICI,SMART_PAYMENT_LINK,0.5485,MEDIUM,8,0,1,3,2026-09-02T21:56:54.174621
pay_npci_00833,mer_kirana_net,Desi Kirana Network,cust_npci_00833,Isha Singh,isha.singh18@okaxis,+919865875938,112.68,INR,RECOVERED,RECOVERED,TECHNICAL_DECLINE,U30,Beneficiary Bank Timeout After Debit (Ambiguous),Axis Bank,AXIS,STATUS_POLL_VERIFICATION,0.2081,LOW,11,0,1,3,2026-09-04T23:34:07.819667
pay_npci_00834,mer_quick_kart,Bharat QuickCommerce,cust_npci_00834,Sunil Nair,sunil.nair30@kmbl,+919857948701,221.45,INR,FAILED,PENDING,BUSINESS_DECLINE,U19,Daily Per-Transaction or Cumulative Limit Exceeded,Kotak Mahindra Bank,KKBK,SMART_PAYMENT_LINK,0.4363,MEDIUM,4,0,1,3,2026-08-16T20:09:39.724706
pay_npci_00835,mer_tech_bazaar,Croma TechBazaar,cust_npci_00835,Kiran Nair,kiran.nair99@ibl,+919824977670,431.31,INR,RECOVERED,RECOVERED,TECHNICAL_DECLINE,U69,Remitter Bank System Unavailable / Switch Error,Yes Bank / PhonePe,YESB,DIRECT_GATEWAY_RETRY,0.02,LOW,17,0,1,3,2026-08-18T13:52:55.695616
pay_npci_00836,mer_tech_bazaar,Croma TechBazaar,cust_npci_00836,Priya Chopra,priya.chopra26@hdfcbank,+919815781704,540.66,INR,RECOVERED,RECOVERED,TECHNICAL_DECLINE,U69,Remitter Bank System Unavailable / Switch Error,HDFC Bank,HDFC,DIRECT_GATEWAY_RETRY,0.098,LOW,1,0,1,3,2026-08-18T14:01:54.368148
pay_npci_00837,mer_quick_kart,Bharat QuickCommerce,cust_npci_00837,Rohan Rao,rohan.rao69@sbi,+919831678465,504.2,INR,RECOVERED,RECOVERED,BUSINESS_DECLINE,ZM,Invalid MPIN Entered by Customer,State Bank of India,SBI,CUSTOMER_WHATSAPP_NUDGE,0.2847,LOW,13,0,1,3,2026-08-26T16:42:53.018729
pay_npci_00838,mer_quick_kart,Bharat QuickCommerce,cust_npci_00838,Pranav Rao,pranav.rao16@oksbi,+919885337667,475.74,INR,RECOVERED,RECOVERED,TECHNICAL_DECLINE,BT,Issuer Switch Timeout During 2FA Verification,State Bank of India,SBI,DIRECT_GATEWAY_RETRY,0.1221,LOW,3,0,1,3,2026-08-20T17:20:19.829927
pay_npci_00839,mer_kirana_net,Desi Kirana Network,cust_npci_00839,Rahul Singh,rahul.singh30@okpnb,+919819867849,293.66,INR,FAILED,PENDING,BUSINESS_DECLINE,ZM,Invalid MPIN Entered by Customer,Punjab National Bank,PNB,CUSTOMER_WHATSAPP_NUDGE,0.62,MEDIUM,8,1,0,3,2026-08-15T18:14:47.151618
pay_npci_00840,mer_tech_bazaar,Croma TechBazaar,cust_npci_00840,Zoya Reddy,zoya.reddy40@sbi,+919827398905,54259.69,INR,FAILED,PENDING,BUSINESS_DECLINE,ZA,Insufficient Funds in Customer Account,State Bank of India,SBI,SMART_PAYMENT_LINK,0.4749,MEDIUM,9,0,1,3,2026-08-09T21:28:42.802378
pay_npci_00841,mer_quick_kart,Bharat QuickCommerce,cust_npci_00841,Amit Rao,amit.rao98@okpnb,+919885615415,1081.11,INR,RECOVERED,RECOVERED,BUSINESS_DECLINE,ZA,Insufficient Funds in Customer Account,Punjab National Bank,PNB,SMART_PAYMENT_LINK,0.2866,LOW,13,0,1,3,2026-08-17T04:02:42.324421
pay_npci_00842,mer_kirana_net,Desi Kirana Network,cust_npci_00842,Rohan Sharma,rohan.sharma98@icici,+919877295532,423.49,INR,FAILED,PENDING,BUSINESS_DECLINE,U19,Daily Per-Transaction or Cumulative Limit Exceeded,ICICI Bank,ICICI,SMART_PAYMENT_LINK,0.3251,LOW,13,0,0,3,2026-08-12T20:46:44.516785
pay_npci_00843,mer_demo_apex,Apex Retail India Ltd,cust_npci_00843,Amit Singh,amit.singh86@okhdfcbank,+919887714020,354.41,INR,RECOVERED,RECOVERED,BUSINESS_DECLINE,ZA,Insufficient Funds in Customer Account,HDFC Bank,HDFC,SMART_PAYMENT_LINK,0.2631,LOW,13,0,1,3,2026-09-03T18:19:25.678299
pay_npci_00844,mer_kirana_net,Desi Kirana Network,cust_npci_00844,Varun Gupta,varun.gupta89@paytm,+919817817210,426.83,INR,RECOVERED,RECOVERED,TECHNICAL_DECLINE,BT,Issuer Switch Timeout During 2FA Verification,Paytm Payments Bank,PYTM,DIRECT_GATEWAY_RETRY,0.175,LOW,3,0,1,3,2026-09-04T04:26:28.099010
pay_npci_00845,mer_tech_bazaar,Croma TechBazaar,cust_npci_00845,Ananya Rao,ananya.rao36@ibl,+919893898202,445.81,INR,RECOVERED,RECOVERED,BUSINESS_DECLINE,ZA,Insufficient Funds in Customer Account,Yes Bank / PhonePe,YESB,SMART_PAYMENT_LINK,0.3013,LOW,12,0,1,3,2026-08-16T22:06:01.531982
pay_npci_00846,mer_quick_kart,Bharat QuickCommerce,cust_npci_00846,Rohan Patel,rohan.patel78@barodampay,+919851742902,78.11,INR,FAILED,PENDING,BUSINESS_DECLINE,ZA,Insufficient Funds in Customer Account,Bank of Baroda,BOB,SMART_PAYMENT_LINK,0.4096,MEDIUM,5,0,0,3,2026-08-19T14:21:49.231194
pay_npci_00847,mer_kirana_net,Desi Kirana Network,cust_npci_00847,Kiran Rao,kiran.rao59@sbi,+919831475135,941.34,INR,RECOVERED,RECOVERED,BUSINESS_DECLINE,ZM,Invalid MPIN Entered by Customer,State Bank of India,SBI,CUSTOMER_WHATSAPP_NUDGE,0.2245,LOW,17,0,1,3,2026-08-08T21:27:43.960595
pay_npci_00848,mer_kirana_net,Desi Kirana Network,cust_npci_00848,Aditi Singh,aditi.singh74@barodampay,+919830316944,179.21,INR,RECOVERED,RECOVERED,TECHNICAL_DECLINE,U30,Beneficiary Bank Timeout After Debit (Ambiguous),Bank of Baroda,BOB,STATUS_POLL_VERIFICATION,0.1626,LOW,6,0,1,3,2026-08-08T17:28:37.390954
pay_npci_00849,mer_demo_apex,Apex Retail India Ltd,cust_npci_00849,Aditi Kumar,aditi.kumar91@kmbl,+919875770825,424.41,INR,FAILED,PENDING,BUSINESS_DECLINE,XH,Customer Account Blocked / Frozen / Dormant,Kotak Mahindra Bank,KKBK,ESCALATE_TO_HUMAN,0.6623,MEDIUM,0,0,0,3,2026-08-07T15:15:09.115261
pay_npci_00850,mer_quick_kart,Bharat QuickCommerce,cust_npci_00850,Isha Kumar,isha.kumar94@sbi,+919866549860,496.83,INR,FAILED,PENDING,BUSINESS_DECLINE,ZA,Insufficient Funds in Customer Account,State Bank of India,SBI,SMART_PAYMENT_LINK,0.3084,LOW,17,0,0,3,2026-09-01T21:56:30.909240
pay_npci_00851,mer_swiggy_inst,Swiggy Instamart Partner,cust_npci_00851,Rahul Nair,rahul.nair92@oksbi,+919815618836,408.5,INR,RECOVERED,RECOVERED,BUSINESS_DECLINE,ZM,Invalid MPIN Entered by Customer,State Bank of India,SBI,CUSTOMER_WHATSAPP_NUDGE,0.2783,LOW,12,0,1,3,2026-08-13T13:31:57.863203
pay_npci_00852,mer_kirana_net,Desi Kirana Network,cust_npci_00852,Rahul Sharma,rahul.sharma12@ybl,+919825558914,2457.46,INR,FAILED,IN_REVIEW,BUSINESS_DECLINE,K1,Suspected Fraud / Excessive Velocity Anomaly,Yes Bank / PhonePe,YESB,QUARANTINE_FOR_REVIEW,0.98,HIGH,13,1,2,3,2026-08-23T15:05:44.504224
pay_npci_00853,mer_quick_kart,Bharat QuickCommerce,cust_npci_00853,Rahul Nair,rahul.nair59@hdfcbank,+919897826350,369.85,INR,FAILED,PENDING,BUSINESS_DECLINE,U19,Daily Per-Transaction or Cumulative Limit Exceeded,HDFC Bank,HDFC,SMART_PAYMENT_LINK,0.4562,MEDIUM,3,0,0,3,2026-08-15T14:57:26.648525
pay_npci_00854,mer_swiggy_inst,Swiggy Instamart Partner,cust_npci_00854,Aditi Chatterjee,aditi.chatterjee98@okpnb,+919887793840,31.27,INR,RECOVERED,RECOVERED,TECHNICAL_DECLINE,BT,Issuer Switch Timeout During 2FA Verification,Punjab National Bank,PNB,DIRECT_GATEWAY_RETRY,0.0429,LOW,18,0,1,3,2026-08-21T13:53:05.120843
pay_npci_00855,mer_demo_apex,Apex Retail India Ltd,cust_npci_00855,Manish Reddy,manish.reddy82@okpnb,+919891138512,931.44,INR,FAILED,PENDING,BUSINESS_DECLINE,ZA,Insufficient Funds in Customer Account,Punjab National Bank,PNB,SMART_PAYMENT_LINK,0.4504,MEDIUM,4,0,2,3,2026-09-02T07:56:10.400645
pay_npci_00856,mer_kirana_net,Desi Kirana Network,cust_npci_00856,Aditi Patel,aditi.patel70@sbi,+919818244025,231.8,INR,RECOVERED,RECOVERED,TECHNICAL_DECLINE,U69,Remitter Bank System Unavailable / Switch Error,State Bank of India,SBI,DIRECT_GATEWAY_RETRY,0.3356,LOW,9,1,1,3,2026-08-11T09:49:21.452278
pay_npci_00857,mer_demo_apex,Apex Retail India Ltd,cust_npci_00857,Rahul Mehta,rahul.mehta83@icici,+919893312793,471.82,INR,FAILED,IN_REVIEW,BUSINESS_DECLINE,ZA,Insufficient Funds in Customer Account,ICICI Bank,ICICI,SMART_PAYMENT_LINK,0.8059,HIGH,4,1,0,3,2026-08-29T13:08:25.103702
pay_npci_00858,mer_tech_bazaar,Croma TechBazaar,cust_npci_00858,Aditi Rao,aditi.rao48@okpnb,+919841610629,344.73,INR,FAILED,PENDING,BUSINESS_DECLINE,ZA,Insufficient Funds in Customer Account,Punjab National Bank,PNB,SMART_PAYMENT_LINK,0.4261,MEDIUM,0,0,2,3,2026-08-06T12:59:13.289362
pay_npci_00859,mer_quick_kart,Bharat QuickCommerce,cust_npci_00859,Rohan Nair,rohan.nair50@kmbl,+919851886603,3346.43,INR,RECOVERED,RECOVERED,BUSINESS_DECLINE,U19,Daily Per-Transaction or Cumulative Limit Exceeded,Kotak Mahindra Bank,KKBK,SMART_PAYMENT_LINK,0.3303,LOW,14,0,1,3,2026-08-24T11:11:15.805749
pay_npci_00860,mer_tech_bazaar,Croma TechBazaar,cust_npci_00860,Pranav Mehta,pranav.mehta87@paytm,+919865348471,2825.4,INR,RECOVERED,RECOVERED,BUSINESS_DECLINE,ZA,Insufficient Funds in Customer Account,Paytm Payments Bank,PYTM,SMART_PAYMENT_LINK,0.2906,LOW,13,0,1,3,2026-08-05T07:12:17.984521
pay_npci_00861,mer_swiggy_inst,Swiggy Instamart Partner,cust_npci_00861,Tanvi Chatterjee,tanvi.chatterjee75@okhdfcbank,+919880028084,183.04,INR,RECOVERED,RECOVERED,BUSINESS_DECLINE,ZA,Insufficient Funds in Customer Account,HDFC Bank,HDFC,SMART_PAYMENT_LINK,0.3177,LOW,12,0,1,3,2026-08-28T09:26:23.673127
pay_npci_00862,mer_kirana_net,Desi Kirana Network,cust_npci_00862,Rohan Kumar,rohan.kumar70@okpnb,+919830402096,458.47,INR,FAILED,PENDING,BUSINESS_DECLINE,ZA,Insufficient Funds in Customer Account,Punjab National Bank,PNB,SMART_PAYMENT_LINK,0.3908,MEDIUM,5,0,1,3,2026-08-29T16:10:45.425925
pay_npci_00863,mer_tech_bazaar,Croma TechBazaar,cust_npci_00863,Ananya Chatterjee,ananya.chatterjee80@okpnb,+919840082797,4109.98,INR,RECOVERED,RECOVERED,TECHNICAL_DECLINE,U30,Beneficiary Bank Timeout After Debit (Ambiguous),Punjab National Bank,PNB,STATUS_POLL_VERIFICATION,0.2124,LOW,15,0,1,3,2026-08-16T11:57:26.299677
pay_npci_00864,mer_quick_kart,Bharat QuickCommerce,cust_npci_00864,Amit Nair,amit.nair48@ybl,+919831589860,2246.67,INR,RECOVERED,RECOVERED,BUSINESS_DECLINE,ZA,Insufficient Funds in Customer Account,Yes Bank / PhonePe,YESB,SMART_PAYMENT_LINK,0.2891,LOW,7,0,1,3,2026-08-31T19:23:39.352626
pay_npci_00865,mer_swiggy_inst,Swiggy Instamart Partner,cust_npci_00865,Sunil Kumar,sunil.kumar10@axisbank,+919815312027,432.75,INR,FAILED,PENDING,BUSINESS_DECLINE,ZM,Invalid MPIN Entered by Customer,Axis Bank,AXIS,CUSTOMER_WHATSAPP_NUDGE,0.4135,MEDIUM,1,0,1,3,2026-08-06T20:32:58.585639
pay_npci_00866,mer_demo_apex,Apex Retail India Ltd,cust_npci_00866,Gaurav Rao,gaurav.rao83@oksbi,+919824123409,479.55,INR,RECOVERED,RECOVERED,BUSINESS_DECLINE,U19,Daily Per-Transaction or Cumulative Limit Exceeded,State Bank of India,SBI,SMART_PAYMENT_LINK,0.3282,LOW,17,0,1,3,2026-09-03T07:43:13.878546
pay_npci_00867,mer_quick_kart,Bharat QuickCommerce,cust_npci_00867,Sneha Kumar,sneha.kumar11@okicici,+919857870986,50085.7,INR,FAILED,PENDING,TECHNICAL_DECLINE,BT,Issuer Switch Timeout During 2FA Verification,ICICI Bank,ICICI,DIRECT_GATEWAY_RETRY,0.225,LOW,18,0,1,3,2026-08-15T21:33:32.351780
pay_npci_00868,mer_tech_bazaar,Croma TechBazaar,cust_npci_00868,Vivek Chatterjee,vivek.chatterjee73@axisbank,+919881520662,317.19,INR,FAILED,PENDING,BUSINESS_DECLINE,U19,Daily Per-Transaction or Cumulative Limit Exceeded,Axis Bank,AXIS,SMART_PAYMENT_LINK,0.3577,MEDIUM,10,0,1,3,2026-08-28T00:38:12.428098
pay_npci_00869,mer_swiggy_inst,Swiggy Instamart Partner,cust_npci_00869,Amit Chatterjee,amit.chatterjee25@hdfcbank,+919874992249,202.52,INR,RECOVERED,RECOVERED,TECHNICAL_DECLINE,U69,Remitter Bank System Unavailable / Switch Error,HDFC Bank,HDFC,DIRECT_GATEWAY_RETRY,0.02,LOW,16,0,1,3,2026-09-01T13:01:35.173603
pay_npci_00870,mer_demo_apex,Apex Retail India Ltd,cust_npci_00870,Rahul Kulkarni,rahul.kulkarni10@okaxis,+919857486529,21.89,INR,FAILED,PENDING,BUSINESS_DECLINE,ZM,Invalid MPIN Entered by Customer,Axis Bank,AXIS,CUSTOMER_WHATSAPP_NUDGE,0.2691,LOW,18,0,1,3,2026-08-11T19:55:16.987354
pay_npci_00871,mer_demo_apex,Apex Retail India Ltd,cust_npci_00871,Pooja Banerjee,pooja.banerjee60@ibl,+919813939906,4444.33,INR,FAILED,PENDING,BUSINESS_DECLINE,XH,Customer Account Blocked / Frozen / Dormant,Yes Bank / PhonePe,YESB,ESCALATE_TO_HUMAN,0.5917,MEDIUM,7,0,1,3,2026-08-22T18:44:14.129307
pay_npci_00872,mer_swiggy_inst,Swiggy Instamart Partner,cust_npci_00872,Aarav Verma,aarav.verma25@okaxis,+919830460079,52328.1,INR,FAILED,PENDING,BUSINESS_DECLINE,U19,Daily Per-Transaction or Cumulative Limit Exceeded,Axis Bank,AXIS,SMART_PAYMENT_LINK,0.5433,MEDIUM,12,0,2,3,2026-08-16T13:28:25.542938
pay_npci_00873,mer_kirana_net,Desi Kirana Network,cust_npci_00873,Aditi Sharma,aditi.sharma10@paytm,+919842183858,115.62,INR,RECOVERED,RECOVERED,BUSINESS_DECLINE,ZA,Insufficient Funds in Customer Account,Paytm Payments Bank,PYTM,SMART_PAYMENT_LINK,0.3028,LOW,17,0,1,3,2026-08-29T18:38:37.401108
pay_npci_00874,mer_demo_apex,Apex Retail India Ltd,cust_npci_00874,Gaurav Gupta,gaurav.gupta87@okhdfcbank,+919887566472,56898.47,INR,FAILED,PENDING,BUSINESS_DECLINE,ZM,Invalid MPIN Entered by Customer,HDFC Bank,HDFC,CUSTOMER_WHATSAPP_NUDGE,0.5712,MEDIUM,5,0,2,3,2026-08-17T17:07:00.564464
pay_npci_00875,mer_quick_kart,Bharat QuickCommerce,cust_npci_00875,Manish Banerjee,manish.banerjee82@kotak,+919888028633,1783.51,INR,FAILED,PENDING,TECHNICAL_DECLINE,BT,Issuer Switch Timeout During 2FA Verification,Kotak Mahindra Bank,KKBK,DIRECT_GATEWAY_RETRY,0.4066,MEDIUM,7,1,0,3,2026-08-24T20:18:45.781728
pay_npci_00876,mer_swiggy_inst,Swiggy Instamart Partner,cust_npci_00876,Vivek Kumar,vivek.kumar97@barodampay,+919843798184,88.29,INR,RECOVERED,RECOVERED,BUSINESS_DECLINE,ZA,Insufficient Funds in Customer Account,Bank of Baroda,BOB,SMART_PAYMENT_LINK,0.3046,LOW,12,0,1,3,2026-08-23T20:30:42.567985
pay_npci_00877,mer_demo_apex,Apex Retail India Ltd,cust_npci_00877,Deepak Banerjee,deepak.banerjee71@sbi,+919893250062,2897.57,INR,RECOVERED,RECOVERED,TECHNICAL_DECLINE,BT,Issuer Switch Timeout During 2FA Verification,State Bank of India,SBI,DIRECT_GATEWAY_RETRY,0.0249,LOW,6,0,1,3,2026-09-03T20:51:09.011373
pay_npci_00878,mer_tech_bazaar,Croma TechBazaar,cust_npci_00878,Sanjay Verma,sanjay.verma13@sbi,+919891411055,409.09,INR,RECOVERED,RECOVERED,TECHNICAL_DECLINE,BT,Issuer Switch Timeout During 2FA Verification,State Bank of India,SBI,DIRECT_GATEWAY_RETRY,0.02,LOW,15,0,1,3,2026-08-15T20:38:55.699466
pay_npci_00879,mer_demo_apex,Apex Retail India Ltd,cust_npci_00879,Kavita Gupta,kavita.gupta56@okpnb,+919870229966,388.97,INR,RECOVERED,RECOVERED,TECHNICAL_DECLINE,SWITCH_DOWN,NPCI Central Switch Queue Congestion,Punjab National Bank,PNB,BACKOFF_RETRY,0.02,LOW,17,0,1,3,2026-08-16T16:31:05.662977
pay_npci_00880,mer_demo_apex,Apex Retail India Ltd,cust_npci_00880,Kiran Kulkarni,kiran.kulkarni67@barodampay,+919824439344,10064.92,INR,FAILED,PENDING,BUSINESS_DECLINE,ZM,Invalid MPIN Entered by Customer,Bank of Baroda,BOB,CUSTOMER_WHATSAPP_NUDGE,0.3994,MEDIUM,2,0,1,3,2026-08-26T10:21:03.091350
pay_npci_00881,mer_swiggy_inst,Swiggy Instamart Partner,cust_npci_00881,Kiran Nair,kiran.nair71@okaxis,+919891464670,112.57,INR,FAILED,PENDING,BUSINESS_DECLINE,XH,Customer Account Blocked / Frozen / Dormant,Axis Bank,AXIS,ESCALATE_TO_HUMAN,0.5541,MEDIUM,16,0,1,3,2026-08-12T10:39:57.611860
pay_npci_00882,mer_kirana_net,Desi Kirana Network,cust_npci_00882,Sneha Chopra,sneha.chopra60@okaxis,+919828482185,256.41,INR,RECOVERED,RECOVERED,BUSINESS_DECLINE,ZA,Insufficient Funds in Customer Account,Axis Bank,AXIS,SMART_PAYMENT_LINK,0.3166,LOW,6,0,1,3,2026-08-21T23:00:18.799222
pay_npci_00883,mer_kirana_net,Desi Kirana Network,cust_npci_00883,Tanvi Desai,tanvi.desai79@kotak,+919868003346,2006.66,INR,FAILED,PENDING,BUSINESS_DECLINE,ZA,Insufficient Funds in Customer Account,Kotak Mahindra Bank,KKBK,SMART_PAYMENT_LINK,0.4336,MEDIUM,0,0,2,3,2026-08-09T15:34:39.212390
pay_npci_00884,mer_swiggy_inst,Swiggy Instamart Partner,cust_npci_00884,Kiran Patel,kiran.patel61@okicici,+919867785603,275.02,INR,RECOVERED,RECOVERED,BUSINESS_DECLINE,ZA,Insufficient Funds in Customer Account,ICICI Bank,ICICI,SMART_PAYMENT_LINK,0.3126,LOW,8,0,1,3,2026-08-27T20:20:08.241696
pay_npci_00885,mer_quick_kart,Bharat QuickCommerce,cust_npci_00885,Ananya Rao,ananya.rao40@ybl,+919810579497,62820.52,INR,RECOVERED,RECOVERED,TECHNICAL_DECLINE,U69,Remitter Bank System Unavailable / Switch Error,Yes Bank / PhonePe,YESB,DIRECT_GATEWAY_RETRY,0.1847,LOW,10,0,1,3,2026-08-15T22:52:12.605888
pay_npci_00886,mer_demo_apex,Apex Retail India Ltd,cust_npci_00886,Kavita Verma,kavita.verma82@oksbi,+919810131035,722.61,INR,FAILED,PENDING,BUSINESS_DECLINE,ZA,Insufficient Funds in Customer Account,State Bank of India,SBI,SMART_PAYMENT_LINK,0.3339,LOW,15,0,2,3,2026-08-09T13:23:54.064675
pay_npci_00887,mer_swiggy_inst,Swiggy Instamart Partner,cust_npci_00887,Tanvi Rao,tanvi.rao11@axisbank,+919865583789,4729.01,INR,RECOVERED,RECOVERED,BUSINESS_DECLINE,ZM,Invalid MPIN Entered by Customer,Axis Bank,AXIS,CUSTOMER_WHATSAPP_NUDGE,0.2292,LOW,13,0,1,3,2026-08-29T01:28:26.270528
pay_npci_00888,mer_kirana_net,Desi Kirana Network,cust_npci_00888,Vivek Banerjee,vivek.banerjee73@okicici,+919899594374,100.0,INR,FAILED,IN_REVIEW,BUSINESS_DECLINE,K1,Suspected Fraud / Excessive Velocity Anomaly,ICICI Bank,ICICI,QUARANTINE_FOR_REVIEW,0.98,HIGH,15,1,2,3,2026-08-31T01:57:23.536524
pay_npci_00889,mer_swiggy_inst,Swiggy Instamart Partner,cust_npci_00889,Vikram Nair,vikram.nair56@okaxis,+919862221965,3115.68,INR,FAILED,PENDING,BUSINESS_DECLINE,ZA,Insufficient Funds in Customer Account,Axis Bank,AXIS,SMART_PAYMENT_LINK,0.4178,MEDIUM,0,0,0,3,2026-08-06T10:55:50.394305
pay_npci_00890,mer_quick_kart,Bharat QuickCommerce,cust_npci_00890,Aarav Banerjee,aarav.banerjee93@unionbank,+919883576553,440.69,INR,RECOVERED,RECOVERED,BUSINESS_DECLINE,ZA,Insufficient Funds in Customer Account,Union Bank of India,UBI,SMART_PAYMENT_LINK,0.3328,LOW,16,0,1,3,2026-08-25T12:24:24.516688
pay_npci_00891,mer_quick_kart,Bharat QuickCommerce,cust_npci_00891,Ananya Banerjee,ananya.banerjee80@okaxis,+919828401740,343.82,INR,RECOVERED,RECOVERED,BUSINESS_DECLINE,ZM,Invalid MPIN Entered by Customer,Axis Bank,AXIS,CUSTOMER_WHATSAPP_NUDGE,0.2517,LOW,14,0,1,3,2026-08-20T18:37:59.801095
pay_npci_00892,mer_quick_kart,Bharat QuickCommerce,cust_npci_00892,Vikram Desai,vikram.desai83@kotak,+919870687277,4081.65,INR,RECOVERED,RECOVERED,BUSINESS_DECLINE,ZM,Invalid MPIN Entered by Customer,Kotak Mahindra Bank,KKBK,CUSTOMER_WHATSAPP_NUDGE,0.257,LOW,10,0,1,3,2026-08-26T18:09:24.364074
pay_npci_00893,mer_tech_bazaar,Croma TechBazaar,cust_npci_00893,Aarav Desai,aarav.desai54@okicici,+919843901809,213.06,INR,RECOVERED,RECOVERED,TECHNICAL_DECLINE,U69,Remitter Bank System Unavailable / Switch Error,ICICI Bank,ICICI,DIRECT_GATEWAY_RETRY,0.02,LOW,10,0,1,3,2026-08-17T11:50:09.069118
pay_npci_00894,mer_kirana_net,Desi Kirana Network,cust_npci_00894,Amit Banerjee,amit.banerjee25@axisbank,+919828545018,373.0,INR,RECOVERED,RECOVERED,TECHNICAL_DECLINE,U69,Remitter Bank System Unavailable / Switch Error,Axis Bank,AXIS,DIRECT_GATEWAY_RETRY,0.02,LOW,9,0,1,3,2026-08-11T20:53:27.731562
pay_npci_00895,mer_quick_kart,Bharat QuickCommerce,cust_npci_00895,Manish Kumar,manish.kumar45@icici,+919818425632,3803.48,INR,RECOVERED,RECOVERED,BUSINESS_DECLINE,ZA,Insufficient Funds in Customer Account,ICICI Bank,ICICI,SMART_PAYMENT_LINK,0.3015,LOW,12,0,1,3,2026-08-06T19:47:47.812373
pay_npci_00896,mer_demo_apex,Apex Retail India Ltd,cust_npci_00896,Kiran Banerjee,kiran.banerjee18@okpnb,+919836931262,3896.66,INR,RECOVERED,RECOVERED,TECHNICAL_DECLINE,U69,Remitter Bank System Unavailable / Switch Error,Punjab National Bank,PNB,DIRECT_GATEWAY_RETRY,0.02,LOW,8,0,1,3,2026-08-16T16:53:49.830460
pay_npci_00897,mer_swiggy_inst,Swiggy Instamart Partner,cust_npci_00897,Amit Rao,amit.rao37@sbi,+919863866314,421.31,INR,FAILED,PENDING,BUSINESS_DECLINE,ZA,Insufficient Funds in Customer Account,State Bank of India,SBI,SMART_PAYMENT_LINK,0.4435,MEDIUM,3,0,2,3,2026-08-06T10:14:03.591576
pay_npci_00898,mer_demo_apex,Apex Retail India Ltd,cust_npci_00898,Sneha Verma,sneha.verma58@okpnb,+919881324216,286.27,INR,RECOVERED,RECOVERED,BUSINESS_DECLINE,ZA,Insufficient Funds in Customer Account,Punjab National Bank,PNB,SMART_PAYMENT_LINK,0.2678,LOW,15,0,1,3,2026-08-25T13:48:48.303634
pay_npci_00899,mer_tech_bazaar,Croma TechBazaar,cust_npci_00899,Neha Kumar,neha.kumar84@unionbank,+919843129695,77.52,INR,FAILED,PENDING,BUSINESS_DECLINE,ZM,Invalid MPIN Entered by Customer,Union Bank of India,UBI,CUSTOMER_WHATSAPP_NUDGE,0.574,MEDIUM,15,1,2,3,2026-08-20T20:46:51.809380
pay_npci_00900,mer_tech_bazaar,Croma TechBazaar,cust_npci_00900,Priya Reddy,priya.reddy25@sbi,+919865885912,182.85,INR,RECOVERED,RECOVERED,BUSINESS_DECLINE,ZA,Insufficient Funds in Customer Account,State Bank of India,SBI,SMART_PAYMENT_LINK,0.3343,LOW,17,0,1,3,2026-08-29T21:30:32.520334
pay_npci_00901,mer_demo_apex,Apex Retail India Ltd,cust_npci_00901,Vivek Desai,vivek.desai64@okaxis,+919870563924,399.41,INR,RECOVERED,RECOVERED,TECHNICAL_DECLINE,U30,Beneficiary Bank Timeout After Debit (Ambiguous),Axis Bank,AXIS,STATUS_POLL_VERIFICATION,0.2136,LOW,8,0,1,3,2026-08-27T09:24:03.957655
pay_npci_00902,mer_swiggy_inst,Swiggy Instamart Partner,cust_npci_00902,Priya Nair,priya.nair47@hdfcbank,+919831727944,23593.43,INR,FAILED,PENDING,BUSINESS_DECLINE,ZA,Insufficient Funds in Customer Account,HDFC Bank,HDFC,SMART_PAYMENT_LINK,0.2734,LOW,11,0,2,3,2026-09-01T20:10:11.406469
pay_npci_00903,mer_kirana_net,Desi Kirana Network,cust_npci_00903,Aarav Desai,aarav.desai44@okpnb,+919859915737,269.87,INR,RECOVERED,RECOVERED,BUSINESS_DECLINE,ZM,Invalid MPIN Entered by Customer,Punjab National Bank,PNB,CUSTOMER_WHATSAPP_NUDGE,0.2275,LOW,16,0,1,3,2026-08-22T19:51:07.755184
pay_npci_00904,mer_swiggy_inst,Swiggy Instamart Partner,cust_npci_00904,Kavita Mehta,kavita.mehta32@okicici,+919819736404,4279.33,INR,RECOVERED,RECOVERED,TECHNICAL_DECLINE,U69,Remitter Bank System Unavailable / Switch Error,ICICI Bank,ICICI,DIRECT_GATEWAY_RETRY,0.02,LOW,16,0,1,3,2026-08-07T16:50:10.224365
pay_npci_00905,mer_swiggy_inst,Swiggy Instamart Partner,cust_npci_00905,Sanjay Kumar,sanjay.kumar16@sbi,+919822472121,50383.89,INR,FAILED,IN_REVIEW,BUSINESS_DECLINE,ZM,Invalid MPIN Entered by Customer,State Bank of India,SBI,CUSTOMER_WHATSAPP_NUDGE,0.9418,HIGH,4,1,0,3,2026-08-22T14:19:39.860075
pay_npci_00906,mer_swiggy_inst,Swiggy Instamart Partner,cust_npci_00906,Vikram Sharma,vikram.sharma63@axisbank,+919872182197,3232.41,INR,RECOVERED,RECOVERED,TECHNICAL_DECLINE,U69,Remitter Bank System Unavailable / Switch Error,Axis Bank,AXIS,DIRECT_GATEWAY_RETRY,0.02,LOW,15,0,1,3,2026-08-21T22:18:23.279185
pay_npci_00907,mer_swiggy_inst,Swiggy Instamart Partner,cust_npci_00907,Pranav Desai,pranav.desai18@axisbank,+919824336340,3303.07,INR,FAILED,PENDING,BUSINESS_DECLINE,ZA,Insufficient Funds in Customer Account,Axis Bank,AXIS,SMART_PAYMENT_LINK,0.395,MEDIUM,3,0,2,3,2026-08-24T09:35:08.505163
pay_npci_00908,mer_quick_kart,Bharat QuickCommerce,cust_npci_00908,Deepak Gupta,deepak.gupta22@sbi,+919873896820,1044.02,INR,RECOVERED,RECOVERED,BUSINESS_DECLINE,ZM,Invalid MPIN Entered by Customer,State Bank of India,SBI,CUSTOMER_WHATSAPP_NUDGE,0.2629,LOW,18,0,1,3,2026-08-09T18:07:55.027043
pay_npci_00909,mer_demo_apex,Apex Retail India Ltd,cust_npci_00909,Neha Verma,neha.verma98@okicici,+919851316096,437.6,INR,FAILED,IN_REVIEW,BUSINESS_DECLINE,K1,Suspected Fraud / Excessive Velocity Anomaly,ICICI Bank,ICICI,QUARANTINE_FOR_REVIEW,0.98,HIGH,7,1,1,3,2026-08-30T17:09:48.686139
pay_npci_00910,mer_swiggy_inst,Swiggy Instamart Partner,cust_npci_00910,Pranav Nair,pranav.nair64@sbi,+919861112110,428.96,INR,FAILED,PENDING,BUSINESS_DECLINE,ZA,Insufficient Funds in Customer Account,State Bank of India,SBI,SMART_PAYMENT_LINK,0.3888,MEDIUM,2,0,2,3,2026-08-21T09:21:08.196354
pay_npci_00911,mer_quick_kart,Bharat QuickCommerce,cust_npci_00911,Pooja Nair,pooja.nair89@okaxis,+919861345480,179.35,INR,RECOVERED,RECOVERED,BUSINESS_DECLINE,ZA,Insufficient Funds in Customer Account,Axis Bank,AXIS,SMART_PAYMENT_LINK,0.2622,LOW,8,0,1,3,2026-08-12T21:38:08.437894
pay_npci_00912,mer_swiggy_inst,Swiggy Instamart Partner,cust_npci_00912,Aditi Gupta,aditi.gupta56@okhdfcbank,+919813114751,102.4,INR,RECOVERED,RECOVERED,TECHNICAL_DECLINE,U69,Remitter Bank System Unavailable / Switch Error,HDFC Bank,HDFC,DIRECT_GATEWAY_RETRY,0.02,LOW,13,0,1,3,2026-08-13T16:37:13.862449
pay_npci_00913,mer_tech_bazaar,Croma TechBazaar,cust_npci_00913,Deepak Banerjee,deepak.banerjee20@icici,+919855202558,478.62,INR,RECOVERED,RECOVERED,TECHNICAL_DECLINE,BT,Issuer Switch Timeout During 2FA Verification,ICICI Bank,ICICI,DIRECT_GATEWAY_RETRY,0.0485,LOW,13,0,1,3,2026-08-18T17:01:33.249968
pay_npci_00914,mer_swiggy_inst,Swiggy Instamart Partner,cust_npci_00914,Aarav Rao,aarav.rao17@okicici,+919849294746,34666.03,INR,FAILED,PENDING,BUSINESS_DECLINE,ZM,Invalid MPIN Entered by Customer,ICICI Bank,ICICI,CUSTOMER_WHATSAPP_NUDGE,0.5978,MEDIUM,5,0,2,3,2026-09-03T11:34:40.182956
pay_npci_00915,mer_demo_apex,Apex Retail India Ltd,cust_npci_00915,Pranav Patel,pranav.patel64@okaxis,+919895490740,479.46,INR,FAILED,IN_REVIEW,BUSINESS_DECLINE,K1,Suspected Fraud / Excessive Velocity Anomaly,Axis Bank,AXIS,QUARANTINE_FOR_REVIEW,0.98,HIGH,12,1,2,3,2026-08-15T02:32:29.582145
pay_npci_00916,mer_demo_apex,Apex Retail India Ltd,cust_npci_00916,Sneha Rao,sneha.rao67@hdfcbank,+919870071493,120.43,INR,RECOVERED,RECOVERED,BUSINESS_DECLINE,ZA,Insufficient Funds in Customer Account,HDFC Bank,HDFC,SMART_PAYMENT_LINK,0.3185,LOW,13,0,1,3,2026-08-08T19:29:35.967750
pay_npci_00917,mer_tech_bazaar,Croma TechBazaar,cust_npci_00917,Gaurav Singh,gaurav.singh11@unionbank,+919839972705,3888.67,INR,FAILED,PENDING,BUSINESS_DECLINE,XH,Customer Account Blocked / Frozen / Dormant,Union Bank of India,UBI,ESCALATE_TO_HUMAN,0.5717,MEDIUM,17,0,2,3,2026-08-05T16:32:06.676413
pay_npci_00918,mer_swiggy_inst,Swiggy Instamart Partner,cust_npci_00918,Tanvi Singh,tanvi.singh62@unionbank,+919881765153,62.08,INR,FAILED,PENDING,TECHNICAL_DECLINE,U69,Remitter Bank System Unavailable / Switch Error,Union Bank of India,UBI,DIRECT_GATEWAY_RETRY,0.02,LOW,17,0,0,3,2026-08-27T12:56:28.653040
pay_npci_00919,mer_kirana_net,Desi Kirana Network,cust_npci_00919,Vikram Gupta,vikram.gupta39@sbi,+919817831169,328.11,INR,RECOVERED,RECOVERED,TECHNICAL_DECLINE,U69,Remitter Bank System Unavailable / Switch Error,State Bank of India,SBI,DIRECT_GATEWAY_RETRY,0.1175,LOW,1,0,1,3,2026-08-25T14:34:35.274163
pay_npci_00920,mer_quick_kart,Bharat QuickCommerce,cust_npci_00920,Sunil Chatterjee,sunil.chatterjee96@sbi,+919885838215,197.57,INR,FAILED,PENDING,BUSINESS_DECLINE,ZA,Insufficient Funds in Customer Account,State Bank of India,SBI,SMART_PAYMENT_LINK,0.4225,MEDIUM,4,0,1,3,2026-08-07T08:11:45.878402
pay_npci_00921,mer_demo_apex,Apex Retail India Ltd,cust_npci_00921,Vivek Chopra,vivek.chopra50@okpnb,+919847721729,401.18,INR,RECOVERED,RECOVERED,TECHNICAL_DECLINE,U30,Beneficiary Bank Timeout After Debit (Ambiguous),Punjab National Bank,PNB,STATUS_POLL_VERIFICATION,0.1942,LOW,12,0,1,3,2026-08-19T08:38:13.945973
pay_npci_00922,mer_kirana_net,Desi Kirana Network,cust_npci_00922,Pranav Verma,pranav.verma81@okhdfcbank,+919812586312,2877.93,INR,FAILED,PENDING,BUSINESS_DECLINE,ZA,Insufficient Funds in Customer Account,HDFC Bank,HDFC,SMART_PAYMENT_LINK,0.3386,LOW,14,0,1,3,2026-08-14T22:31:17.530923
pay_npci_00923,mer_quick_kart,Bharat QuickCommerce,cust_npci_00923,Deepak Gupta,deepak.gupta26@sbi,+919895918598,282.55,INR,RECOVERED,RECOVERED,TECHNICAL_DECLINE,U30,Beneficiary Bank Timeout After Debit (Ambiguous),State Bank of India,SBI,STATUS_POLL_VERIFICATION,0.2863,LOW,4,0,1,3,2026-08-26T19:07:21.882883
pay_npci_00924,mer_tech_bazaar,Croma TechBazaar,cust_npci_00924,Pooja Mehta,pooja.mehta13@paytm,+919872246232,179.68,INR,RECOVERED,RECOVERED,BUSINESS_DECLINE,U19,Daily Per-Transaction or Cumulative Limit Exceeded,Paytm Payments Bank,PYTM,SMART_PAYMENT_LINK,0.2946,LOW,16,0,1,3,2026-09-03T17:15:37.265341
pay_npci_00925,mer_quick_kart,Bharat QuickCommerce,cust_npci_00925,Vikram Gupta,vikram.gupta36@paytm,+919891923771,168.5,INR,RECOVERED,RECOVERED,TECHNICAL_DECLINE,U69,Remitter Bank System Unavailable / Switch Error,Paytm Payments Bank,PYTM,DIRECT_GATEWAY_RETRY,0.02,LOW,8,0,1,3,2026-09-01T14:21:52.348147
pay_npci_00926,mer_swiggy_inst,Swiggy Instamart Partner,cust_npci_00926,Neha Kulkarni,neha.kulkarni33@barodampay,+919890861136,81.71,INR,RECOVERED,RECOVERED,BUSINESS_DECLINE,ZA,Insufficient Funds in Customer Account,Bank of Baroda,BOB,SMART_PAYMENT_LINK,0.3029,LOW,10,0,1,3,2026-08-25T08:35:39.507287
pay_npci_00927,mer_quick_kart,Bharat QuickCommerce,cust_npci_00927,Sunil Desai,sunil.desai55@sbi,+919847071029,38760.31,INR,FAILED,PENDING,BUSINESS_DECLINE,ZM,Invalid MPIN Entered by Customer,State Bank of India,SBI,CUSTOMER_WHATSAPP_NUDGE,0.4586,MEDIUM,7,0,1,3,2026-08-28T09:11:39.130781
pay_npci_00928,mer_kirana_net,Desi Kirana Network,cust_npci_00928,Priya Chatterjee,priya.chatterjee67@ybl,+919836863792,63053.26,INR,RECOVERED,RECOVERED,TECHNICAL_DECLINE,U69,Remitter Bank System Unavailable / Switch Error,Yes Bank / PhonePe,YESB,DIRECT_GATEWAY_RETRY,0.1709,LOW,17,0,1,3,2026-08-05T18:51:45.905954
pay_npci_00929,mer_tech_bazaar,Croma TechBazaar,cust_npci_00929,Deepak Reddy,deepak.reddy53@hdfcbank,+919831664029,1390.01,INR,FAILED,IN_REVIEW,BUSINESS_DECLINE,K1,Suspected Fraud / Excessive Velocity Anomaly,HDFC Bank,HDFC,QUARANTINE_FOR_REVIEW,0.98,HIGH,8,1,1,3,2026-08-22T09:09:51.170111
pay_npci_00930,mer_demo_apex,Apex Retail India Ltd,cust_npci_00930,Priya Desai,priya.desai37@okhdfcbank,+919872638419,315.96,INR,FAILED,PENDING,BUSINESS_DECLINE,ZA,Insufficient Funds in Customer Account,HDFC Bank,HDFC,SMART_PAYMENT_LINK,0.2953,LOW,9,0,1,3,2026-08-25T20:40:20.661238
pay_npci_00931,mer_quick_kart,Bharat QuickCommerce,cust_npci_00931,Kavita Joshi,kavita.joshi65@hdfcbank,+919816853076,2484.19,INR,RECOVERED,RECOVERED,TECHNICAL_DECLINE,BT,Issuer Switch Timeout During 2FA Verification,HDFC Bank,HDFC,DIRECT_GATEWAY_RETRY,0.1055,LOW,1,0,1,3,2026-08-23T09:23:17.641017
pay_npci_00932,mer_tech_bazaar,Croma TechBazaar,cust_npci_00932,Pooja Verma,pooja.verma84@oksbi,+919859848592,277.07,INR,FAILED,PENDING,BUSINESS_DECLINE,ZA,Insufficient Funds in Customer Account,State Bank of India,SBI,SMART_PAYMENT_LINK,0.4252,MEDIUM,5,0,1,3,2026-08-28T20:18:50.880667
pay_npci_00933,mer_swiggy_inst,Swiggy Instamart Partner,cust_npci_00933,Ananya Mehta,ananya.mehta91@okhdfcbank,+919882682264,63.19,INR,RECOVERED,RECOVERED,TECHNICAL_DECLINE,BT,Issuer Switch Timeout During 2FA Verification,HDFC Bank,HDFC,DIRECT_GATEWAY_RETRY,0.1417,LOW,4,0,1,3,2026-08-10T21:05:27.505519
pay_npci_00934,mer_kirana_net,Desi Kirana Network,cust_npci_00934,Sanjay Nair,sanjay.nair53@kmbl,+919871380191,56.24,INR,FAILED,PENDING,BUSINESS_DECLINE,ZM,Invalid MPIN Entered by Customer,Kotak Mahindra Bank,KKBK,CUSTOMER_WHATSAPP_NUDGE,0.3707,MEDIUM,3,0,2,3,2026-08-20T12:16:36.078015
pay_npci_00935,mer_quick_kart,Bharat QuickCommerce,cust_npci_00935,Ananya Chatterjee,ananya.chatterjee88@sbi,+919881877630,282.33,INR,FAILED,PENDING,BUSINESS_DECLINE,ZA,Insufficient Funds in Customer Account,State Bank of India,SBI,SMART_PAYMENT_LINK,0.4178,MEDIUM,2,0,2,3,2026-08-26T12:16:09.100513
pay_npci_00936,mer_tech_bazaar,Croma TechBazaar,cust_npci_00936,Neha Singh,neha.singh29@sbi,+919886106904,431.6,INR,FAILED,PENDING,TECHNICAL_DECLINE,BT,Issuer Switch Timeout During 2FA Verification,State Bank of India,SBI,DIRECT_GATEWAY_RETRY,0.0274,LOW,17,0,1,3,2026-08-21T20:29:43.884559
pay_npci_00937,mer_kirana_net,Desi Kirana Network,cust_npci_00937,Gaurav Verma,gaurav.verma62@sbi,+919852625465,3185.49,INR,RECOVERED,RECOVERED,TECHNICAL_DECLINE,BT,Issuer Switch Timeout During 2FA Verification,State Bank of India,SBI,DIRECT_GATEWAY_RETRY,0.0316,LOW,18,0,1,3,2026-08-11T23:00:43.546606
pay_npci_00938,mer_swiggy_inst,Swiggy Instamart Partner,cust_npci_00938,Kavita Reddy,kavita.reddy59@icici,+919866954419,3008.65,INR,RECOVERED,RECOVERED,BUSINESS_DECLINE,ZM,Invalid MPIN Entered by Customer,ICICI Bank,ICICI,CUSTOMER_WHATSAPP_NUDGE,0.2969,LOW,14,0,1,3,2026-08-19T23:39:10.540931
pay_npci_00939,mer_demo_apex,Apex Retail India Ltd,cust_npci_00939,Aditi Gupta,aditi.gupta73@okhdfcbank,+919812319219,252.45,INR,RECOVERED,RECOVERED,BUSINESS_DECLINE,U19,Daily Per-Transaction or Cumulative Limit Exceeded,HDFC Bank,HDFC,SMART_PAYMENT_LINK,0.3072,LOW,13,0,1,3,2026-08-23T17:40:00.196200
pay_npci_00940,mer_kirana_net,Desi Kirana Network,cust_npci_00940,Varun Mehta,varun.mehta65@unionbank,+919850757231,98.18,INR,RECOVERED,RECOVERED,BUSINESS_DECLINE,ZM,Invalid MPIN Entered by Customer,Union Bank of India,UBI,CUSTOMER_WHATSAPP_NUDGE,0.2544,LOW,16,0,1,3,2026-08-26T14:20:50.206442
pay_npci_00941,mer_swiggy_inst,Swiggy Instamart Partner,cust_npci_00941,Isha Kumar,isha.kumar91@icici,+919845077932,253.6,INR,RECOVERED,RECOVERED,TECHNICAL_DECLINE,U69,Remitter Bank System Unavailable / Switch Error,ICICI Bank,ICICI,DIRECT_GATEWAY_RETRY,0.0863,LOW,1,0,1,3,2026-08-30T08:39:18.387437
pay_npci_00942,mer_tech_bazaar,Croma TechBazaar,cust_npci_00942,Ananya Nair,ananya.nair30@paytm,+919858971621,161.82,INR,FAILED,PENDING,BUSINESS_DECLINE,XH,Customer Account Blocked / Frozen / Dormant,Paytm Payments Bank,PYTM,ESCALATE_TO_HUMAN,0.5247,MEDIUM,18,0,2,3,2026-08-13T13:56:10.789056
pay_npci_00943,mer_tech_bazaar,Croma TechBazaar,cust_npci_00943,Kavita Joshi,kavita.joshi38@paytm,+919829736756,281.9,INR,FAILED,PENDING,BUSINESS_DECLINE,ZA,Insufficient Funds in Customer Account,Paytm Payments Bank,PYTM,SMART_PAYMENT_LINK,0.4434,MEDIUM,0,0,1,3,2026-08-16T14:19:00.978858
pay_npci_00944,mer_kirana_net,Desi Kirana Network,cust_npci_00944,Gaurav Kumar,gaurav.kumar28@axisbank,+919838405698,231.77,INR,RECOVERED,RECOVERED,TECHNICAL_DECLINE,U69,Remitter Bank System Unavailable / Switch Error,Axis Bank,AXIS,DIRECT_GATEWAY_RETRY,0.0644,LOW,2,0,1,3,2026-08-17T00:46:07.122238
pay_npci_00945,mer_swiggy_inst,Swiggy Instamart Partner,cust_npci_00945,Ananya Kumar,ananya.kumar68@okhdfcbank,+919860469516,585.16,INR,FAILED,PENDING,BUSINESS_DECLINE,ZM,Invalid MPIN Entered by Customer,HDFC Bank,HDFC,CUSTOMER_WHATSAPP_NUDGE,0.3826,MEDIUM,3,0,1,3,2026-08-10T17:55:23.780210
pay_npci_00946,mer_demo_apex,Apex Retail India Ltd,cust_npci_00946,Deepak Chatterjee,deepak.chatterjee64@paytm,+919819119201,44172.1,INR,FAILED,PENDING,BUSINESS_DECLINE,ZM,Invalid MPIN Entered by Customer,Paytm Payments Bank,PYTM,CUSTOMER_WHATSAPP_NUDGE,0.5991,MEDIUM,5,0,2,3,2026-08-16T08:21:38.297756
pay_npci_00947,mer_quick_kart,Bharat QuickCommerce,cust_npci_00947,Tanvi Chopra,tanvi.chopra11@oksbi,+919825792797,31736.34,INR,FAILED,PENDING,BUSINESS_DECLINE,ZA,Insufficient Funds in Customer Account,State Bank of India,SBI,SMART_PAYMENT_LINK,0.513,MEDIUM,16,0,1,3,2026-08-15T14:13:09.593423
pay_npci_00948,mer_tech_bazaar,Croma TechBazaar,cust_npci_00948,Pooja Nair,pooja.nair76@okhdfcbank,+919874945666,4472.5,INR,RECOVERED,RECOVERED,BUSINESS_DECLINE,U19,Daily Per-Transaction or Cumulative Limit Exceeded,HDFC Bank,HDFC,SMART_PAYMENT_LINK,0.2958,LOW,14,0,1,3,2026-08-23T12:28:16.651301
pay_npci_00949,mer_tech_bazaar,Croma TechBazaar,cust_npci_00949,Aarav Desai,aarav.desai90@hdfcbank,+919811776714,1152.28,INR,RECOVERED,RECOVERED,BUSINESS_DECLINE,ZA,Insufficient Funds in Customer Account,HDFC Bank,HDFC,SMART_PAYMENT_LINK,0.2916,LOW,15,0,1,3,2026-08-24T14:51:40.752671
pay_npci_00950,mer_kirana_net,Desi Kirana Network,cust_npci_00950,Rahul Sharma,rahul.sharma27@okicici,+919826554023,267.42,INR,RECOVERED,RECOVERED,BUSINESS_DECLINE,ZA,Insufficient Funds in Customer Account,ICICI Bank,ICICI,SMART_PAYMENT_LINK,0.2951,LOW,9,0,1,3,2026-08-09T11:05:16.804649
pay_npci_00951,mer_tech_bazaar,Croma TechBazaar,cust_npci_00951,Sanjay Joshi,sanjay.joshi16@oksbi,+919880983222,32348.46,INR,RECOVERED,RECOVERED,TECHNICAL_DECLINE,U69,Remitter Bank System Unavailable / Switch Error,State Bank of India,SBI,DIRECT_GATEWAY_RETRY,0.25,LOW,0,0,1,3,2026-09-01T14:07:31.832061
pay_npci_00952,mer_kirana_net,Desi Kirana Network,cust_npci_00952,Sunil Verma,sunil.verma79@okicici,+919872112109,389.5,INR,RECOVERED,RECOVERED,BUSINESS_DECLINE,ZA,Insufficient Funds in Customer Account,ICICI Bank,ICICI,SMART_PAYMENT_LINK,0.263,LOW,9,0,1,3,2026-08-24T17:46:56.520354
pay_npci_00953,mer_tech_bazaar,Croma TechBazaar,cust_npci_00953,Amit Sharma,amit.sharma85@ibl,+919890512207,1687.79,INR,FAILED,PENDING,BUSINESS_DECLINE,U19,Daily Per-Transaction or Cumulative Limit Exceeded,Yes Bank / PhonePe,YESB,SMART_PAYMENT_LINK,0.4648,MEDIUM,5,0,0,3,2026-09-04T10:01:02.675838
pay_npci_00954,mer_swiggy_inst,Swiggy Instamart Partner,cust_npci_00954,Kiran Patel,kiran.patel13@okhdfcbank,+919893769161,108.24,INR,RECOVERED,RECOVERED,BUSINESS_DECLINE,U19,Daily Per-Transaction or Cumulative Limit Exceeded,HDFC Bank,HDFC,SMART_PAYMENT_LINK,0.2906,LOW,15,0,1,3,2026-08-08T14:46:08.775535
pay_npci_00955,mer_tech_bazaar,Croma TechBazaar,cust_npci_00955,Aditi Reddy,aditi.reddy35@ybl,+919888522252,3414.63,INR,FAILED,PENDING,TECHNICAL_DECLINE,BT,Issuer Switch Timeout During 2FA Verification,Yes Bank / PhonePe,YESB,DIRECT_GATEWAY_RETRY,0.02,LOW,11,0,2,3,2026-08-09T09:30:24.096646
pay_npci_00956,mer_quick_kart,Bharat QuickCommerce,cust_npci_00956,Manish Kulkarni,manish.kulkarni32@unionbank,+919811575395,3347.74,INR,FAILED,PENDING,BUSINESS_DECLINE,ZA,Insufficient Funds in Customer Account,Union Bank of India,UBI,SMART_PAYMENT_LINK,0.4343,MEDIUM,3,0,1,3,2026-08-18T16:06:25.081937
pay_npci_00957,mer_swiggy_inst,Swiggy Instamart Partner,cust_npci_00957,Pooja Nair,pooja.nair80@kotak,+919850676096,4344.78,INR,FAILED,PENDING,BUSINESS_DECLINE,ZA,Insufficient Funds in Customer Account,Kotak Mahindra Bank,KKBK,SMART_PAYMENT_LINK,0.4444,MEDIUM,1,0,1,3,2026-08-28T13:50:09.993638
pay_npci_00958,mer_demo_apex,Apex Retail India Ltd,cust_npci_00958,Rohan Singh,rohan.singh41@okaxis,+919886119626,336.62,INR,RECOVERED,RECOVERED,BUSINESS_DECLINE,ZA,Insufficient Funds in Customer Account,Axis Bank,AXIS,SMART_PAYMENT_LINK,0.3001,LOW,9,0,1,3,2026-08-27T08:07:35.183070
pay_npci_00959,mer_tech_bazaar,Croma TechBazaar,cust_npci_00959,Sneha Rao,sneha.rao58@okaxis,+919892342026,844.84,INR,FAILED,PENDING,BUSINESS_DECLINE,ZA,Insufficient Funds in Customer Account,Axis Bank,AXIS,SMART_PAYMENT_LINK,0.415,MEDIUM,1,0,2,3,2026-08-08T11:14:14.557459
pay_npci_00960,mer_kirana_net,Desi Kirana Network,cust_npci_00960,Varun Rao,varun.rao30@ibl,+919826537775,2645.69,INR,RECOVERED,RECOVERED,BUSINESS_DECLINE,ZM,Invalid MPIN Entered by Customer,Yes Bank / PhonePe,YESB,CUSTOMER_WHATSAPP_NUDGE,0.2511,LOW,16,0,1,3,2026-08-12T11:33:18.172338
pay_npci_00961,mer_tech_bazaar,Croma TechBazaar,cust_npci_00961,Aarav Kumar,aarav.kumar35@paytm,+919885652101,377.47,INR,FAILED,PENDING,BUSINESS_DECLINE,ZM,Invalid MPIN Entered by Customer,Paytm Payments Bank,PYTM,CUSTOMER_WHATSAPP_NUDGE,0.6278,MEDIUM,14,1,0,3,2026-08-21T17:05:30.017074
pay_npci_00962,mer_demo_apex,Apex Retail India Ltd,cust_npci_00962,Sanjay Kulkarni,sanjay.kulkarni20@paytm,+919810915286,383.49,INR,FAILED,PENDING,TECHNICAL_DECLINE,BT,Issuer Switch Timeout During 2FA Verification,Paytm Payments Bank,PYTM,DIRECT_GATEWAY_RETRY,0.02,LOW,16,0,2,3,2026-08-27T08:18:03.715837
pay_npci_00963,mer_swiggy_inst,Swiggy Instamart Partner,cust_npci_00963,Tanvi Chopra,tanvi.chopra11@paytm,+919887657364,1088.43,INR,RECOVERED,RECOVERED,BUSINESS_DECLINE,ZA,Insufficient Funds in Customer Account,Paytm Payments Bank,PYTM,SMART_PAYMENT_LINK,0.285,LOW,8,0,1,3,2026-08-22T21:32:04.963503
pay_npci_00964,mer_quick_kart,Bharat QuickCommerce,cust_npci_00964,Sunil Sharma,sunil.sharma95@sbi,+919840239128,49825.05,INR,RECOVERED,RECOVERED,TECHNICAL_DECLINE,U69,Remitter Bank System Unavailable / Switch Error,State Bank of India,SBI,DIRECT_GATEWAY_RETRY,0.1217,LOW,10,0,1,3,2026-09-01T06:46:02.712461
pay_npci_00965,mer_quick_kart,Bharat QuickCommerce,cust_npci_00965,Zoya Patel,zoya.patel38@sbi,+919818050133,97.1,INR,RECOVERED,RECOVERED,BUSINESS_DECLINE,ZM,Invalid MPIN Entered by Customer,State Bank of India,SBI,CUSTOMER_WHATSAPP_NUDGE,0.2261,LOW,11,0,1,3,2026-09-01T18:31:50.947294
pay_npci_00966,mer_quick_kart,Bharat QuickCommerce,cust_npci_00966,Rohan Nair,rohan.nair76@unionbank,+919848144697,61287.11,INR,FAILED,PENDING,BUSINESS_DECLINE,ZA,Insufficient Funds in Customer Account,Union Bank of India,UBI,SMART_PAYMENT_LINK,0.4434,MEDIUM,9,0,0,3,2026-08-10T13:21:50.635270
pay_npci_00967,mer_tech_bazaar,Croma TechBazaar,cust_npci_00967,Isha Banerjee,isha.banerjee90@oksbi,+919843012831,223.45,INR,RECOVERED,RECOVERED,BUSINESS_DECLINE,ZA,Insufficient Funds in Customer Account,State Bank of India,SBI,SMART_PAYMENT_LINK,0.2723,LOW,6,0,1,3,2026-08-05T07:36:59.787683
pay_npci_00968,mer_quick_kart,Bharat QuickCommerce,cust_npci_00968,Gaurav Patel,gaurav.patel89@hdfcbank,+919894280486,68530.29,INR,FAILED,PENDING,BUSINESS_DECLINE,U19,Daily Per-Transaction or Cumulative Limit Exceeded,HDFC Bank,HDFC,SMART_PAYMENT_LINK,0.4731,MEDIUM,9,0,1,3,2026-08-24T21:37:38.642291
pay_npci_00969,mer_demo_apex,Apex Retail India Ltd,cust_npci_00969,Sunil Mehta,sunil.mehta45@hdfcbank,+919855875775,223.54,INR,FAILED,PENDING,BUSINESS_DECLINE,XH,Customer Account Blocked / Frozen / Dormant,HDFC Bank,HDFC,ESCALATE_TO_HUMAN,0.5829,MEDIUM,16,0,1,3,2026-08-08T09:01:34.203069
pay_npci_00970,mer_demo_apex,Apex Retail India Ltd,cust_npci_00970,Deepak Singh,deepak.singh13@oksbi,+919874782486,24855.31,INR,FAILED,PENDING,BUSINESS_DECLINE,XH,Customer Account Blocked / Frozen / Dormant,State Bank of India,SBI,ESCALATE_TO_HUMAN,0.6893,MEDIUM,0,0,1,3,2026-08-29T11:36:00.832202
pay_npci_00971,mer_swiggy_inst,Swiggy Instamart Partner,cust_npci_00971,Varun Verma,varun.verma61@okpnb,+919835046121,186.41,INR,FAILED,PENDING,BUSINESS_DECLINE,ZA,Insufficient Funds in Customer Account,Punjab National Bank,PNB,SMART_PAYMENT_LINK,0.6454,MEDIUM,6,1,2,3,2026-08-21T05:23:20.901331
pay_npci_00972,mer_kirana_net,Desi Kirana Network,cust_npci_00972,Zoya Patel,zoya.patel52@okaxis,+919833448885,351.34,INR,RECOVERED,RECOVERED,BUSINESS_DECLINE,U19,Daily Per-Transaction or Cumulative Limit Exceeded,Axis Bank,AXIS,SMART_PAYMENT_LINK,0.2994,LOW,15,0,1,3,2026-09-01T16:56:29.095125
pay_npci_00973,mer_swiggy_inst,Swiggy Instamart Partner,cust_npci_00973,Pooja Nair,pooja.nair93@sbi,+919840950637,2519.2,INR,RECOVERED,RECOVERED,BUSINESS_DECLINE,ZA,Insufficient Funds in Customer Account,State Bank of India,SBI,SMART_PAYMENT_LINK,0.3049,LOW,16,0,1,3,2026-08-27T21:29:12.568723
pay_npci_00974,mer_quick_kart,Bharat QuickCommerce,cust_npci_00974,Deepak Patel,deepak.patel55@sbi,+919861651249,3585.56,INR,FAILED,PENDING,BUSINESS_DECLINE,ZA,Insufficient Funds in Customer Account,State Bank of India,SBI,SMART_PAYMENT_LINK,0.2752,LOW,7,0,0,3,2026-08-28T13:56:42.005252
pay_npci_00975,mer_tech_bazaar,Croma TechBazaar,cust_npci_00975,Kiran Reddy,kiran.reddy84@okicici,+919874862237,596.77,INR,FAILED,PENDING,BUSINESS_DECLINE,ZM,Invalid MPIN Entered by Customer,ICICI Bank,ICICI,CUSTOMER_WHATSAPP_NUDGE,0.6112,MEDIUM,10,1,0,3,2026-08-31T05:09:15.623007
pay_npci_00976,mer_demo_apex,Apex Retail India Ltd,cust_npci_00976,Gaurav Nair,gaurav.nair37@hdfcbank,+919820237631,24453.64,INR,RECOVERED,RECOVERED,BUSINESS_DECLINE,ZM,Invalid MPIN Entered by Customer,HDFC Bank,HDFC,CUSTOMER_WHATSAPP_NUDGE,0.2206,LOW,9,0,1,3,2026-08-14T09:05:05.944101
pay_npci_00977,mer_kirana_net,Desi Kirana Network,cust_npci_00977,Rohan Chopra,rohan.chopra64@icici,+919810127939,112.88,INR,FAILED,PENDING,TECHNICAL_DECLINE,U69,Remitter Bank System Unavailable / Switch Error,ICICI Bank,ICICI,DIRECT_GATEWAY_RETRY,0.4336,MEDIUM,4,1,0,3,2026-08-27T11:42:39.417961
pay_npci_00978,mer_kirana_net,Desi Kirana Network,cust_npci_00978,Pooja Joshi,pooja.joshi55@paytm,+919890165471,134.8,INR,FAILED,PENDING,BUSINESS_DECLINE,XH,Customer Account Blocked / Frozen / Dormant,Paytm Payments Bank,PYTM,ESCALATE_TO_HUMAN,0.5371,MEDIUM,8,0,0,3,2026-08-09T14:04:27.266085
pay_npci_00979,mer_tech_bazaar,Croma TechBazaar,cust_npci_00979,Deepak Chopra,deepak.chopra21@ibl,+919836176675,3561.84,INR,FAILED,PENDING,BUSINESS_DECLINE,ZA,Insufficient Funds in Customer Account,Yes Bank / PhonePe,YESB,SMART_PAYMENT_LINK,0.3822,MEDIUM,3,0,1,3,2026-08-17T09:52:27.643306
pay_npci_00980,mer_kirana_net,Desi Kirana Network,cust_npci_00980,Aarav Banerjee,aarav.banerjee34@okicici,+919836893467,86.76,INR,RECOVERED,RECOVERED,TECHNICAL_DECLINE,BT,Issuer Switch Timeout During 2FA Verification,ICICI Bank,ICICI,DIRECT_GATEWAY_RETRY,0.02,LOW,14,0,1,3,2026-08-13T18:16:47.868958
pay_npci_00981,mer_swiggy_inst,Swiggy Instamart Partner,cust_npci_00981,Varun Sharma,varun.sharma45@hdfcbank,+919865484772,2205.85,INR,RECOVERED,RECOVERED,TECHNICAL_DECLINE,U69,Remitter Bank System Unavailable / Switch Error,HDFC Bank,HDFC,DIRECT_GATEWAY_RETRY,0.1096,LOW,5,0,1,3,2026-08-26T13:15:38.808976
pay_npci_00982,mer_swiggy_inst,Swiggy Instamart Partner,cust_npci_00982,Isha Chopra,isha.chopra86@oksbi,+919897531486,132.8,INR,FAILED,PENDING,BUSINESS_DECLINE,U19,Daily Per-Transaction or Cumulative Limit Exceeded,State Bank of India,SBI,SMART_PAYMENT_LINK,0.4716,MEDIUM,0,0,2,3,2026-08-25T16:36:42.025999
pay_npci_00983,mer_demo_apex,Apex Retail India Ltd,cust_npci_00983,Rohan Chatterjee,rohan.chatterjee98@icici,+919877845467,276.91,INR,FAILED,PENDING,BUSINESS_DECLINE,U19,Daily Per-Transaction or Cumulative Limit Exceeded,ICICI Bank,ICICI,SMART_PAYMENT_LINK,0.4522,MEDIUM,1,0,2,3,2026-08-29T18:00:45.621039
pay_npci_00984,mer_quick_kart,Bharat QuickCommerce,cust_npci_00984,Pooja Kulkarni,pooja.kulkarni85@oksbi,+919811369129,1617.07,INR,RECOVERED,RECOVERED,BUSINESS_DECLINE,ZA,Insufficient Funds in Customer Account,State Bank of India,SBI,SMART_PAYMENT_LINK,0.321,LOW,16,0,1,3,2026-08-25T12:00:59.707904
pay_npci_00985,mer_swiggy_inst,Swiggy Instamart Partner,cust_npci_00985,Sunil Nair,sunil.nair87@sbi,+919821580746,55.7,INR,RECOVERED,RECOVERED,TECHNICAL_DECLINE,U30,Beneficiary Bank Timeout After Debit (Ambiguous),State Bank of India,SBI,STATUS_POLL_VERIFICATION,0.1597,LOW,6,0,1,3,2026-08-08T18:17:15.842893
pay_npci_00986,mer_swiggy_inst,Swiggy Instamart Partner,cust_npci_00986,Priya Gupta,priya.gupta49@icici,+919817180275,446.16,INR,RECOVERED,RECOVERED,TECHNICAL_DECLINE,U69,Remitter Bank System Unavailable / Switch Error,ICICI Bank,ICICI,DIRECT_GATEWAY_RETRY,0.02,LOW,17,0,1,3,2026-08-12T22:41:57.813919
pay_npci_00987,mer_tech_bazaar,Croma TechBazaar,cust_npci_00987,Deepak Chopra,deepak.chopra85@oksbi,+919839776253,4634.26,INR,FAILED,PENDING,BUSINESS_DECLINE,XH,Customer Account Blocked / Frozen / Dormant,State Bank of India,SBI,ESCALATE_TO_HUMAN,0.6557,MEDIUM,1,0,2,3,2026-08-29T19:28:11.488982
pay_npci_00988,mer_demo_apex,Apex Retail India Ltd,cust_npci_00988,Deepak Nair,deepak.nair75@okhdfcbank,+919843684614,2459.83,INR,FAILED,PENDING,BUSINESS_DECLINE,ZA,Insufficient Funds in Customer Account,HDFC Bank,HDFC,SMART_PAYMENT_LINK,0.2916,LOW,10,0,1,3,2026-09-03T12:07:08.601570
pay_npci_00989,mer_demo_apex,Apex Retail India Ltd,cust_npci_00989,Sanjay Nair,sanjay.nair14@paytm,+919829012870,27626.95,INR,FAILED,PENDING,BUSINESS_DECLINE,ZM,Invalid MPIN Entered by Customer,Paytm Payments Bank,PYTM,CUSTOMER_WHATSAPP_NUDGE,0.4054,MEDIUM,9,0,0,3,2026-08-17T11:11:53.742394
pay_npci_00990,mer_swiggy_inst,Swiggy Instamart Partner,cust_npci_00990,Aditi Sharma,aditi.sharma43@okpnb,+919880256044,1131.59,INR,FAILED,IN_REVIEW,BUSINESS_DECLINE,K1,Suspected Fraud / Excessive Velocity Anomaly,Punjab National Bank,PNB,QUARANTINE_FOR_REVIEW,0.98,HIGH,4,1,2,3,2026-08-24T18:00:40.147804
pay_npci_00991,mer_tech_bazaar,Croma TechBazaar,cust_npci_00991,Amit Mehta,amit.mehta77@barodampay,+919848854395,267.75,INR,RECOVERED,RECOVERED,BUSINESS_DECLINE,ZM,Invalid MPIN Entered by Customer,Bank of Baroda,BOB,CUSTOMER_WHATSAPP_NUDGE,0.2472,LOW,12,0,1,3,2026-08-29T23:31:59.360504
pay_npci_00992,mer_tech_bazaar,Croma TechBazaar,cust_npci_00992,Pooja Sharma,pooja.sharma95@okicici,+919856427860,2381.44,INR,RECOVERED,RECOVERED,BUSINESS_DECLINE,ZM,Invalid MPIN Entered by Customer,ICICI Bank,ICICI,CUSTOMER_WHATSAPP_NUDGE,0.2872,LOW,12,0,1,3,2026-08-17T09:54:08.761369
pay_npci_00993,mer_demo_apex,Apex Retail India Ltd,cust_npci_00993,Kavita Patel,kavita.patel46@hdfcbank,+919885301501,215.42,INR,RECOVERED,RECOVERED,BUSINESS_DECLINE,ZA,Insufficient Funds in Customer Account,HDFC Bank,HDFC,SMART_PAYMENT_LINK,0.2989,LOW,18,0,1,3,2026-09-03T12:07:16.348200
pay_npci_00994,mer_demo_apex,Apex Retail India Ltd,cust_npci_00994,Priya Reddy,priya.reddy84@okicici,+919888695203,2877.57,INR,FAILED,PENDING,BUSINESS_DECLINE,XH,Customer Account Blocked / Frozen / Dormant,ICICI Bank,ICICI,ESCALATE_TO_HUMAN,0.5916,MEDIUM,12,0,1,3,2026-08-15T19:51:42.122631
pay_npci_00995,mer_kirana_net,Desi Kirana Network,cust_npci_00995,Manish Kulkarni,manish.kulkarni49@icici,+919835588447,29664.34,INR,RECOVERED,RECOVERED,TECHNICAL_DECLINE,U69,Remitter Bank System Unavailable / Switch Error,ICICI Bank,ICICI,DIRECT_GATEWAY_RETRY,0.2877,LOW,0,0,1,3,2026-08-08T13:08:52.500507
pay_npci_00996,mer_kirana_net,Desi Kirana Network,cust_npci_00996,Aarav Chopra,aarav.chopra18@oksbi,+919883467081,118.13,INR,FAILED,PENDING,BUSINESS_DECLINE,ZA,Insufficient Funds in Customer Account,State Bank of India,SBI,SMART_PAYMENT_LINK,0.4482,MEDIUM,4,0,2,3,2026-09-02T19:00:34.249435
pay_npci_00997,mer_kirana_net,Desi Kirana Network,cust_npci_00997,Kavita Desai,kavita.desai63@sbi,+919810971106,2888.2,INR,FAILED,IN_REVIEW,BUSINESS_DECLINE,K1,Suspected Fraud / Excessive Velocity Anomaly,State Bank of India,SBI,QUARANTINE_FOR_REVIEW,0.98,HIGH,15,1,0,3,2026-08-25T11:10:20.328291
pay_npci_00998,mer_demo_apex,Apex Retail India Ltd,cust_npci_00998,Kiran Kumar,kiran.kumar98@barodampay,+919825066084,78.44,INR,RECOVERED,RECOVERED,BUSINESS_DECLINE,ZA,Insufficient Funds in Customer Account,Bank of Baroda,BOB,SMART_PAYMENT_LINK,0.286,LOW,7,0,1,3,2026-08-15T01:08:08.391099
pay_npci_00999,mer_demo_apex,Apex Retail India Ltd,cust_npci_00999,Tanvi Sharma,tanvi.sharma13@sbi,+919874646713,125.21,INR,RECOVERED,RECOVERED,BUSINESS_DECLINE,ZA,Insufficient Funds in Customer Account,State Bank of India,SBI,SMART_PAYMENT_LINK,0.3397,LOW,12,0,1,3,2026-08-31T19:36:51.610246
pay_npci_01000,mer_quick_kart,Bharat QuickCommerce,cust_npci_01000,Aditi Banerjee,aditi.banerjee39@oksbi,+919838848285,288.87,INR,RECOVERED,RECOVERED,TECHNICAL_DECLINE,U30,Beneficiary Bank Timeout After Debit (Ambiguous),State Bank of India,SBI,STATUS_POLL_VERIFICATION,0.2093,LOW,9,0,1,3,2026-08-26T15:53:26.599601
pay_npci_01001,mer_swiggy_inst,Swiggy Instamart Partner,cust_npci_01001,Vivek Rao,vivek.rao30@hdfcbank,+919813619974,331.19,INR,FAILED,PENDING,BUSINESS_DECLINE,ZA,Insufficient Funds in Customer Account,HDFC Bank,HDFC,SMART_PAYMENT_LINK,0.3054,LOW,15,0,2,3,2026-08-13T06:18:21.789450
pay_npci_01002,mer_kirana_net,Desi Kirana Network,cust_npci_01002,Amit Joshi,amit.joshi10@kmbl,+919823669885,373.18,INR,FAILED,IN_REVIEW,BUSINESS_DECLINE,K1,Suspected Fraud / Excessive Velocity Anomaly,Kotak Mahindra Bank,KKBK,QUARANTINE_FOR_REVIEW,0.98,HIGH,15,1,2,3,2026-08-31T13:42:58.733036
pay_npci_01003,mer_demo_apex,Apex Retail India Ltd,cust_npci_01003,Neha Gupta,neha.gupta95@hdfcbank,+919886427749,401.67,INR,FAILED,PENDING,BUSINESS_DECLINE,U19,Daily Per-Transaction or Cumulative Limit Exceeded,HDFC Bank,HDFC,SMART_PAYMENT_LINK,0.4279,MEDIUM,5,0,0,3,2026-08-30T14:28:34.384062
pay_npci_01004,mer_demo_apex,Apex Retail India Ltd,cust_npci_01004,Manish Chopra,manish.chopra48@oksbi,+919816042556,3121.13,INR,RECOVERED,RECOVERED,BUSINESS_DECLINE,ZA,Insufficient Funds in Customer Account,State Bank of India,SBI,SMART_PAYMENT_LINK,0.2949,LOW,9,0,1,3,2026-08-21T15:30:36.716010
pay_npci_01005,mer_demo_apex,Apex Retail India Ltd,cust_npci_01005,Pranav Joshi,pranav.joshi94@okicici,+919815858306,947.48,INR,FAILED,PENDING,BUSINESS_DECLINE,XH,Customer Account Blocked / Frozen / Dormant,ICICI Bank,ICICI,ESCALATE_TO_HUMAN,0.6733,MEDIUM,3,0,2,3,2026-09-04T21:49:50.788733
pay_npci_01006,mer_swiggy_inst,Swiggy Instamart Partner,cust_npci_01006,Isha Joshi,isha.joshi13@oksbi,+919856937553,39.63,INR,FAILED,PENDING,TECHNICAL_DECLINE,BT,Issuer Switch Timeout During 2FA Verification,State Bank of India,SBI,DIRECT_GATEWAY_RETRY,0.027,LOW,18,0,2,3,2026-09-04T11:19:24.529035
pay_npci_01007,mer_quick_kart,Bharat QuickCommerce,cust_npci_01007,Neha Gupta,neha.gupta60@okhdfcbank,+919895303218,116.32,INR,RECOVERED,RECOVERED,TECHNICAL_DECLINE,BT,Issuer Switch Timeout During 2FA Verification,HDFC Bank,HDFC,DIRECT_GATEWAY_RETRY,0.0488,LOW,10,0,1,3,2026-09-03T16:21:11.069291
pay_npci_01008,mer_demo_apex,Apex Retail India Ltd,cust_npci_01008,Deepak Nair,deepak.nair39@paytm,+919845899622,468.26,INR,RECOVERED,RECOVERED,BUSINESS_DECLINE,ZA,Insufficient Funds in Customer Account,Paytm Payments Bank,PYTM,SMART_PAYMENT_LINK,0.3283,LOW,14,0,1,3,2026-08-11T21:09:09.832842
pay_npci_01009,mer_demo_apex,Apex Retail India Ltd,cust_npci_01009,Vikram Rao,vikram.rao43@sbi,+919826509180,73.79,INR,FAILED,PENDING,BUSINESS_DECLINE,XH,Customer Account Blocked / Frozen / Dormant,State Bank of India,SBI,ESCALATE_TO_HUMAN,0.5764,MEDIUM,8,0,0,3,2026-08-27T19:16:12.597493
pay_npci_01010,mer_kirana_net,Desi Kirana Network,cust_npci_01010,Zoya Nair,zoya.nair32@oksbi,+919832130511,133.43,INR,FAILED,PENDING,BUSINESS_DECLINE,U19,Daily Per-Transaction or Cumulative Limit Exceeded,State Bank of India,SBI,SMART_PAYMENT_LINK,0.363,MEDIUM,6,0,1,3,2026-08-11T14:34:05.945390
pay_npci_01011,mer_kirana_net,Desi Kirana Network,cust_npci_01011,Gaurav Joshi,gaurav.joshi16@okhdfcbank,+919828163081,2289.44,INR,RECOVERED,RECOVERED,BUSINESS_DECLINE,ZA,Insufficient Funds in Customer Account,HDFC Bank,HDFC,SMART_PAYMENT_LINK,0.3245,LOW,18,0,1,3,2026-08-25T22:55:21.494611
pay_npci_01012,mer_demo_apex,Apex Retail India Ltd,cust_npci_01012,Pooja Mehta,pooja.mehta92@oksbi,+919865896430,4439.76,INR,RECOVERED,RECOVERED,BUSINESS_DECLINE,ZA,Insufficient Funds in Customer Account,State Bank of India,SBI,SMART_PAYMENT_LINK,0.2742,LOW,16,0,1,3,2026-08-29T14:37:53.096595
pay_npci_01013,mer_demo_apex,Apex Retail India Ltd,cust_npci_01013,Sunil Banerjee,sunil.banerjee62@okpnb,+919894674397,158.98,INR,FAILED,PENDING,BUSINESS_DECLINE,ZA,Insufficient Funds in Customer Account,Punjab National Bank,PNB,SMART_PAYMENT_LINK,0.4293,MEDIUM,1,0,1,3,2026-08-13T11:40:45.133110
pay_npci_01014,mer_quick_kart,Bharat QuickCommerce,cust_npci_01014,Vikram Sharma,vikram.sharma12@icici,+919811387795,40.94,INR,RECOVERED,RECOVERED,TECHNICAL_DECLINE,BT,Issuer Switch Timeout During 2FA Verification,ICICI Bank,ICICI,DIRECT_GATEWAY_RETRY,0.02,LOW,11,0,1,3,2026-08-12T11:12:40.216998
pay_npci_01015,mer_tech_bazaar,Croma TechBazaar,cust_npci_01015,Aditi Sharma,aditi.sharma59@okicici,+919814501021,585.3,INR,FAILED,IN_REVIEW,BUSINESS_DECLINE,ZA,Insufficient Funds in Customer Account,ICICI Bank,ICICI,SMART_PAYMENT_LINK,0.7728,HIGH,1,1,1,3,2026-08-07T11:48:31.714554
pay_npci_01016,mer_kirana_net,Desi Kirana Network,cust_npci_01016,Priya Gupta,priya.gupta68@icici,+919820730024,1562.42,INR,RECOVERED,RECOVERED,TECHNICAL_DECLINE,U30,Beneficiary Bank Timeout After Debit (Ambiguous),ICICI Bank,ICICI,STATUS_POLL_VERIFICATION,0.1744,LOW,14,0,1,3,2026-08-28T12:16:10.352591
pay_npci_01017,mer_tech_bazaar,Croma TechBazaar,cust_npci_01017,Priya Kumar,priya.kumar79@okicici,+919892916513,1267.76,INR,RECOVERED,RECOVERED,TECHNICAL_DECLINE,U69,Remitter Bank System Unavailable / Switch Error,ICICI Bank,ICICI,DIRECT_GATEWAY_RETRY,0.0688,LOW,5,0,1,3,2026-08-13T19:51:38.662590
pay_npci_01018,mer_demo_apex,Apex Retail India Ltd,cust_npci_01018,Pooja Verma,pooja.verma81@sbi,+919821735564,362.6,INR,FAILED,PENDING,BUSINESS_DECLINE,ZA,Insufficient Funds in Customer Account,State Bank of India,SBI,SMART_PAYMENT_LINK,0.4206,MEDIUM,2,0,2,3,2026-09-01T09:04:28.914084
pay_npci_01019,mer_demo_apex,Apex Retail India Ltd,cust_npci_01019,Tanvi Gupta,tanvi.gupta79@barodampay,+919831844136,278.73,INR,FAILED,PENDING,TECHNICAL_DECLINE,BT,Issuer Switch Timeout During 2FA Verification,Bank of Baroda,BOB,DIRECT_GATEWAY_RETRY,0.4011,MEDIUM,12,1,1,3,2026-08-11T10:48:42.389561
pay_npci_01020,mer_kirana_net,Desi Kirana Network,cust_npci_01020,Kiran Singh,kiran.singh76@barodampay,+919820903553,4697.33,INR,FAILED,IN_REVIEW,BUSINESS_DECLINE,K1,Suspected Fraud / Excessive Velocity Anomaly,Bank of Baroda,BOB,QUARANTINE_FOR_REVIEW,0.98,HIGH,0,1,1,3,2026-08-31T19:04:57.378189
pay_npci_01021,mer_demo_apex,Apex Retail India Ltd,cust_npci_01021,Aarav Chopra,aarav.chopra81@barodampay,+919864092723,1241.73,INR,RECOVERED,RECOVERED,BUSINESS_DECLINE,ZA,Insufficient Funds in Customer Account,Bank of Baroda,BOB,SMART_PAYMENT_LINK,0.3265,LOW,11,0,1,3,2026-08-07T12:21:56.894998
pay_npci_01022,mer_quick_kart,Bharat QuickCommerce,cust_npci_01022,Pranav Reddy,pranav.reddy43@okpnb,+919841748803,27.66,INR,RECOVERED,RECOVERED,BUSINESS_DECLINE,ZA,Insufficient Funds in Customer Account,Punjab National Bank,PNB,SMART_PAYMENT_LINK,0.3258,LOW,7,0,1,3,2026-08-25T19:28:04.709880
pay_npci_01023,mer_tech_bazaar,Croma TechBazaar,cust_npci_01023,Varun Patel,varun.patel31@sbi,+919881576080,520.89,INR,RECOVERED,RECOVERED,BUSINESS_DECLINE,ZA,Insufficient Funds in Customer Account,State Bank of India,SBI,SMART_PAYMENT_LINK,0.2928,LOW,15,0,1,3,2026-08-24T03:50:33.564888
pay_npci_01024,mer_swiggy_inst,Swiggy Instamart Partner,cust_npci_01024,Aarav Chatterjee,aarav.chatterjee27@oksbi,+919891516054,51677.75,INR,FAILED,PENDING,BUSINESS_DECLINE,ZA,Insufficient Funds in Customer Account,State Bank of India,SBI,SMART_PAYMENT_LINK,0.4502,MEDIUM,7,0,2,3,2026-08-09T13:07:38.100564
pay_npci_01025,mer_demo_apex,Apex Retail India Ltd,cust_npci_01025,Rahul Chatterjee,rahul.chatterjee25@icici,+919886160151,413.57,INR,FAILED,PENDING,BUSINESS_DECLINE,ZA,Insufficient Funds in Customer Account,ICICI Bank,ICICI,SMART_PAYMENT_LINK,0.3993,MEDIUM,0,0,0,3,2026-08-14T11:29:10.765418
pay_npci_01026,mer_swiggy_inst,Swiggy Instamart Partner,cust_npci_01026,Aditi Patel,aditi.patel12@sbi,+919895810814,2933.76,INR,FAILED,PENDING,BUSINESS_DECLINE,ZA,Insufficient Funds in Customer Account,State Bank of India,SBI,SMART_PAYMENT_LINK,0.4196,MEDIUM,3,0,1,3,2026-08-15T17:32:21.700943
pay_npci_01027,mer_demo_apex,Apex Retail India Ltd,cust_npci_01027,Pranav Desai,pranav.desai95@icici,+919819778391,321.23,INR,FAILED,PENDING,BUSINESS_DECLINE,ZA,Insufficient Funds in Customer Account,ICICI Bank,ICICI,SMART_PAYMENT_LINK,0.3007,LOW,9,0,0,3,2026-08-15T00:23:34.451348
pay_npci_01028,mer_demo_apex,Apex Retail India Ltd,cust_npci_01028,Varun Reddy,varun.reddy29@hdfcbank,+919879688304,522.42,INR,FAILED,IN_REVIEW,BUSINESS_DECLINE,ZM,Invalid MPIN Entered by Customer,HDFC Bank,HDFC,CUSTOMER_WHATSAPP_NUDGE,0.7409,HIGH,3,1,1,3,2026-08-31T14:16:28.304114
pay_npci_01029,mer_demo_apex,Apex Retail India Ltd,cust_npci_01029,Manish Patel,manish.patel25@ibl,+919825437563,2486.13,INR,FAILED,PENDING,BUSINESS_DECLINE,U19,Daily Per-Transaction or Cumulative Limit Exceeded,Yes Bank / PhonePe,YESB,SMART_PAYMENT_LINK,0.4848,MEDIUM,5,0,1,3,2026-09-03T07:23:33.501991
pay_npci_01030,mer_quick_kart,Bharat QuickCommerce,cust_npci_01030,Varun Desai,varun.desai19@sbi,+919816104120,485.45,INR,RECOVERED,RECOVERED,BUSINESS_DECLINE,ZA,Insufficient Funds in Customer Account,State Bank of India,SBI,SMART_PAYMENT_LINK,0.2683,LOW,18,0,1,3,2026-08-06T02:05:28.097188
pay_npci_01031,mer_kirana_net,Desi Kirana Network,cust_npci_01031,Sunil Desai,sunil.desai99@unionbank,+919817143681,496.17,INR,RECOVERED,RECOVERED,TECHNICAL_DECLINE,U69,Remitter Bank System Unavailable / Switch Error,Union Bank of India,UBI,DIRECT_GATEWAY_RETRY,0.02,LOW,8,0,1,3,2026-08-15T20:16:21.079276
pay_npci_01032,mer_kirana_net,Desi Kirana Network,cust_npci_01032,Zoya Chopra,zoya.chopra23@oksbi,+919869611837,302.81,INR,RECOVERED,RECOVERED,TECHNICAL_DECLINE,BT,Issuer Switch Timeout During 2FA Verification,State Bank of India,SBI,DIRECT_GATEWAY_RETRY,0.0362,LOW,8,0,1,3,2026-08-06T20:12:15.881816
pay_npci_01033,mer_tech_bazaar,Croma TechBazaar,cust_npci_01033,Vivek Kumar,vivek.kumar10@oksbi,+919854618462,24.95,INR,RECOVERED,RECOVERED,TECHNICAL_DECLINE,BT,Issuer Switch Timeout During 2FA Verification,State Bank of India,SBI,DIRECT_GATEWAY_RETRY,0.1255,LOW,5,0,1,3,2026-08-06T18:35:04.965852
pay_npci_01034,mer_quick_kart,Bharat QuickCommerce,cust_npci_01034,Ananya Banerjee,ananya.banerjee32@okpnb,+919854267508,445.88,INR,FAILED,PENDING,BUSINESS_DECLINE,ZM,Invalid MPIN Entered by Customer,Punjab National Bank,PNB,CUSTOMER_WHATSAPP_NUDGE,0.3825,MEDIUM,2,0,0,3,2026-08-27T07:01:48.560405
pay_npci_01035,mer_swiggy_inst,Swiggy Instamart Partner,cust_npci_01035,Pranav Singh,pranav.singh21@unionbank,+919826359665,234.62,INR,RECOVERED,RECOVERED,BUSINESS_DECLINE,ZM,Invalid MPIN Entered by Customer,Union Bank of India,UBI,CUSTOMER_WHATSAPP_NUDGE,0.3423,LOW,1,0,1,3,2026-08-21T12:29:14.949019
pay_npci_01036,mer_tech_bazaar,Croma TechBazaar,cust_npci_01036,Varun Chatterjee,varun.chatterjee58@okpnb,+919847219390,2691.84,INR,RECOVERED,RECOVERED,TECHNICAL_DECLINE,U30,Beneficiary Bank Timeout After Debit (Ambiguous),Punjab National Bank,PNB,STATUS_POLL_VERIFICATION,0.2899,LOW,3,0,1,3,2026-08-31T13:03:40.436674
pay_npci_01037,mer_quick_kart,Bharat QuickCommerce,cust_npci_01037,Aditi Mehta,aditi.mehta23@oksbi,+919852831349,267.4,INR,RECOVERED,RECOVERED,BUSINESS_DECLINE,U19,Daily Per-Transaction or Cumulative Limit Exceeded,State Bank of India,SBI,SMART_PAYMENT_LINK,0.3394,LOW,13,0,1,3,2026-08-31T21:33:27.171430
pay_npci_01038,mer_kirana_net,Desi Kirana Network,cust_npci_01038,Ananya Singh,ananya.singh82@ibl,+919877406297,253.06,INR,RECOVERED,RECOVERED,BUSINESS_DECLINE,ZM,Invalid MPIN Entered by Customer,Yes Bank / PhonePe,YESB,CUSTOMER_WHATSAPP_NUDGE,0.2735,LOW,8,0,1,3,2026-08-07T22:37:41.378861
pay_npci_01039,mer_demo_apex,Apex Retail India Ltd,cust_npci_01039,Ananya Rao,ananya.rao34@paytm,+919887506815,77.71,INR,RECOVERED,RECOVERED,TECHNICAL_DECLINE,U69,Remitter Bank System Unavailable / Switch Error,Paytm Payments Bank,PYTM,DIRECT_GATEWAY_RETRY,0.02,LOW,7,0,1,3,2026-08-28T17:21:37.776564
pay_npci_01040,mer_quick_kart,Bharat QuickCommerce,cust_npci_01040,Priya Chopra,priya.chopra88@paytm,+919827088099,70.45,INR,FAILED,PENDING,BUSINESS_DECLINE,ZA,Insufficient Funds in Customer Account,Paytm Payments Bank,PYTM,SMART_PAYMENT_LINK,0.4583,MEDIUM,2,0,1,3,2026-09-02T19:07:16.458888
pay_npci_01041,mer_quick_kart,Bharat QuickCommerce,cust_npci_01041,Sneha Rao,sneha.rao45@axisbank,+919860560323,2002.62,INR,RECOVERED,RECOVERED,TECHNICAL_DECLINE,U69,Remitter Bank System Unavailable / Switch Error,Axis Bank,AXIS,DIRECT_GATEWAY_RETRY,0.02,LOW,13,0,1,3,2026-08-23T09:18:21.586349
pay_npci_01042,mer_tech_bazaar,Croma TechBazaar,cust_npci_01042,Zoya Verma,zoya.verma79@unionbank,+919823239852,720.38,INR,RECOVERED,RECOVERED,TECHNICAL_DECLINE,U69,Remitter Bank System Unavailable / Switch Error,Union Bank of India,UBI,DIRECT_GATEWAY_RETRY,0.02,LOW,11,0,1,3,2026-08-23T16:00:28.185262
pay_npci_01043,mer_quick_kart,Bharat QuickCommerce,cust_npci_01043,Vivek Chatterjee,vivek.chatterjee22@kotak,+919848805454,107.41,INR,RECOVERED,RECOVERED,BUSINESS_DECLINE,ZA,Insufficient Funds in Customer Account,Kotak Mahindra Bank,KKBK,SMART_PAYMENT_LINK,0.2968,LOW,10,0,1,3,2026-08-08T12:00:35.911320
pay_npci_01044,mer_swiggy_inst,Swiggy Instamart Partner,cust_npci_01044,Manish Singh,manish.singh29@icici,+919891700832,375.86,INR,RECOVERED,RECOVERED,BUSINESS_DECLINE,ZA,Insufficient Funds in Customer Account,ICICI Bank,ICICI,SMART_PAYMENT_LINK,0.2897,LOW,6,0,1,3,2026-08-25T15:34:56.391109
pay_npci_01045,mer_swiggy_inst,Swiggy Instamart Partner,cust_npci_01045,Aarav Desai,aarav.desai64@okicici,+919827311165,2452.16,INR,RECOVERED,RECOVERED,BUSINESS_DECLINE,ZA,Insufficient Funds in Customer Account,ICICI Bank,ICICI,SMART_PAYMENT_LINK,0.2883,LOW,13,0,1,3,2026-08-18T16:00:29.968906
pay_npci_01046,mer_tech_bazaar,Croma TechBazaar,cust_npci_01046,Vivek Rao,vivek.rao40@okhdfcbank,+919822501598,290.12,INR,RECOVERED,RECOVERED,BUSINESS_DECLINE,ZM,Invalid MPIN Entered by Customer,HDFC Bank,HDFC,CUSTOMER_WHATSAPP_NUDGE,0.3434,LOW,4,0,1,3,2026-08-27T12:19:02.174732
pay_npci_01047,mer_kirana_net,Desi Kirana Network,cust_npci_01047,Deepak Rao,deepak.rao81@sbi,+919817069468,676.0,INR,RECOVERED,RECOVERED,TECHNICAL_DECLINE,U30,Beneficiary Bank Timeout After Debit (Ambiguous),State Bank of India,SBI,STATUS_POLL_VERIFICATION,0.1416,LOW,17,0,1,3,2026-08-06T12:45:50.765134
pay_npci_01048,mer_quick_kart,Bharat QuickCommerce,cust_npci_01048,Kiran Patel,kiran.patel98@sbi,+919862209870,4138.99,INR,FAILED,PENDING,BUSINESS_DECLINE,ZA,Insufficient Funds in Customer Account,State Bank of India,SBI,SMART_PAYMENT_LINK,0.4164,MEDIUM,5,0,1,3,2026-08-08T17:21:57.112090
pay_npci_01049,mer_swiggy_inst,Swiggy Instamart Partner,cust_npci_01049,Sneha Kulkarni,sneha.kulkarni22@axisbank,+919894064578,65208.31,INR,FAILED,PENDING,BUSINESS_DECLINE,ZA,Insufficient Funds in Customer Account,Axis Bank,AXIS,SMART_PAYMENT_LINK,0.4815,MEDIUM,12,0,0,3,2026-08-29T09:45:05.882258
pay_npci_01050,mer_tech_bazaar,Croma TechBazaar,cust_npci_01050,Pooja Chatterjee,pooja.chatterjee77@sbi,+919865819627,444.91,INR,RECOVERED,RECOVERED,BUSINESS_DECLINE,ZA,Insufficient Funds in Customer Account,State Bank of India,SBI,SMART_PAYMENT_LINK,0.3027,LOW,13,0,1,3,2026-08-22T12:40:28.846321
pay_npci_01051,mer_swiggy_inst,Swiggy Instamart Partner,cust_npci_01051,Vikram Kulkarni,vikram.kulkarni20@barodampay,+919851671970,127.66,INR,RECOVERED,RECOVERED,TECHNICAL_DECLINE,BT,Issuer Switch Timeout During 2FA Verification,Bank of Baroda,BOB,DIRECT_GATEWAY_RETRY,0.0285,LOW,11,0,1,3,2026-08-07T19:46:33.655978
pay_npci_01052,mer_kirana_net,Desi Kirana Network,cust_npci_01052,Pooja Rao,pooja.rao89@sbi,+919819889237,1575.61,INR,FAILED,PENDING,BUSINESS_DECLINE,XH,Customer Account Blocked / Frozen / Dormant,State Bank of India,SBI,ESCALATE_TO_HUMAN,0.5298,MEDIUM,8,0,0,3,2026-08-18T11:47:19.695854
pay_npci_01053,mer_tech_bazaar,Croma TechBazaar,cust_npci_01053,Aditi Rao,aditi.rao51@hdfcbank,+919872321878,73.25,INR,RECOVERED,RECOVERED,BUSINESS_DECLINE,ZA,Insufficient Funds in Customer Account,HDFC Bank,HDFC,SMART_PAYMENT_LINK,0.2783,LOW,17,0,1,3,2026-08-15T11:55:38.303357
pay_npci_01054,mer_kirana_net,Desi Kirana Network,cust_npci_01054,Tanvi Rao,tanvi.rao52@unionbank,+919840213897,321.96,INR,RECOVERED,RECOVERED,BUSINESS_DECLINE,ZA,Insufficient Funds in Customer Account,Union Bank of India,UBI,SMART_PAYMENT_LINK,0.2918,LOW,11,0,1,3,2026-09-01T20:24:15.482248
pay_npci_01055,mer_demo_apex,Apex Retail India Ltd,cust_npci_01055,Deepak Gupta,deepak.gupta61@okicici,+919860812861,177.71,INR,FAILED,IN_REVIEW,BUSINESS_DECLINE,K1,Suspected Fraud / Excessive Velocity Anomaly,ICICI Bank,ICICI,QUARANTINE_FOR_REVIEW,0.98,HIGH,4,1,1,3,2026-08-13T17:15:10.434487
pay_npci_01056,mer_demo_apex,Apex Retail India Ltd,cust_npci_01056,Sneha Chopra,sneha.chopra60@axisbank,+919861417953,568.16,INR,RECOVERED,RECOVERED,TECHNICAL_DECLINE,U69,Remitter Bank System Unavailable / Switch Error,Axis Bank,AXIS,DIRECT_GATEWAY_RETRY,0.1361,LOW,3,0,1,3,2026-08-07T16:28:49.170999
pay_npci_01057,mer_quick_kart,Bharat QuickCommerce,cust_npci_01057,Rohan Kulkarni,rohan.kulkarni71@okicici,+919846540710,3183.52,INR,RECOVERED,RECOVERED,BUSINESS_DECLINE,U19,Daily Per-Transaction or Cumulative Limit Exceeded,ICICI Bank,ICICI,SMART_PAYMENT_LINK,0.3211,LOW,6,0,1,3,2026-08-31T17:02:22.666477
pay_npci_01058,mer_kirana_net,Desi Kirana Network,cust_npci_01058,Rahul Kulkarni,rahul.kulkarni86@barodampay,+919885748951,4193.79,INR,RECOVERED,RECOVERED,BUSINESS_DECLINE,U19,Daily Per-Transaction or Cumulative Limit Exceeded,Bank of Baroda,BOB,SMART_PAYMENT_LINK,0.3315,LOW,13,0,1,3,2026-08-19T19:18:54.943142
pay_npci_01059,mer_kirana_net,Desi Kirana Network,cust_npci_01059,Kavita Kumar,kavita.kumar88@okpnb,+919834459504,1429.14,INR,RECOVERED,RECOVERED,BUSINESS_DECLINE,U19,Daily Per-Transaction or Cumulative Limit Exceeded,Punjab National Bank,PNB,SMART_PAYMENT_LINK,0.3177,LOW,8,0,1,3,2026-08-30T18:38:18.573319
pay_npci_01060,mer_quick_kart,Bharat QuickCommerce,cust_npci_01060,Manish Gupta,manish.gupta96@okpnb,+919830791948,40405.77,INR,FAILED,IN_REVIEW,BUSINESS_DECLINE,K1,Suspected Fraud / Excessive Velocity Anomaly,Punjab National Bank,PNB,QUARANTINE_FOR_REVIEW,0.98,HIGH,8,1,2,3,2026-08-06T18:19:22.462355
pay_npci_01061,mer_quick_kart,Bharat QuickCommerce,cust_npci_01061,Kiran Nair,kiran.nair68@oksbi,+919898227840,4493.61,INR,RECOVERED,RECOVERED,BUSINESS_DECLINE,ZA,Insufficient Funds in Customer Account,State Bank of India,SBI,SMART_PAYMENT_LINK,0.331,LOW,14,0,1,3,2026-08-23T14:19:16.086780
pay_npci_01062,mer_kirana_net,Desi Kirana Network,cust_npci_01062,Neha Reddy,neha.reddy76@oksbi,+919818240812,3145.07,INR,RECOVERED,RECOVERED,TECHNICAL_DECLINE,BT,Issuer Switch Timeout During 2FA Verification,State Bank of India,SBI,DIRECT_GATEWAY_RETRY,0.02,LOW,18,0,1,3,2026-08-19T19:29:37.042395
pay_npci_01063,mer_kirana_net,Desi Kirana Network,cust_npci_01063,Deepak Joshi,deepak.joshi35@okpnb,+919890844971,24.85,INR,FAILED,PENDING,BUSINESS_DECLINE,ZA,Insufficient Funds in Customer Account,Punjab National Bank,PNB,SMART_PAYMENT_LINK,0.4347,MEDIUM,1,0,0,3,2026-08-25T08:30:33.464216
pay_npci_01064,mer_swiggy_inst,Swiggy Instamart Partner,cust_npci_01064,Deepak Desai,deepak.desai93@paytm,+919853929121,904.89,INR,FAILED,IN_REVIEW,BUSINESS_DECLINE,K1,Suspected Fraud / Excessive Velocity Anomaly,Paytm Payments Bank,PYTM,QUARANTINE_FOR_REVIEW,0.98,HIGH,9,1,0,3,2026-09-04T20:39:34.833803
pay_npci_01065,mer_kirana_net,Desi Kirana Network,cust_npci_01065,Neha Sharma,neha.sharma69@okicici,+919840341426,1321.69,INR,RECOVERED,RECOVERED,BUSINESS_DECLINE,ZA,Insufficient Funds in Customer Account,ICICI Bank,ICICI,SMART_PAYMENT_LINK,0.2891,LOW,6,0,1,3,2026-08-12T09:47:58.021706
pay_npci_01066,mer_swiggy_inst,Swiggy Instamart Partner,cust_npci_01066,Vikram Kulkarni,vikram.kulkarni26@barodampay,+919823711048,3188.68,INR,RECOVERED,RECOVERED,BUSINESS_DECLINE,U19,Daily Per-Transaction or Cumulative Limit Exceeded,Bank of Baroda,BOB,SMART_PAYMENT_LINK,0.3465,LOW,15,0,1,3,2026-08-20T14:25:48.322890
pay_npci_01067,mer_tech_bazaar,Croma TechBazaar,cust_npci_01067,Pranav Desai,pranav.desai71@sbi,+919811496952,41.22,INR,FAILED,PENDING,BUSINESS_DECLINE,ZM,Invalid MPIN Entered by Customer,State Bank of India,SBI,CUSTOMER_WHATSAPP_NUDGE,0.3536,MEDIUM,4,0,2,3,2026-08-28T20:57:53.885399
pay_npci_01068,mer_kirana_net,Desi Kirana Network,cust_npci_01068,Deepak Joshi,deepak.joshi62@hdfcbank,+919854512030,3758.04,INR,FAILED,PENDING,BUSINESS_DECLINE,ZA,Insufficient Funds in Customer Account,HDFC Bank,HDFC,SMART_PAYMENT_LINK,0.4336,MEDIUM,2,0,1,3,2026-08-06T12:44:31.539662
pay_npci_01069,mer_demo_apex,Apex Retail India Ltd,cust_npci_01069,Gaurav Chatterjee,gaurav.chatterjee25@barodampay,+919843014360,1907.69,INR,FAILED,PENDING,BUSINESS_DECLINE,U19,Daily Per-Transaction or Cumulative Limit Exceeded,Bank of Baroda,BOB,SMART_PAYMENT_LINK,0.438,MEDIUM,3,0,0,3,2026-08-22T18:06:26.766066
pay_npci_01070,mer_tech_bazaar,Croma TechBazaar,cust_npci_01070,Amit Joshi,amit.joshi28@icici,+919824311235,59676.0,INR,FAILED,PENDING,BUSINESS_DECLINE,ZA,Insufficient Funds in Customer Account,ICICI Bank,ICICI,SMART_PAYMENT_LINK,0.4458,MEDIUM,12,0,2,3,2026-08-06T00:15:38.654434
pay_npci_01071,mer_quick_kart,Bharat QuickCommerce,cust_npci_01071,Aditi Joshi,aditi.joshi78@oksbi,+919853585683,187.29,INR,FAILED,PENDING,TECHNICAL_DECLINE,U69,Remitter Bank System Unavailable / Switch Error,State Bank of India,SBI,DIRECT_GATEWAY_RETRY,0.1005,LOW,4,0,2,3,2026-08-05T06:33:58.636396
pay_npci_01072,mer_kirana_net,Desi Kirana Network,cust_npci_01072,Pooja Mehta,pooja.mehta27@ybl,+919884268675,99.77,INR,RECOVERED,RECOVERED,BUSINESS_DECLINE,ZA,Insufficient Funds in Customer Account,Yes Bank / PhonePe,YESB,SMART_PAYMENT_LINK,0.3076,LOW,8,0,1,3,2026-08-08T15:39:10.659054
pay_npci_01073,mer_tech_bazaar,Croma TechBazaar,cust_npci_01073,Ananya Gupta,ananya.gupta28@sbi,+919838521760,3615.07,INR,RECOVERED,RECOVERED,BUSINESS_DECLINE,U19,Daily Per-Transaction or Cumulative Limit Exceeded,State Bank of India,SBI,SMART_PAYMENT_LINK,0.3064,LOW,8,0,1,3,2026-08-23T17:19:31.018761
pay_npci_01074,mer_demo_apex,Apex Retail India Ltd,cust_npci_01074,Sanjay Rao,sanjay.rao15@kmbl,+919856175220,365.12,INR,RECOVERED,RECOVERED,BUSINESS_DECLINE,ZA,Insufficient Funds in Customer Account,Kotak Mahindra Bank,KKBK,SMART_PAYMENT_LINK,0.2629,LOW,17,0,1,3,2026-08-16T16:01:15.364429
pay_npci_01075,mer_kirana_net,Desi Kirana Network,cust_npci_01075,Sunil Reddy,sunil.reddy21@axisbank,+919833144467,2158.35,INR,RECOVERED,RECOVERED,BUSINESS_DECLINE,ZM,Invalid MPIN Entered by Customer,Axis Bank,AXIS,CUSTOMER_WHATSAPP_NUDGE,0.2689,LOW,10,0,1,3,2026-09-04T09:28:58.461247
pay_npci_01076,mer_quick_kart,Bharat QuickCommerce,cust_npci_01076,Rohan Sharma,rohan.sharma80@hdfcbank,+919821022421,27451.76,INR,FAILED,PENDING,BUSINESS_DECLINE,ZA,Insufficient Funds in Customer Account,HDFC Bank,HDFC,SMART_PAYMENT_LINK,0.635,MEDIUM,5,0,0,3,2026-08-07T14:10:49.818318
pay_npci_01077,mer_demo_apex,Apex Retail India Ltd,cust_npci_01077,Aditi Joshi,aditi.joshi88@okpnb,+919899164648,236.37,INR,RECOVERED,RECOVERED,BUSINESS_DECLINE,ZA,Insufficient Funds in Customer Account,Punjab National Bank,PNB,SMART_PAYMENT_LINK,0.3247,LOW,10,0,1,3,2026-08-18T19:41:36.071714
pay_npci_01078,mer_kirana_net,Desi Kirana Network,cust_npci_01078,Sanjay Rao,sanjay.rao78@oksbi,+919824998667,2642.59,INR,FAILED,PENDING,BUSINESS_DECLINE,U19,Daily Per-Transaction or Cumulative Limit Exceeded,State Bank of India,SBI,SMART_PAYMENT_LINK,0.3011,LOW,15,0,2,3,2026-09-01T06:45:40.849742
pay_npci_01079,mer_swiggy_inst,Swiggy Instamart Partner,cust_npci_01079,Varun Rao,varun.rao93@okicici,+919817292312,215.45,INR,FAILED,PENDING,BUSINESS_DECLINE,XH,Customer Account Blocked / Frozen / Dormant,ICICI Bank,ICICI,ESCALATE_TO_HUMAN,0.5652,MEDIUM,17,0,1,3,2026-08-29T00:57:54.198800
pay_npci_01080,mer_tech_bazaar,Croma TechBazaar,cust_npci_01080,Varun Joshi,varun.joshi29@sbi,+919823269370,4413.31,INR,RECOVERED,RECOVERED,BUSINESS_DECLINE,ZM,Invalid MPIN Entered by Customer,State Bank of India,SBI,CUSTOMER_WHATSAPP_NUDGE,0.2208,LOW,16,0,1,3,2026-08-26T13:09:37.417640
pay_npci_01081,mer_quick_kart,Bharat QuickCommerce,cust_npci_01081,Amit Nair,amit.nair80@barodampay,+919848715885,472.35,INR,RECOVERED,RECOVERED,TECHNICAL_DECLINE,U69,Remitter Bank System Unavailable / Switch Error,Bank of Baroda,BOB,DIRECT_GATEWAY_RETRY,0.02,LOW,6,0,1,3,2026-08-19T11:08:50.269272
pay_npci_01082,mer_swiggy_inst,Swiggy Instamart Partner,cust_npci_01082,Pooja Verma,pooja.verma85@oksbi,+919841494748,1039.63,INR,RECOVERED,RECOVERED,BUSINESS_DECLINE,ZA,Insufficient Funds in Customer Account,State Bank of India,SBI,SMART_PAYMENT_LINK,0.2647,LOW,10,0,1,3,2026-08-27T17:32:01.558848
pay_npci_01083,mer_kirana_net,Desi Kirana Network,cust_npci_01083,Priya Rao,priya.rao20@hdfcbank,+919872521204,2174.1,INR,RECOVERED,RECOVERED,BUSINESS_DECLINE,ZA,Insufficient Funds in Customer Account,HDFC Bank,HDFC,SMART_PAYMENT_LINK,0.3013,LOW,11,0,1,3,2026-09-01T16:41:26.328642
pay_npci_01084,mer_tech_bazaar,Croma TechBazaar,cust_npci_01084,Deepak Kumar,deepak.kumar53@barodampay,+919834957726,1578.88,INR,RECOVERED,RECOVERED,TECHNICAL_DECLINE,BT,Issuer Switch Timeout During 2FA Verification,Bank of Baroda,BOB,DIRECT_GATEWAY_RETRY,0.1465,LOW,5,0,1,3,2026-09-03T13:18:46.859657
pay_npci_01085,mer_tech_bazaar,Croma TechBazaar,cust_npci_01085,Neha Patel,neha.patel85@sbi,+919815135442,383.76,INR,FAILED,PENDING,BUSINESS_DECLINE,ZA,Insufficient Funds in Customer Account,State Bank of India,SBI,SMART_PAYMENT_LINK,0.4515,MEDIUM,1,0,2,3,2026-08-18T06:50:05.106617
pay_npci_01086,mer_demo_apex,Apex Retail India Ltd,cust_npci_01086,Rahul Chopra,rahul.chopra89@axisbank,+919828107548,578.17,INR,RECOVERED,RECOVERED,BUSINESS_DECLINE,ZA,Insufficient Funds in Customer Account,Axis Bank,AXIS,SMART_PAYMENT_LINK,0.3335,LOW,6,0,1,3,2026-08-27T08:18:22.628610
pay_npci_01087,mer_swiggy_inst,Swiggy Instamart Partner,cust_npci_01087,Priya Mehta,priya.mehta96@oksbi,+919892107510,354.63,INR,FAILED,IN_REVIEW,BUSINESS_DECLINE,K1,Suspected Fraud / Excessive Velocity Anomaly,State Bank of India,SBI,QUARANTINE_FOR_REVIEW,0.98,HIGH,15,1,2,3,2026-08-13T13:02:43.951616
pay_npci_01088,mer_tech_bazaar,Croma TechBazaar,cust_npci_01088,Rohan Banerjee,rohan.banerjee38@okaxis,+919827610906,351.33,INR,FAILED,PENDING,BUSINESS_DECLINE,ZA,Insufficient Funds in Customer Account,Axis Bank,AXIS,SMART_PAYMENT_LINK,0.3909,MEDIUM,1,0,2,3,2026-08-13T17:35:38.139463
pay_npci_01089,mer_swiggy_inst,Swiggy Instamart Partner,cust_npci_01089,Kiran Patel,kiran.patel84@okicici,+919821156942,4445.04,INR,RECOVERED,RECOVERED,TECHNICAL_DECLINE,U30,Beneficiary Bank Timeout After Debit (Ambiguous),ICICI Bank,ICICI,STATUS_POLL_VERIFICATION,0.338,LOW,1,0,1,3,2026-08-16T19:48:22.550168
pay_npci_01090,mer_quick_kart,Bharat QuickCommerce,cust_npci_01090,Sneha Joshi,sneha.joshi35@okicici,+919831532142,928.92,INR,RECOVERED,RECOVERED,BUSINESS_DECLINE,U19,Daily Per-Transaction or Cumulative Limit Exceeded,ICICI Bank,ICICI,SMART_PAYMENT_LINK,0.3072,LOW,6,0,1,3,2026-08-24T15:15:10.018728
pay_npci_01091,mer_swiggy_inst,Swiggy Instamart Partner,cust_npci_01091,Kavita Nair,kavita.nair92@oksbi,+919873504271,233.59,INR,FAILED,PENDING,BUSINESS_DECLINE,XH,Customer Account Blocked / Frozen / Dormant,State Bank of India,SBI,ESCALATE_TO_HUMAN,0.5536,MEDIUM,11,0,1,3,2026-09-01T10:14:43.659429
pay_npci_01092,mer_swiggy_inst,Swiggy Instamart Partner,cust_npci_01092,Priya Chatterjee,priya.chatterjee14@sbi,+919876310901,173.43,INR,RECOVERED,RECOVERED,TECHNICAL_DECLINE,BT,Issuer Switch Timeout During 2FA Verification,State Bank of India,SBI,DIRECT_GATEWAY_RETRY,0.02,LOW,17,0,1,3,2026-08-28T17:29:06.321143
pay_npci_01093,mer_tech_bazaar,Croma TechBazaar,cust_npci_01093,Rohan Mehta,rohan.mehta58@okpnb,+919812277071,3470.15,INR,RECOVERED,RECOVERED,BUSINESS_DECLINE,ZM,Invalid MPIN Entered by Customer,Punjab National Bank,PNB,CUSTOMER_WHATSAPP_NUDGE,0.2459,LOW,6,0,1,3,2026-08-13T21:44:57.001482
pay_npci_01094,mer_swiggy_inst,Swiggy Instamart Partner,cust_npci_01094,Zoya Reddy,zoya.reddy54@okaxis,+919861444892,36.87,INR,RECOVERED,RECOVERED,TECHNICAL_DECLINE,U30,Beneficiary Bank Timeout After Debit (Ambiguous),Axis Bank,AXIS,STATUS_POLL_VERIFICATION,0.206,LOW,17,0,1,3,2026-08-18T11:37:22.346296
pay_npci_01095,mer_quick_kart,Bharat QuickCommerce,cust_npci_01095,Vivek Chatterjee,vivek.chatterjee67@ybl,+919892698502,30.91,INR,RECOVERED,RECOVERED,BUSINESS_DECLINE,ZM,Invalid MPIN Entered by Customer,Yes Bank / PhonePe,YESB,CUSTOMER_WHATSAPP_NUDGE,0.2739,LOW,16,0,1,3,2026-08-24T12:18:21.105798
pay_npci_01096,mer_tech_bazaar,Croma TechBazaar,cust_npci_01096,Sunil Verma,sunil.verma87@okhdfcbank,+919825565891,23280.94,INR,FAILED,PENDING,BUSINESS_DECLINE,ZA,Insufficient Funds in Customer Account,HDFC Bank,HDFC,SMART_PAYMENT_LINK,0.2972,LOW,7,0,1,3,2026-09-04T21:35:36.527569
pay_npci_01097,mer_demo_apex,Apex Retail India Ltd,cust_npci_01097,Pooja Gupta,pooja.gupta95@okpnb,+919865818789,303.59,INR,FAILED,PENDING,BUSINESS_DECLINE,ZA,Insufficient Funds in Customer Account,Punjab National Bank,PNB,SMART_PAYMENT_LINK,0.6234,MEDIUM,18,1,2,3,2026-08-21T21:47:47.811840
pay_npci_01098,mer_kirana_net,Desi Kirana Network,cust_npci_01098,Manish Singh,manish.singh70@ybl,+919819601234,224.38,INR,RECOVERED,RECOVERED,BUSINESS_DECLINE,ZM,Invalid MPIN Entered by Customer,Yes Bank / PhonePe,YESB,CUSTOMER_WHATSAPP_NUDGE,0.2235,LOW,13,0,1,3,2026-08-30T10:44:35.030961
pay_npci_01099,mer_swiggy_inst,Swiggy Instamart Partner,cust_npci_01099,Pooja Joshi,pooja.joshi46@kotak,+919840459960,385.37,INR,FAILED,PENDING,BUSINESS_DECLINE,ZA,Insufficient Funds in Customer Account,Kotak Mahindra Bank,KKBK,SMART_PAYMENT_LINK,0.3913,MEDIUM,0,0,1,3,2026-08-08T09:55:59.509384
pay_npci_01100,mer_quick_kart,Bharat QuickCommerce,cust_npci_01100,Vikram Singh,vikram.singh74@barodampay,+919813964953,16646.65,INR,RECOVERED,RECOVERED,BUSINESS_DECLINE,ZA,Insufficient Funds in Customer Account,Bank of Baroda,BOB,SMART_PAYMENT_LINK,0.3119,LOW,13,0,1,3,2026-08-21T20:31:39.295056
pay_npci_01101,mer_tech_bazaar,Croma TechBazaar,cust_npci_01101,Manish Gupta,manish.gupta79@paytm,+919821328993,2347.97,INR,FAILED,PENDING,BUSINESS_DECLINE,ZM,Invalid MPIN Entered by Customer,Paytm Payments Bank,PYTM,CUSTOMER_WHATSAPP_NUDGE,0.5816,MEDIUM,15,1,1,3,2026-08-15T03:21:18.800368
pay_npci_01102,mer_swiggy_inst,Swiggy Instamart Partner,cust_npci_01102,Rohan Patel,rohan.patel92@axisbank,+919893537223,2225.3,INR,FAILED,PENDING,TECHNICAL_DECLINE,SWITCH_DOWN,NPCI Central Switch Queue Congestion,Axis Bank,AXIS,BACKOFF_RETRY,0.3827,MEDIUM,6,1,1,3,2026-08-13T17:01:19.512117
pay_npci_01103,mer_swiggy_inst,Swiggy Instamart Partner,cust_npci_01103,Vikram Chatterjee,vikram.chatterjee21@kotak,+919878187815,176.54,INR,RECOVERED,RECOVERED,TECHNICAL_DECLINE,U69,Remitter Bank System Unavailable / Switch Error,Kotak Mahindra Bank,KKBK,DIRECT_GATEWAY_RETRY,0.0861,LOW,4,0,1,3,2026-08-19T18:03:06.592514
pay_npci_01104,mer_quick_kart,Bharat QuickCommerce,cust_npci_01104,Sneha Joshi,sneha.joshi48@paytm,+919824109875,316.8,INR,FAILED,PENDING,BUSINESS_DECLINE,ZA,Insufficient Funds in Customer Account,Paytm Payments Bank,PYTM,SMART_PAYMENT_LINK,0.4099,MEDIUM,0,0,0,3,2026-08-27T18:49:08.002618
pay_npci_01105,mer_demo_apex,Apex Retail India Ltd,cust_npci_01105,Rohan Chatterjee,rohan.chatterjee57@okhdfcbank,+919812707040,384.06,INR,RECOVERED,RECOVERED,TECHNICAL_DECLINE,U30,Beneficiary Bank Timeout After Debit (Ambiguous),HDFC Bank,HDFC,STATUS_POLL_VERIFICATION,0.1751,LOW,13,0,1,3,2026-08-19T08:46:18.971572
pay_npci_01106,mer_swiggy_inst,Swiggy Instamart Partner,cust_npci_01106,Pooja Patel,pooja.patel97@okicici,+919865555238,463.44,INR,RECOVERED,RECOVERED,BUSINESS_DECLINE,ZA,Insufficient Funds in Customer Account,ICICI Bank,ICICI,SMART_PAYMENT_LINK,0.3276,LOW,7,0,1,3,2026-08-15T21:38:21.409118
pay_npci_01107,mer_demo_apex,Apex Retail India Ltd,cust_npci_01107,Vivek Kumar,vivek.kumar89@okaxis,+919884609288,189.1,INR,FAILED,PENDING,TECHNICAL_DECLINE,BT,Issuer Switch Timeout During 2FA Verification,Axis Bank,AXIS,DIRECT_GATEWAY_RETRY,0.0447,LOW,7,0,1,3,2026-08-27T02:56:45.235754
pay_npci_01108,mer_kirana_net,Desi Kirana Network,cust_npci_01108,Deepak Mehta,deepak.mehta80@sbi,+919828219708,136.0,INR,FAILED,PENDING,BUSINESS_DECLINE,ZA,Insufficient Funds in Customer Account,State Bank of India,SBI,SMART_PAYMENT_LINK,0.2972,LOW,12,0,1,3,2026-08-22T22:45:18.525691
pay_npci_01109,mer_kirana_net,Desi Kirana Network,cust_npci_01109,Sanjay Gupta,sanjay.gupta99@unionbank,+919873842511,231.23,INR,RECOVERED,RECOVERED,BUSINESS_DECLINE,ZA,Insufficient Funds in Customer Account,Union Bank of India,UBI,SMART_PAYMENT_LINK,0.3107,LOW,15,0,1,3,2026-08-30T18:05:10.910430
pay_npci_01110,mer_kirana_net,Desi Kirana Network,cust_npci_01110,Pooja Reddy,pooja.reddy21@paytm,+919885798053,428.28,INR,FAILED,PENDING,BUSINESS_DECLINE,U19,Daily Per-Transaction or Cumulative Limit Exceeded,Paytm Payments Bank,PYTM,SMART_PAYMENT_LINK,0.3668,MEDIUM,10,0,2,3,2026-08-30T23:25:07.343401
pay_npci_01111,mer_demo_apex,Apex Retail India Ltd,cust_npci_01111,Gaurav Nair,gaurav.nair82@okhdfcbank,+919842987567,203.38,INR,FAILED,PENDING,BUSINESS_DECLINE,ZM,Invalid MPIN Entered by Customer,HDFC Bank,HDFC,CUSTOMER_WHATSAPP_NUDGE,0.3929,MEDIUM,1,0,2,3,2026-08-06T14:47:59.552818
pay_npci_01112,mer_quick_kart,Bharat QuickCommerce,cust_npci_01112,Vivek Chatterjee,vivek.chatterjee13@hdfcbank,+919897893416,4710.43,INR,FAILED,PENDING,BUSINESS_DECLINE,ZA,Insufficient Funds in Customer Account,HDFC Bank,HDFC,SMART_PAYMENT_LINK,0.4325,MEDIUM,1,0,0,3,2026-08-16T09:21:28.170687
pay_npci_01113,mer_swiggy_inst,Swiggy Instamart Partner,cust_npci_01113,Amit Chopra,amit.chopra32@okpnb,+919848324196,2204.24,INR,RECOVERED,RECOVERED,TECHNICAL_DECLINE,BT,Issuer Switch Timeout During 2FA Verification,Punjab National Bank,PNB,DIRECT_GATEWAY_RETRY,0.0502,LOW,12,0,1,3,2026-08-16T16:37:27.813250
pay_npci_01114,mer_demo_apex,Apex Retail India Ltd,cust_npci_01114,Priya Chatterjee,priya.chatterjee53@barodampay,+919857422069,447.83,INR,FAILED,IN_REVIEW,BUSINESS_DECLINE,K1,Suspected Fraud / Excessive Velocity Anomaly,Bank of Baroda,BOB,QUARANTINE_FOR_REVIEW,0.98,HIGH,0,1,0,3,2026-08-18T18:49:42.367702
pay_npci_01115,mer_quick_kart,Bharat QuickCommerce,cust_npci_01115,Gaurav Joshi,gaurav.joshi54@okicici,+919827576423,4410.82,INR,RECOVERED,RECOVERED,BUSINESS_DECLINE,ZM,Invalid MPIN Entered by Customer,ICICI Bank,ICICI,CUSTOMER_WHATSAPP_NUDGE,0.2476,LOW,8,0,1,3,2026-08-22T16:58:34.942976
pay_npci_01116,mer_tech_bazaar,Croma TechBazaar,cust_npci_01116,Gaurav Joshi,gaurav.joshi50@okpnb,+919872980880,3644.3,INR,RECOVERED,RECOVERED,BUSINESS_DECLINE,ZA,Insufficient Funds in Customer Account,Punjab National Bank,PNB,SMART_PAYMENT_LINK,0.2989,LOW,6,0,1,3,2026-08-10T11:47:30.166928
pay_npci_01117,mer_demo_apex,Apex Retail India Ltd,cust_npci_01117,Rohan Gupta,rohan.gupta73@okpnb,+919817573320,21104.33,INR,RECOVERED,RECOVERED,TECHNICAL_DECLINE,U69,Remitter Bank System Unavailable / Switch Error,Punjab National Bank,PNB,DIRECT_GATEWAY_RETRY,0.128,LOW,4,0,1,3,2026-08-24T08:36:53.246125
pay_npci_01118,mer_tech_bazaar,Croma TechBazaar,cust_npci_01118,Varun Rao,varun.rao70@hdfcbank,+919887001014,209.22,INR,FAILED,PENDING,TECHNICAL_DECLINE,U69,Remitter Bank System Unavailable / Switch Error,HDFC Bank,HDFC,DIRECT_GATEWAY_RETRY,0.1027,LOW,0,0,0,3,2026-08-20T15:24:26.804625
pay_npci_01119,mer_demo_apex,Apex Retail India Ltd,cust_npci_01119,Ananya Kumar,ananya.kumar51@sbi,+919870638387,112.7,INR,FAILED,PENDING,BUSINESS_DECLINE,ZM,Invalid MPIN Entered by Customer,State Bank of India,SBI,CUSTOMER_WHATSAPP_NUDGE,0.3917,MEDIUM,0,0,1,3,2026-08-30T14:54:18.426136
pay_npci_01120,mer_tech_bazaar,Croma TechBazaar,cust_npci_01120,Manish Joshi,manish.joshi29@unionbank,+919834951029,133.79,INR,RECOVERED,RECOVERED,TECHNICAL_DECLINE,U69,Remitter Bank System Unavailable / Switch Error,Union Bank of India,UBI,DIRECT_GATEWAY_RETRY,0.0764,LOW,5,0,1,3,2026-08-23T21:12:54.403181
pay_npci_01121,mer_quick_kart,Bharat QuickCommerce,cust_npci_01121,Sanjay Kulkarni,sanjay.kulkarni75@barodampay,+919852923488,3872.65,INR,RECOVERED,RECOVERED,TECHNICAL_DECLINE,U69,Remitter Bank System Unavailable / Switch Error,Bank of Baroda,BOB,DIRECT_GATEWAY_RETRY,0.02,LOW,12,0,1,3,2026-08-10T14:29:02.331048
pay_npci_01122,mer_kirana_net,Desi Kirana Network,cust_npci_01122,Tanvi Joshi,tanvi.joshi35@okaxis,+919889645625,192.35,INR,RECOVERED,RECOVERED,BUSINESS_DECLINE,ZM,Invalid MPIN Entered by Customer,Axis Bank,AXIS,CUSTOMER_WHATSAPP_NUDGE,0.2635,LOW,12,0,1,3,2026-08-12T16:06:50.029155
pay_npci_01123,mer_demo_apex,Apex Retail India Ltd,cust_npci_01123,Amit Singh,amit.singh37@oksbi,+919860271174,3086.5,INR,RECOVERED,RECOVERED,TECHNICAL_DECLINE,U69,Remitter Bank System Unavailable / Switch Error,State Bank of India,SBI,DIRECT_GATEWAY_RETRY,0.0919,LOW,2,0,1,3,2026-08-09T10:38:23.695072
pay_npci_01124,mer_demo_apex,Apex Retail India Ltd,cust_npci_01124,Kiran Reddy,kiran.reddy51@hdfcbank,+919877548134,1280.97,INR,FAILED,PENDING,BUSINESS_DECLINE,U19,Daily Per-Transaction or Cumulative Limit Exceeded,HDFC Bank,HDFC,SMART_PAYMENT_LINK,0.3596,MEDIUM,7,0,0,3,2026-08-21T09:01:41.269933
pay_npci_01125,mer_quick_kart,Bharat QuickCommerce,cust_npci_01125,Zoya Gupta,zoya.gupta55@oksbi,+919853567344,203.99,INR,FAILED,PENDING,BUSINESS_DECLINE,ZA,Insufficient Funds in Customer Account,State Bank of India,SBI,SMART_PAYMENT_LINK,0.4428,MEDIUM,2,0,0,3,2026-08-10T08:29:46.808034
pay_npci_01126,mer_tech_bazaar,Croma TechBazaar,cust_npci_01126,Priya Verma,priya.verma31@okhdfcbank,+919847633219,4431.68,INR,FAILED,PENDING,BUSINESS_DECLINE,XH,Customer Account Blocked / Frozen / Dormant,HDFC Bank,HDFC,ESCALATE_TO_HUMAN,0.6506,MEDIUM,2,0,1,3,2026-08-12T18:24:03.571243
pay_npci_01127,mer_kirana_net,Desi Kirana Network,cust_npci_01127,Sanjay Rao,sanjay.rao83@okicici,+919884630349,41784.06,INR,RECOVERED,RECOVERED,TECHNICAL_DECLINE,U69,Remitter Bank System Unavailable / Switch Error,ICICI Bank,ICICI,DIRECT_GATEWAY_RETRY,0.173,LOW,12,0,1,3,2026-08-26T19:10:27.296447
pay_npci_01128,mer_quick_kart,Bharat QuickCommerce,cust_npci_01128,Kiran Desai,kiran.desai84@okicici,+919868456916,291.46,INR,FAILED,IN_REVIEW,BUSINESS_DECLINE,K1,Suspected Fraud / Excessive Velocity Anomaly,ICICI Bank,ICICI,QUARANTINE_FOR_REVIEW,0.98,HIGH,12,1,1,3,2026-09-02T18:59:43.063435
pay_npci_01129,mer_demo_apex,Apex Retail India Ltd,cust_npci_01129,Tanvi Kulkarni,tanvi.kulkarni70@okhdfcbank,+919821981344,427.87,INR,FAILED,PENDING,BUSINESS_DECLINE,U19,Daily Per-Transaction or Cumulative Limit Exceeded,HDFC Bank,HDFC,SMART_PAYMENT_LINK,0.431,MEDIUM,3,0,0,3,2026-08-26T16:04:47.591656
pay_npci_01130,mer_swiggy_inst,Swiggy Instamart Partner,cust_npci_01130,Isha Gupta,isha.gupta34@axisbank,+919815398498,2242.68,INR,RECOVERED,RECOVERED,BUSINESS_DECLINE,ZA,Insufficient Funds in Customer Account,Axis Bank,AXIS,SMART_PAYMENT_LINK,0.3074,LOW,15,0,1,3,2026-08-18T18:00:57.191118
pay_npci_01131,mer_tech_bazaar,Croma TechBazaar,cust_npci_01131,Rohan Sharma,rohan.sharma58@kmbl,+919838927082,107.41,INR,FAILED,IN_REVIEW,BUSINESS_DECLINE,ZA,Insufficient Funds in Customer Account,Kotak Mahindra Bank,KKBK,SMART_PAYMENT_LINK,0.7504,HIGH,0,1,0,3,2026-08-31T11:08:26.526818
pay_npci_01132,mer_kirana_net,Desi Kirana Network,cust_npci_01132,Sunil Rao,sunil.rao24@hdfcbank,+919816646487,4765.92,INR,FAILED,PENDING,TECHNICAL_DECLINE,U30,Beneficiary Bank Timeout After Debit (Ambiguous),HDFC Bank,HDFC,STATUS_POLL_VERIFICATION,0.5026,MEDIUM,6,1,0,3,2026-08-22T19:46:21.994754
pay_npci_01133,mer_quick_kart,Bharat QuickCommerce,cust_npci_01133,Pranav Chatterjee,pranav.chatterjee12@okaxis,+919810119763,65.05,INR,RECOVERED,RECOVERED,TECHNICAL_DECLINE,BT,Issuer Switch Timeout During 2FA Verification,Axis Bank,AXIS,DIRECT_GATEWAY_RETRY,0.0242,LOW,10,0,1,3,2026-08-22T08:05:21.817482
pay_npci_01134,mer_tech_bazaar,Croma TechBazaar,cust_npci_01134,Amit Sharma,amit.sharma81@oksbi,+919832729986,517.54,INR,FAILED,PENDING,BUSINESS_DECLINE,ZA,Insufficient Funds in Customer Account,State Bank of India,SBI,SMART_PAYMENT_LINK,0.4483,MEDIUM,5,0,1,3,2026-08-13T14:48:06.267153
pay_npci_01135,mer_swiggy_inst,Swiggy Instamart Partner,cust_npci_01135,Tanvi Joshi,tanvi.joshi74@paytm,+919897518416,60039.31,INR,FAILED,PENDING,BUSINESS_DECLINE,ZA,Insufficient Funds in Customer Account,Paytm Payments Bank,PYTM,SMART_PAYMENT_LINK,0.5124,MEDIUM,17,0,2,3,2026-08-23T12:29:12.029613
pay_npci_01136,mer_swiggy_inst,Swiggy Instamart Partner,cust_npci_01136,Kavita Desai,kavita.desai85@paytm,+919869687832,4389.68,INR,FAILED,PENDING,BUSINESS_DECLINE,U19,Daily Per-Transaction or Cumulative Limit Exceeded,Paytm Payments Bank,PYTM,SMART_PAYMENT_LINK,0.3681,MEDIUM,15,0,2,3,2026-08-07T17:59:27.421555
pay_npci_01137,mer_kirana_net,Desi Kirana Network,cust_npci_01137,Sunil Chopra,sunil.chopra87@sbi,+919864467270,443.34,INR,RECOVERED,RECOVERED,TECHNICAL_DECLINE,U30,Beneficiary Bank Timeout After Debit (Ambiguous),State Bank of India,SBI,STATUS_POLL_VERIFICATION,0.1498,LOW,12,0,1,3,2026-08-13T20:10:14.743857
pay_npci_01138,mer_tech_bazaar,Croma TechBazaar,cust_npci_01138,Gaurav Patel,gaurav.patel90@unionbank,+919837928211,45494.4,INR,FAILED,PENDING,TECHNICAL_DECLINE,U69,Remitter Bank System Unavailable / Switch Error,Union Bank of India,UBI,DIRECT_GATEWAY_RETRY,0.1273,LOW,16,0,2,3,2026-08-08T20:21:21.905306
pay_npci_01139,mer_tech_bazaar,Croma TechBazaar,cust_npci_01139,Kiran Banerjee,kiran.banerjee10@hdfcbank,+919832810763,544.5,INR,RECOVERED,RECOVERED,BUSINESS_DECLINE,ZA,Insufficient Funds in Customer Account,HDFC Bank,HDFC,SMART_PAYMENT_LINK,0.2841,LOW,8,0,1,3,2026-08-12T07:24:32.656719
pay_npci_01140,mer_quick_kart,Bharat QuickCommerce,cust_npci_01140,Sanjay Mehta,sanjay.mehta14@sbi,+919876019524,393.68,INR,FAILED,PENDING,BUSINESS_DECLINE,ZA,Insufficient Funds in Customer Account,State Bank of India,SBI,SMART_PAYMENT_LINK,0.3899,MEDIUM,3,0,0,3,2026-08-30T12:21:04.249345
pay_npci_01141,mer_kirana_net,Desi Kirana Network,cust_npci_01141,Isha Kulkarni,isha.kulkarni58@paytm,+919888013022,375.93,INR,FAILED,IN_REVIEW,BUSINESS_DECLINE,ZA,Insufficient Funds in Customer Account,Paytm Payments Bank,PYTM,SMART_PAYMENT_LINK,0.7773,HIGH,3,1,0,3,2026-08-30T19:29:51.195494
pay_npci_01142,mer_kirana_net,Desi Kirana Network,cust_npci_01142,Pranav Kulkarni,pranav.kulkarni63@okpnb,+919889246165,298.3,INR,FAILED,PENDING,BUSINESS_DECLINE,ZA,Insufficient Funds in Customer Account,Punjab National Bank,PNB,SMART_PAYMENT_LINK,0.4557,MEDIUM,2,0,0,3,2026-08-28T10:44:13.122705
pay_npci_01143,mer_kirana_net,Desi Kirana Network,cust_npci_01143,Manish Kulkarni,manish.kulkarni99@okhdfcbank,+919812061875,124.66,INR,FAILED,PENDING,TECHNICAL_DECLINE,U69,Remitter Bank System Unavailable / Switch Error,HDFC Bank,HDFC,DIRECT_GATEWAY_RETRY,0.0805,LOW,1,0,2,3,2026-08-14T22:17:01.547000
pay_npci_01144,mer_kirana_net,Desi Kirana Network,cust_npci_01144,Sunil Banerjee,sunil.banerjee80@icici,+919860181794,3592.56,INR,FAILED,PENDING,BUSINESS_DECLINE,U19,Daily Per-Transaction or Cumulative Limit Exceeded,ICICI Bank,ICICI,SMART_PAYMENT_LINK,0.4657,MEDIUM,3,0,0,3,2026-09-03T08:50:00.655959
pay_npci_01145,mer_kirana_net,Desi Kirana Network,cust_npci_01145,Zoya Sharma,zoya.sharma62@sbi,+919896951822,49302.86,INR,FAILED,PENDING,BUSINESS_DECLINE,ZA,Insufficient Funds in Customer Account,State Bank of India,SBI,SMART_PAYMENT_LINK,0.6341,MEDIUM,2,0,0,3,2026-08-07T15:14:33.450762
pay_npci_01146,mer_quick_kart,Bharat QuickCommerce,cust_npci_01146,Sunil Chopra,sunil.chopra85@okhdfcbank,+919872691053,285.92,INR,RECOVERED,RECOVERED,TECHNICAL_DECLINE,U30,Beneficiary Bank Timeout After Debit (Ambiguous),HDFC Bank,HDFC,STATUS_POLL_VERIFICATION,0.304,LOW,2,0,1,3,2026-08-26T18:53:23.370732
pay_npci_01147,mer_tech_bazaar,Croma TechBazaar,cust_npci_01147,Ananya Nair,ananya.nair81@okhdfcbank,+919888368630,203.24,INR,RECOVERED,RECOVERED,TECHNICAL_DECLINE,U30,Beneficiary Bank Timeout After Debit (Ambiguous),HDFC Bank,HDFC,STATUS_POLL_VERIFICATION,0.156,LOW,10,0,1,3,2026-08-15T10:35:07.551630
pay_npci_01148,mer_kirana_net,Desi Kirana Network,cust_npci_01148,Amit Patel,amit.patel98@sbi,+919890409545,1255.49,INR,RECOVERED,RECOVERED,BUSINESS_DECLINE,ZM,Invalid MPIN Entered by Customer,State Bank of India,SBI,CUSTOMER_WHATSAPP_NUDGE,0.2516,LOW,15,0,1,3,2026-08-26T08:48:45.514594
pay_npci_01149,mer_demo_apex,Apex Retail India Ltd,cust_npci_01149,Manish Verma,manish.verma45@icici,+919814217526,1254.07,INR,FAILED,PENDING,BUSINESS_DECLINE,ZA,Insufficient Funds in Customer Account,ICICI Bank,ICICI,SMART_PAYMENT_LINK,0.422,MEDIUM,1,0,1,3,2026-08-06T12:37:44.780499
pay_npci_01150,mer_swiggy_inst,Swiggy Instamart Partner,cust_npci_01150,Kiran Mehta,kiran.mehta56@kotak,+919811186265,125.7,INR,FAILED,PENDING,BUSINESS_DECLINE,ZA,Insufficient Funds in Customer Account,Kotak Mahindra Bank,KKBK,SMART_PAYMENT_LINK,0.4486,MEDIUM,4,0,0,3,2026-09-04T11:39:53.995966
pay_npci_01151,mer_quick_kart,Bharat QuickCommerce,cust_npci_01151,Ananya Gupta,ananya.gupta61@oksbi,+919819430829,3422.72,INR,FAILED,PENDING,BUSINESS_DECLINE,XH,Customer Account Blocked / Frozen / Dormant,State Bank of India,SBI,ESCALATE_TO_HUMAN,0.5258,MEDIUM,14,0,0,3,2026-08-06T17:25:00.325959
pay_npci_01152,mer_tech_bazaar,Croma TechBazaar,cust_npci_01152,Sunil Banerjee,sunil.banerjee74@hdfcbank,+919866854926,2766.01,INR,RECOVERED,RECOVERED,TECHNICAL_DECLINE,U69,Remitter Bank System Unavailable / Switch Error,HDFC Bank,HDFC,DIRECT_GATEWAY_RETRY,0.0728,LOW,1,0,1,3,2026-08-30T21:12:17.678232
pay_npci_01153,mer_quick_kart,Bharat QuickCommerce,cust_npci_01153,Zoya Chopra,zoya.chopra21@axisbank,+919839962888,436.69,INR,RECOVERED,RECOVERED,TECHNICAL_DECLINE,U69,Remitter Bank System Unavailable / Switch Error,Axis Bank,AXIS,DIRECT_GATEWAY_RETRY,0.02,LOW,9,0,1,3,2026-08-28T17:09:19.709779
pay_npci_01154,mer_demo_apex,Apex Retail India Ltd,cust_npci_01154,Pranav Singh,pranav.singh38@okaxis,+919826515581,229.99,INR,RECOVERED,RECOVERED,TECHNICAL_DECLINE,U30,Beneficiary Bank Timeout After Debit (Ambiguous),Axis Bank,AXIS,STATUS_POLL_VERIFICATION,0.1673,LOW,12,0,1,3,2026-08-14T18:06:33.155912
pay_npci_01155,mer_quick_kart,Bharat QuickCommerce,cust_npci_01155,Vivek Joshi,vivek.joshi79@sbi,+919811586014,71.42,INR,FAILED,PENDING,BUSINESS_DECLINE,U19,Daily Per-Transaction or Cumulative Limit Exceeded,State Bank of India,SBI,SMART_PAYMENT_LINK,0.4756,MEDIUM,1,0,1,3,2026-08-26T05:54:35.888190
pay_npci_01156,mer_demo_apex,Apex Retail India Ltd,cust_npci_01156,Priya Kumar,priya.kumar25@sbi,+919838550760,638.58,INR,FAILED,PENDING,BUSINESS_DECLINE,ZM,Invalid MPIN Entered by Customer,State Bank of India,SBI,CUSTOMER_WHATSAPP_NUDGE,0.2219,LOW,12,0,0,3,2026-08-25T21:56:04.377668
pay_npci_01157,mer_tech_bazaar,Croma TechBazaar,cust_npci_01157,Sneha Nair,sneha.nair88@okaxis,+919880943168,54268.48,INR,RECOVERED,RECOVERED,TECHNICAL_DECLINE,BT,Issuer Switch Timeout During 2FA Verification,Axis Bank,AXIS,DIRECT_GATEWAY_RETRY,0.1668,LOW,12,0,1,3,2026-08-12T20:19:09.362815
pay_npci_01158,mer_kirana_net,Desi Kirana Network,cust_npci_01158,Aarav Chatterjee,aarav.chatterjee44@hdfcbank,+919834944006,284.03,INR,FAILED,PENDING,TECHNICAL_DECLINE,BT,Issuer Switch Timeout During 2FA Verification,HDFC Bank,HDFC,DIRECT_GATEWAY_RETRY,0.0213,LOW,18,0,2,3,2026-08-12T17:51:37.721406
pay_npci_01159,mer_demo_apex,Apex Retail India Ltd,cust_npci_01159,Isha Sharma,isha.sharma77@paytm,+919883769374,498.63,INR,RECOVERED,RECOVERED,BUSINESS_DECLINE,ZA,Insufficient Funds in Customer Account,Paytm Payments Bank,PYTM,SMART_PAYMENT_LINK,0.2604,LOW,14,0,1,3,2026-08-27T14:25:59.098337
pay_npci_01160,mer_demo_apex,Apex Retail India Ltd,cust_npci_01160,Sanjay Gupta,sanjay.gupta80@okicici,+919878962139,68937.8,INR,FAILED,PENDING,TECHNICAL_DECLINE,BT,Issuer Switch Timeout During 2FA Verification,ICICI Bank,ICICI,DIRECT_GATEWAY_RETRY,0.3416,LOW,5,0,1,3,2026-08-11T18:51:52.624652
pay_npci_01161,mer_demo_apex,Apex Retail India Ltd,cust_npci_01161,Kiran Kulkarni,kiran.kulkarni22@ybl,+919830923896,488.05,INR,RECOVERED,RECOVERED,BUSINESS_DECLINE,ZA,Insufficient Funds in Customer Account,Yes Bank / PhonePe,YESB,SMART_PAYMENT_LINK,0.3014,LOW,12,0,1,3,2026-08-28T22:06:45.152887
pay_npci_01162,mer_kirana_net,Desi Kirana Network,cust_npci_01162,Deepak Kumar,deepak.kumar31@okpnb,+919849091272,290.79,INR,RECOVERED,RECOVERED,TECHNICAL_DECLINE,SWITCH_DOWN,NPCI Central Switch Queue Congestion,Punjab National Bank,PNB,BACKOFF_RETRY,0.02,LOW,11,0,1,3,2026-09-03T23:40:51.702602
pay_npci_01163,mer_quick_kart,Bharat QuickCommerce,cust_npci_01163,Sneha Sharma,sneha.sharma81@sbi,+919834970394,188.82,INR,RECOVERED,RECOVERED,BUSINESS_DECLINE,ZM,Invalid MPIN Entered by Customer,State Bank of India,SBI,CUSTOMER_WHATSAPP_NUDGE,0.2811,LOW,6,0,1,3,2026-08-28T10:44:37.701894
pay_npci_01164,mer_demo_apex,Apex Retail India Ltd,cust_npci_01164,Isha Mehta,isha.mehta27@oksbi,+919840670987,192.61,INR,FAILED,PENDING,BUSINESS_DECLINE,U19,Daily Per-Transaction or Cumulative Limit Exceeded,State Bank of India,SBI,SMART_PAYMENT_LINK,0.3679,MEDIUM,15,0,1,3,2026-08-12T16:18:13.239675
pay_npci_01165,mer_quick_kart,Bharat QuickCommerce,cust_npci_01165,Deepak Rao,deepak.rao46@hdfcbank,+919818382245,25.4,INR,RECOVERED,RECOVERED,BUSINESS_DECLINE,ZA,Insufficient Funds in Customer Account,HDFC Bank,HDFC,SMART_PAYMENT_LINK,0.302,LOW,12,0,1,3,2026-08-27T19:05:13.039063
pay_npci_01166,mer_swiggy_inst,Swiggy Instamart Partner,cust_npci_01166,Deepak Gupta,deepak.gupta27@okhdfcbank,+919884433598,99.51,INR,FAILED,IN_REVIEW,BUSINESS_DECLINE,K1,Suspected Fraud / Excessive Velocity Anomaly,HDFC Bank,HDFC,QUARANTINE_FOR_REVIEW,0.98,HIGH,9,1,2,3,2026-08-20T12:07:46.891231
pay_npci_01167,mer_kirana_net,Desi Kirana Network,cust_npci_01167,Vivek Chopra,vivek.chopra70@sbi,+919889161047,4322.69,INR,RECOVERED,RECOVERED,BUSINESS_DECLINE,ZA,Insufficient Funds in Customer Account,State Bank of India,SBI,SMART_PAYMENT_LINK,0.3373,LOW,6,0,1,3,2026-09-02T22:00:42.659061
pay_npci_01168,mer_quick_kart,Bharat QuickCommerce,cust_npci_01168,Pooja Desai,pooja.desai77@okaxis,+919894091051,366.44,INR,RECOVERED,RECOVERED,TECHNICAL_DECLINE,BT,Issuer Switch Timeout During 2FA Verification,Axis Bank,AXIS,DIRECT_GATEWAY_RETRY,0.0318,LOW,16,0,1,3,2026-08-29T20:25:33.340603
pay_npci_01169,mer_quick_kart,Bharat QuickCommerce,cust_npci_01169,Aditi Chatterjee,aditi.chatterjee17@kmbl,+919877511077,328.62,INR,RECOVERED,RECOVERED,TECHNICAL_DECLINE,U69,Remitter Bank System Unavailable / Switch Error,Kotak Mahindra Bank,KKBK,DIRECT_GATEWAY_RETRY,0.02,LOW,14,0,1,3,2026-08-11T22:23:23.894621
pay_npci_01170,mer_tech_bazaar,Croma TechBazaar,cust_npci_01170,Kiran Reddy,kiran.reddy22@unionbank,+919818475948,467.81,INR,RECOVERED,RECOVERED,BUSINESS_DECLINE,U19,Daily Per-Transaction or Cumulative Limit Exceeded,Union Bank of India,UBI,SMART_PAYMENT_LINK,0.3157,LOW,9,0,1,3,2026-08-28T10:37:10.799016
pay_npci_01171,mer_swiggy_inst,Swiggy Instamart Partner,cust_npci_01171,Manish Reddy,manish.reddy63@sbi,+919848087233,2298.39,INR,FAILED,PENDING,BUSINESS_DECLINE,XH,Customer Account Blocked / Frozen / Dormant,State Bank of India,SBI,ESCALATE_TO_HUMAN,0.5678,MEDIUM,11,0,0,3,2026-08-26T12:11:17.416643
pay_npci_01172,mer_quick_kart,Bharat QuickCommerce,cust_npci_01172,Varun Singh,varun.singh32@kmbl,+919830602603,312.41,INR,RECOVERED,RECOVERED,BUSINESS_DECLINE,ZA,Insufficient Funds in Customer Account,Kotak Mahindra Bank,KKBK,SMART_PAYMENT_LINK,0.296,LOW,6,0,1,3,2026-08-07T17:25:27.427482
pay_npci_01173,mer_demo_apex,Apex Retail India Ltd,cust_npci_01173,Zoya Kulkarni,zoya.kulkarni19@paytm,+919850031395,421.68,INR,RECOVERED,RECOVERED,BUSINESS_DECLINE,U19,Daily Per-Transaction or Cumulative Limit Exceeded,Paytm Payments Bank,PYTM,SMART_PAYMENT_LINK,0.3368,LOW,10,0,1,3,2026-08-29T22:04:10.508272
pay_npci_01174,mer_demo_apex,Apex Retail India Ltd,cust_npci_01174,Rahul Kumar,rahul.kumar14@barodampay,+919877259274,468.65,INR,FAILED,PENDING,BUSINESS_DECLINE,ZA,Insufficient Funds in Customer Account,Bank of Baroda,BOB,SMART_PAYMENT_LINK,0.4359,MEDIUM,5,0,0,3,2026-08-07T21:36:49.658098
pay_npci_01175,mer_tech_bazaar,Croma TechBazaar,cust_npci_01175,Tanvi Gupta,tanvi.gupta50@hdfcbank,+919830489680,299.11,INR,RECOVERED,RECOVERED,BUSINESS_DECLINE,ZA,Insufficient Funds in Customer Account,HDFC Bank,HDFC,SMART_PAYMENT_LINK,0.2889,LOW,11,0,1,3,2026-09-02T17:43:12.915573
pay_npci_01176,mer_swiggy_inst,Swiggy Instamart Partner,cust_npci_01176,Sunil Mehta,sunil.mehta65@okpnb,+919841573347,481.74,INR,FAILED,PENDING,TECHNICAL_DECLINE,BT,Issuer Switch Timeout During 2FA Verification,Punjab National Bank,PNB,DIRECT_GATEWAY_RETRY,0.1434,LOW,5,0,1,3,2026-08-09T19:41:09.211244
pay_npci_01177,mer_quick_kart,Bharat QuickCommerce,cust_npci_01177,Aditi Desai,aditi.desai39@okpnb,+919853396332,2697.33,INR,RECOVERED,RECOVERED,TECHNICAL_DECLINE,U69,Remitter Bank System Unavailable / Switch Error,Punjab National Bank,PNB,DIRECT_GATEWAY_RETRY,0.1221,LOW,1,0,1,3,2026-08-17T20:12:36.780121
pay_npci_01178,mer_kirana_net,Desi Kirana Network,cust_npci_01178,Gaurav Singh,gaurav.singh35@sbi,+919863122391,23.78,INR,FAILED,PENDING,BUSINESS_DECLINE,ZA,Insufficient Funds in Customer Account,State Bank of India,SBI,SMART_PAYMENT_LINK,0.4042,MEDIUM,3,0,0,3,2026-08-22T17:41:22.844321
pay_npci_01179,mer_tech_bazaar,Croma TechBazaar,cust_npci_01179,Priya Chopra,priya.chopra65@axisbank,+919821914462,489.36,INR,FAILED,PENDING,BUSINESS_DECLINE,XH,Customer Account Blocked / Frozen / Dormant,Axis Bank,AXIS,ESCALATE_TO_HUMAN,0.5762,MEDIUM,10,0,0,3,2026-09-03T10:23:11.046096
pay_npci_01180,mer_swiggy_inst,Swiggy Instamart Partner,cust_npci_01180,Kavita Banerjee,kavita.banerjee15@icici,+919878137451,214.41,INR,RECOVERED,RECOVERED,BUSINESS_DECLINE,ZM,Invalid MPIN Entered by Customer,ICICI Bank,ICICI,CUSTOMER_WHATSAPP_NUDGE,0.2942,LOW,14,0,1,3,2026-08-22T17:53:37.027924
pay_npci_01181,mer_kirana_net,Desi Kirana Network,cust_npci_01181,Ananya Kumar,ananya.kumar40@sbi,+919831701314,28960.7,INR,FAILED,PENDING,BUSINESS_DECLINE,ZM,Invalid MPIN Entered by Customer,State Bank of India,SBI,CUSTOMER_WHATSAPP_NUDGE,0.5714,MEDIUM,1,0,1,3,2026-08-24T19:13:54.257176
pay_npci_01182,mer_demo_apex,Apex Retail India Ltd,cust_npci_01182,Varun Verma,varun.verma76@okhdfcbank,+919885057832,3867.21,INR,FAILED,PENDING,BUSINESS_DECLINE,ZM,Invalid MPIN Entered by Customer,HDFC Bank,HDFC,CUSTOMER_WHATSAPP_NUDGE,0.3759,MEDIUM,5,0,0,3,2026-08-19T20:50:49.869385
pay_npci_01183,mer_demo_apex,Apex Retail India Ltd,cust_npci_01183,Pooja Chatterjee,pooja.chatterjee73@okicici,+919810486649,683.0,INR,RECOVERED,RECOVERED,BUSINESS_DECLINE,ZM,Invalid MPIN Entered by Customer,ICICI Bank,ICICI,CUSTOMER_WHATSAPP_NUDGE,0.2799,LOW,10,0,1,3,2026-08-06T08:16:11.995557
pay_npci_01184,mer_quick_kart,Bharat QuickCommerce,cust_npci_01184,Gaurav Banerjee,gaurav.banerjee77@oksbi,+919814247134,210.49,INR,FAILED,PENDING,BUSINESS_DECLINE,ZA,Insufficient Funds in Customer Account,State Bank of India,SBI,SMART_PAYMENT_LINK,0.4325,MEDIUM,5,0,1,3,2026-08-24T13:52:46.358180
pay_npci_01185,mer_tech_bazaar,Croma TechBazaar,cust_npci_01185,Deepak Patel,deepak.patel29@paytm,+919858284984,338.99,INR,RECOVERED,RECOVERED,TECHNICAL_DECLINE,BT,Issuer Switch Timeout During 2FA Verification,Paytm Payments Bank,PYTM,DIRECT_GATEWAY_RETRY,0.02,LOW,11,0,1,3,2026-08-17T15:10:30.857904
pay_npci_01186,mer_tech_bazaar,Croma TechBazaar,cust_npci_01186,Zoya Nair,zoya.nair42@icici,+919872401965,279.33,INR,RECOVERED,RECOVERED,TECHNICAL_DECLINE,U69,Remitter Bank System Unavailable / Switch Error,ICICI Bank,ICICI,DIRECT_GATEWAY_RETRY,0.02,LOW,14,0,1,3,2026-08-18T15:25:14.528385
pay_npci_01187,mer_tech_bazaar,Croma TechBazaar,cust_npci_01187,Sunil Sharma,sunil.sharma49@sbi,+919856903594,226.75,INR,FAILED,PENDING,BUSINESS_DECLINE,ZA,Insufficient Funds in Customer Account,State Bank of India,SBI,SMART_PAYMENT_LINK,0.3992,MEDIUM,5,0,1,3,2026-08-17T12:01:22.686419
pay_npci_01188,mer_quick_kart,Bharat QuickCommerce,cust_npci_01188,Tanvi Chopra,tanvi.chopra30@hdfcbank,+919893874676,123.07,INR,RECOVERED,RECOVERED,TECHNICAL_DECLINE,BT,Issuer Switch Timeout During 2FA Verification,HDFC Bank,HDFC,DIRECT_GATEWAY_RETRY,0.02,LOW,17,0,1,3,2026-08-10T12:52:14.297756
pay_npci_01189,mer_quick_kart,Bharat QuickCommerce,cust_npci_01189,Deepak Patel,deepak.patel97@okaxis,+919837833687,65187.93,INR,FAILED,IN_REVIEW,BUSINESS_DECLINE,XH,Customer Account Blocked / Frozen / Dormant,Axis Bank,AXIS,ESCALATE_TO_HUMAN,0.7254,HIGH,12,0,2,3,2026-08-15T22:48:41.407801
pay_npci_01190,mer_kirana_net,Desi Kirana Network,cust_npci_01190,Neha Mehta,neha.mehta76@oksbi,+919868492020,199.45,INR,RECOVERED,RECOVERED,TECHNICAL_DECLINE,U69,Remitter Bank System Unavailable / Switch Error,State Bank of India,SBI,DIRECT_GATEWAY_RETRY,0.1095,LOW,4,0,1,3,2026-08-08T21:56:46.680242
pay_npci_01191,mer_demo_apex,Apex Retail India Ltd,cust_npci_01191,Manish Nair,manish.nair31@paytm,+919853266925,403.75,INR,RECOVERED,RECOVERED,TECHNICAL_DECLINE,BT,Issuer Switch Timeout During 2FA Verification,Paytm Payments Bank,PYTM,DIRECT_GATEWAY_RETRY,0.123,LOW,0,0,1,3,2026-08-30T10:31:55.425808
pay_npci_01192,mer_quick_kart,Bharat QuickCommerce,cust_npci_01192,Vikram Mehta,vikram.mehta59@okpnb,+919835801201,2758.76,INR,RECOVERED,RECOVERED,BUSINESS_DECLINE,ZA,Insufficient Funds in Customer Account,Punjab National Bank,PNB,SMART_PAYMENT_LINK,0.3038,LOW,17,0,1,3,2026-08-30T19:20:07.677994
pay_npci_01193,mer_tech_bazaar,Croma TechBazaar,cust_npci_01193,Aditi Gupta,aditi.gupta27@okaxis,+919853085443,124.64,INR,RECOVERED,RECOVERED,BUSINESS_DECLINE,ZA,Insufficient Funds in Customer Account,Axis Bank,AXIS,SMART_PAYMENT_LINK,0.2738,LOW,11,0,1,3,2026-08-29T18:28:15.616953
pay_npci_01194,mer_quick_kart,Bharat QuickCommerce,cust_npci_01194,Rohan Reddy,rohan.reddy34@oksbi,+919892966097,103.29,INR,RECOVERED,RECOVERED,BUSINESS_DECLINE,ZA,Insufficient Funds in Customer Account,State Bank of India,SBI,SMART_PAYMENT_LINK,0.3377,LOW,10,0,1,3,2026-08-26T09:17:24.787658
pay_npci_01195,mer_swiggy_inst,Swiggy Instamart Partner,cust_npci_01195,Priya Sharma,priya.sharma66@okaxis,+919838704508,257.17,INR,FAILED,PENDING,BUSINESS_DECLINE,XH,Customer Account Blocked / Frozen / Dormant,Axis Bank,AXIS,ESCALATE_TO_HUMAN,0.5431,MEDIUM,8,0,1,3,2026-08-17T23:47:41.258192
pay_npci_01196,mer_demo_apex,Apex Retail India Ltd,cust_npci_01196,Neha Singh,neha.singh17@icici,+919836103404,97.77,INR,RECOVERED,RECOVERED,BUSINESS_DECLINE,ZA,Insufficient Funds in Customer Account,ICICI Bank,ICICI,SMART_PAYMENT_LINK,0.3065,LOW,16,0,1,3,2026-08-27T21:18:51.085974
pay_npci_01197,mer_quick_kart,Bharat QuickCommerce,cust_npci_01197,Vivek Chopra,vivek.chopra37@okhdfcbank,+919897610840,1793.37,INR,RECOVERED,RECOVERED,TECHNICAL_DECLINE,U30,Beneficiary Bank Timeout After Debit (Ambiguous),HDFC Bank,HDFC,STATUS_POLL_VERIFICATION,0.3384,LOW,2,0,1,3,2026-08-16T12:46:41.130237
pay_npci_01198,mer_swiggy_inst,Swiggy Instamart Partner,cust_npci_01198,Sunil Verma,sunil.verma58@unionbank,+919854478494,237.26,INR,RECOVERED,RECOVERED,BUSINESS_DECLINE,ZA,Insufficient Funds in Customer Account,Union Bank of India,UBI,SMART_PAYMENT_LINK,0.3164,LOW,6,0,1,3,2026-08-09T07:06:30.919361
pay_npci_01199,mer_tech_bazaar,Croma TechBazaar,cust_npci_01199,Isha Reddy,isha.reddy11@oksbi,+919895165659,2597.04,INR,FAILED,PENDING,BUSINESS_DECLINE,ZA,Insufficient Funds in Customer Account,State Bank of India,SBI,SMART_PAYMENT_LINK,0.4527,MEDIUM,4,0,1,3,2026-08-21T11:19:01.440018
pay_npci_01200,mer_quick_kart,Bharat QuickCommerce,cust_npci_01200,Manish Singh,manish.singh19@sbi,+919832461882,107.42,INR,RECOVERED,RECOVERED,BUSINESS_DECLINE,ZA,Insufficient Funds in Customer Account,State Bank of India,SBI,SMART_PAYMENT_LINK,0.2727,LOW,10,0,1,3,2026-09-02T18:58:18.753505
pay_npci_01201,mer_quick_kart,Bharat QuickCommerce,cust_npci_01201,Aarav Joshi,aarav.joshi70@okpnb,+919832776065,282.53,INR,RECOVERED,RECOVERED,BUSINESS_DECLINE,ZA,Insufficient Funds in Customer Account,Punjab National Bank,PNB,SMART_PAYMENT_LINK,0.2704,LOW,13,0,1,3,2026-08-25T15:07:48.984163
pay_npci_01202,mer_demo_apex,Apex Retail India Ltd,cust_npci_01202,Neha Kulkarni,neha.kulkarni63@paytm,+919834500037,64739.37,INR,FAILED,PENDING,BUSINESS_DECLINE,ZM,Invalid MPIN Entered by Customer,Paytm Payments Bank,PYTM,CUSTOMER_WHATSAPP_NUDGE,0.4446,MEDIUM,11,0,2,3,2026-08-07T13:24:44.382014
pay_npci_01203,mer_swiggy_inst,Swiggy Instamart Partner,cust_npci_01203,Amit Nair,amit.nair79@unionbank,+919867591392,271.18,INR,RECOVERED,RECOVERED,BUSINESS_DECLINE,U19,Daily Per-Transaction or Cumulative Limit Exceeded,Union Bank of India,UBI,SMART_PAYMENT_LINK,0.2949,LOW,18,0,1,3,2026-08-17T14:16:26.178540
pay_npci_01204,mer_quick_kart,Bharat QuickCommerce,cust_npci_01204,Pranav Joshi,pranav.joshi22@ybl,+919836484506,189.6,INR,RECOVERED,RECOVERED,BUSINESS_DECLINE,U19,Daily Per-Transaction or Cumulative Limit Exceeded,Yes Bank / PhonePe,YESB,SMART_PAYMENT_LINK,0.3297,LOW,6,0,1,3,2026-08-30T20:18:15.069608
pay_npci_01205,mer_tech_bazaar,Croma TechBazaar,cust_npci_01205,Tanvi Nair,tanvi.nair57@kotak,+919856453258,555.38,INR,RECOVERED,RECOVERED,BUSINESS_DECLINE,ZM,Invalid MPIN Entered by Customer,Kotak Mahindra Bank,KKBK,CUSTOMER_WHATSAPP_NUDGE,0.3455,LOW,3,0,1,3,2026-08-06T12:19:37.351072
pay_npci_01206,mer_swiggy_inst,Swiggy Instamart Partner,cust_npci_01206,Sneha Chopra,sneha.chopra58@barodampay,+919880940036,288.24,INR,RECOVERED,RECOVERED,BUSINESS_DECLINE,ZA,Insufficient Funds in Customer Account,Bank of Baroda,BOB,SMART_PAYMENT_LINK,0.2947,LOW,11,0,1,3,2026-08-10T16:32:33.809459
pay_npci_01207,mer_demo_apex,Apex Retail India Ltd,cust_npci_01207,Priya Desai,priya.desai79@paytm,+919891844100,345.82,INR,RECOVERED,RECOVERED,TECHNICAL_DECLINE,BT,Issuer Switch Timeout During 2FA Verification,Paytm Payments Bank,PYTM,DIRECT_GATEWAY_RETRY,0.02,LOW,16,0,1,3,2026-08-15T10:14:20.992356
pay_npci_01208,mer_quick_kart,Bharat QuickCommerce,cust_npci_01208,Amit Gupta,amit.gupta40@icici,+919847594912,1532.89,INR,FAILED,PENDING,BUSINESS_DECLINE,ZA,Insufficient Funds in Customer Account,ICICI Bank,ICICI,SMART_PAYMENT_LINK,0.2788,LOW,15,0,1,3,2026-08-09T05:05:21.083215
pay_npci_01209,mer_swiggy_inst,Swiggy Instamart Partner,cust_npci_01209,Pranav Kumar,pranav.kumar62@unionbank,+919871322885,272.14,INR,FAILED,PENDING,BUSINESS_DECLINE,U19,Daily Per-Transaction or Cumulative Limit Exceeded,Union Bank of India,UBI,SMART_PAYMENT_LINK,0.37,MEDIUM,15,0,1,3,2026-08-23T20:40:46.432965
pay_npci_01210,mer_quick_kart,Bharat QuickCommerce,cust_npci_01210,Rohan Chatterjee,rohan.chatterjee46@okaxis,+919871167945,1199.07,INR,RECOVERED,RECOVERED,TECHNICAL_DECLINE,U69,Remitter Bank System Unavailable / Switch Error,Axis Bank,AXIS,DIRECT_GATEWAY_RETRY,0.02,LOW,18,0,1,3,2026-08-20T14:11:47.431929
pay_npci_01211,mer_swiggy_inst,Swiggy Instamart Partner,cust_npci_01211,Isha Banerjee,isha.banerjee77@sbi,+919852106455,416.56,INR,FAILED,PENDING,BUSINESS_DECLINE,ZA,Insufficient Funds in Customer Account,State Bank of India,SBI,SMART_PAYMENT_LINK,0.4295,MEDIUM,5,0,1,3,2026-08-17T13:50:57.939957
pay_npci_01212,mer_quick_kart,Bharat QuickCommerce,cust_npci_01212,Sunil Verma,sunil.verma49@unionbank,+919810863764,3555.08,INR,RECOVERED,RECOVERED,BUSINESS_DECLINE,ZA,Insufficient Funds in Customer Account,Union Bank of India,UBI,SMART_PAYMENT_LINK,0.3159,LOW,11,0,1,3,2026-08-06T22:27:15.706447
pay_npci_01213,mer_kirana_net,Desi Kirana Network,cust_npci_01213,Manish Desai,manish.desai54@okpnb,+919847102244,2559.55,INR,RECOVERED,RECOVERED,BUSINESS_DECLINE,U19,Daily Per-Transaction or Cumulative Limit Exceeded,Punjab National Bank,PNB,SMART_PAYMENT_LINK,0.3316,LOW,9,0,1,3,2026-08-27T13:07:52.518999
pay_npci_01214,mer_kirana_net,Desi Kirana Network,cust_npci_01214,Sneha Singh,sneha.singh89@kotak,+919844713691,1730.22,INR,RECOVERED,RECOVERED,BUSINESS_DECLINE,ZA,Insufficient Funds in Customer Account,Kotak Mahindra Bank,KKBK,SMART_PAYMENT_LINK,0.3161,LOW,11,0,1,3,2026-08-16T10:00:12.049170
pay_npci_01215,mer_kirana_net,Desi Kirana Network,cust_npci_01215,Rohan Nair,rohan.nair64@barodampay,+919838368324,2136.77,INR,RECOVERED,RECOVERED,TECHNICAL_DECLINE,SWITCH_DOWN,NPCI Central Switch Queue Congestion,Bank of Baroda,BOB,BACKOFF_RETRY,0.02,LOW,12,0,1,3,2026-09-01T11:18:50.562310
pay_npci_01216,mer_quick_kart,Bharat QuickCommerce,cust_npci_01216,Ananya Verma,ananya.verma40@okpnb,+919832847228,3785.12,INR,RECOVERED,RECOVERED,BUSINESS_DECLINE,ZA,Insufficient Funds in Customer Account,Punjab National Bank,PNB,SMART_PAYMENT_LINK,0.2826,LOW,11,0,1,3,2026-08-09T11:03:43.833500
pay_npci_01217,mer_tech_bazaar,Croma TechBazaar,cust_npci_01217,Neha Rao,neha.rao90@ibl,+919868511643,288.94,INR,RECOVERED,RECOVERED,BUSINESS_DECLINE,ZM,Invalid MPIN Entered by Customer,Yes Bank / PhonePe,YESB,CUSTOMER_WHATSAPP_NUDGE,0.2323,LOW,7,0,1,3,2026-08-29T18:54:56.290806
pay_npci_01218,mer_quick_kart,Bharat QuickCommerce,cust_npci_01218,Aarav Kumar,aarav.kumar62@kotak,+919878715178,111.21,INR,RECOVERED,RECOVERED,BUSINESS_DECLINE,ZM,Invalid MPIN Entered by Customer,Kotak Mahindra Bank,KKBK,CUSTOMER_WHATSAPP_NUDGE,0.2843,LOW,12,0,1,3,2026-09-01T20:46:18.347965
pay_npci_01219,mer_swiggy_inst,Swiggy Instamart Partner,cust_npci_01219,Zoya Desai,zoya.desai65@okicici,+919810861521,3836.51,INR,RECOVERED,RECOVERED,BUSINESS_DECLINE,U19,Daily Per-Transaction or Cumulative Limit Exceeded,ICICI Bank,ICICI,SMART_PAYMENT_LINK,0.3169,LOW,11,0,1,3,2026-08-30T09:43:35.309573
pay_npci_01220,mer_swiggy_inst,Swiggy Instamart Partner,cust_npci_01220,Manish Desai,manish.desai22@okicici,+919835311959,37.79,INR,RECOVERED,RECOVERED,TECHNICAL_DECLINE,U69,Remitter Bank System Unavailable / Switch Error,ICICI Bank,ICICI,DIRECT_GATEWAY_RETRY,0.02,LOW,16,0,1,3,2026-08-25T14:45:51.188218
pay_npci_01221,mer_demo_apex,Apex Retail India Ltd,cust_npci_01221,Priya Mehta,priya.mehta60@paytm,+919833701191,405.47,INR,FAILED,PENDING,TECHNICAL_DECLINE,BT,Issuer Switch Timeout During 2FA Verification,Paytm Payments Bank,PYTM,DIRECT_GATEWAY_RETRY,0.02,LOW,9,0,0,3,2026-08-08T21:32:55.849972
pay_npci_01222,mer_quick_kart,Bharat QuickCommerce,cust_npci_01222,Rahul Patel,rahul.patel64@barodampay,+919894561184,4040.04,INR,FAILED,PENDING,TECHNICAL_DECLINE,BT,Issuer Switch Timeout During 2FA Verification,Bank of Baroda,BOB,DIRECT_GATEWAY_RETRY,0.3554,MEDIUM,15,1,0,3,2026-08-25T21:57:57.748287
pay_npci_01223,mer_swiggy_inst,Swiggy Instamart Partner,cust_npci_01223,Manish Joshi,manish.joshi19@oksbi,+919878163688,290.42,INR,RECOVERED,RECOVERED,TECHNICAL_DECLINE,BT,Issuer Switch Timeout During 2FA Verification,State Bank of India,SBI,DIRECT_GATEWAY_RETRY,0.02,LOW,7,0,1,3,2026-08-23T19:41:37.566347
pay_npci_01224,mer_tech_bazaar,Croma TechBazaar,cust_npci_01224,Neha Chatterjee,neha.chatterjee97@icici,+919880399652,135.36,INR,RECOVERED,RECOVERED,TECHNICAL_DECLINE,BT,Issuer Switch Timeout During 2FA Verification,ICICI Bank,ICICI,DIRECT_GATEWAY_RETRY,0.0424,LOW,12,0,1,3,2026-09-03T22:25:53.902963
pay_npci_01225,mer_quick_kart,Bharat QuickCommerce,cust_npci_01225,Rohan Desai,rohan.desai14@sbi,+919858088119,48307.81,INR,RECOVERED,RECOVERED,TECHNICAL_DECLINE,U69,Remitter Bank System Unavailable / Switch Error,State Bank of India,SBI,DIRECT_GATEWAY_RETRY,0.3075,LOW,2,0,1,3,2026-08-10T15:24:44.562842
pay_npci_01226,mer_demo_apex,Apex Retail India Ltd,cust_npci_01226,Pooja Patel,pooja.patel96@hdfcbank,+919867077264,66743.42,INR,FAILED,PENDING,BUSINESS_DECLINE,ZM,Invalid MPIN Entered by Customer,HDFC Bank,HDFC,CUSTOMER_WHATSAPP_NUDGE,0.4535,MEDIUM,17,0,0,3,2026-09-02T18:41:22.347243
pay_npci_01227,mer_tech_bazaar,Croma TechBazaar,cust_npci_01227,Sanjay Joshi,sanjay.joshi26@paytm,+919834124844,167.47,INR,RECOVERED,RECOVERED,BUSINESS_DECLINE,ZM,Invalid MPIN Entered by Customer,Paytm Payments Bank,PYTM,CUSTOMER_WHATSAPP_NUDGE,0.282,LOW,18,0,1,3,2026-08-05T10:39:07.035321
pay_npci_01228,mer_tech_bazaar,Croma TechBazaar,cust_npci_01228,Gaurav Gupta,gaurav.gupta51@barodampay,+919853552396,475.15,INR,FAILED,PENDING,BUSINESS_DECLINE,U19,Daily Per-Transaction or Cumulative Limit Exceeded,Bank of Baroda,BOB,SMART_PAYMENT_LINK,0.4321,MEDIUM,1,0,1,3,2026-08-31T10:05:09.505382
pay_npci_01229,mer_kirana_net,Desi Kirana Network,cust_npci_01229,Aditi Sharma,aditi.sharma79@hdfcbank,+919844264837,178.02,INR,FAILED,PENDING,BUSINESS_DECLINE,U19,Daily Per-Transaction or Cumulative Limit Exceeded,HDFC Bank,HDFC,SMART_PAYMENT_LINK,0.692,MEDIUM,6,1,1,3,2026-08-07T16:31:40.832559
pay_npci_01230,mer_kirana_net,Desi Kirana Network,cust_npci_01230,Tanvi Nair,tanvi.nair91@sbi,+919840304194,100.95,INR,RECOVERED,RECOVERED,BUSINESS_DECLINE,ZM,Invalid MPIN Entered by Customer,State Bank of India,SBI,CUSTOMER_WHATSAPP_NUDGE,0.2826,LOW,10,0,1,3,2026-08-22T17:42:35.691486
pay_npci_01231,mer_demo_apex,Apex Retail India Ltd,cust_npci_01231,Sunil Kumar,sunil.kumar73@okicici,+919847695991,318.48,INR,RECOVERED,RECOVERED,BUSINESS_DECLINE,ZA,Insufficient Funds in Customer Account,ICICI Bank,ICICI,SMART_PAYMENT_LINK,0.2786,LOW,11,0,1,3,2026-08-31T12:20:26.979745
pay_npci_01232,mer_tech_bazaar,Croma TechBazaar,cust_npci_01232,Tanvi Patel,tanvi.patel71@paytm,+919887212032,66.32,INR,FAILED,PENDING,TECHNICAL_DECLINE,U69,Remitter Bank System Unavailable / Switch Error,Paytm Payments Bank,PYTM,DIRECT_GATEWAY_RETRY,0.02,LOW,18,0,0,3,2026-09-01T20:14:29.598996
pay_npci_01233,mer_quick_kart,Bharat QuickCommerce,cust_npci_01233,Amit Mehta,amit.mehta14@paytm,+919830149814,284.08,INR,FAILED,PENDING,BUSINESS_DECLINE,XH,Customer Account Blocked / Frozen / Dormant,Paytm Payments Bank,PYTM,ESCALATE_TO_HUMAN,0.5864,MEDIUM,17,0,0,3,2026-08-25T15:56:29.524599
pay_npci_01234,mer_tech_bazaar,Croma TechBazaar,cust_npci_01234,Sneha Desai,sneha.desai91@ibl,+919887205458,295.48,INR,RECOVERED,RECOVERED,BUSINESS_DECLINE,ZA,Insufficient Funds in Customer Account,Yes Bank / PhonePe,YESB,SMART_PAYMENT_LINK,0.3311,LOW,17,0,1,3,2026-08-06T13:16:03.325616
pay_npci_01235,mer_swiggy_inst,Swiggy Instamart Partner,cust_npci_01235,Rohan Mehta,rohan.mehta40@sbi,+919892411595,830.85,INR,RECOVERED,RECOVERED,BUSINESS_DECLINE,ZA,Insufficient Funds in Customer Account,State Bank of India,SBI,SMART_PAYMENT_LINK,0.3032,LOW,10,0,1,3,2026-08-27T08:38:25.736389
pay_npci_01236,mer_quick_kart,Bharat QuickCommerce,cust_npci_01236,Deepak Gupta,deepak.gupta81@axisbank,+919845298880,88.46,INR,FAILED,PENDING,BUSINESS_DECLINE,ZM,Invalid MPIN Entered by Customer,Axis Bank,AXIS,CUSTOMER_WHATSAPP_NUDGE,0.4117,MEDIUM,4,0,0,3,2026-09-03T11:13:02.073141
pay_npci_01237,mer_quick_kart,Bharat QuickCommerce,cust_npci_01237,Aarav Kulkarni,aarav.kulkarni24@paytm,+919836292699,3864.82,INR,FAILED,IN_REVIEW,BUSINESS_DECLINE,K1,Suspected Fraud / Excessive Velocity Anomaly,Paytm Payments Bank,PYTM,QUARANTINE_FOR_REVIEW,0.98,HIGH,5,1,2,3,2026-08-30T13:19:14.854834
pay_npci_01238,mer_demo_apex,Apex Retail India Ltd,cust_npci_01238,Vikram Desai,vikram.desai65@barodampay,+919824182262,3893.6,INR,RECOVERED,RECOVERED,BUSINESS_DECLINE,ZM,Invalid MPIN Entered by Customer,Bank of Baroda,BOB,CUSTOMER_WHATSAPP_NUDGE,0.2862,LOW,11,0,1,3,2026-09-02T19:40:21.040040
pay_npci_01239,mer_quick_kart,Bharat QuickCommerce,cust_npci_01239,Zoya Chopra,zoya.chopra67@paytm,+919862301837,299.01,INR,RECOVERED,RECOVERED,TECHNICAL_DECLINE,U69,Remitter Bank System Unavailable / Switch Error,Paytm Payments Bank,PYTM,DIRECT_GATEWAY_RETRY,0.02,LOW,14,0,1,3,2026-08-29T11:44:59.038047
pay_npci_01240,mer_swiggy_inst,Swiggy Instamart Partner,cust_npci_01240,Tanvi Singh,tanvi.singh15@oksbi,+919847942649,104.62,INR,RECOVERED,RECOVERED,TECHNICAL_DECLINE,U69,Remitter Bank System Unavailable / Switch Error,State Bank of India,SBI,DIRECT_GATEWAY_RETRY,0.02,LOW,6,0,1,3,2026-08-08T19:40:50.678606
pay_npci_01241,mer_tech_bazaar,Croma TechBazaar,cust_npci_01241,Pooja Banerjee,pooja.banerjee34@hdfcbank,+919832206223,3132.51,INR,FAILED,PENDING,BUSINESS_DECLINE,ZA,Insufficient Funds in Customer Account,HDFC Bank,HDFC,SMART_PAYMENT_LINK,0.4574,MEDIUM,4,0,1,3,2026-08-18T12:45:34.053469
pay_npci_01242,mer_tech_bazaar,Croma TechBazaar,cust_npci_01242,Kiran Gupta,kiran.gupta16@icici,+919862078847,2148.8,INR,FAILED,PENDING,BUSINESS_DECLINE,ZA,Insufficient Funds in Customer Account,ICICI Bank,ICICI,SMART_PAYMENT_LINK,0.4467,MEDIUM,2,0,1,3,2026-08-12T12:59:15.257341
pay_npci_01243,mer_quick_kart,Bharat QuickCommerce,cust_npci_01243,Pranav Banerjee,pranav.banerjee38@axisbank,+919853114806,54.06,INR,FAILED,PENDING,BUSINESS_DECLINE,ZM,Invalid MPIN Entered by Customer,Axis Bank,AXIS,CUSTOMER_WHATSAPP_NUDGE,0.2539,LOW,12,0,2,3,2026-08-15T09:26:00.331465
pay_npci_01244,mer_tech_bazaar,Croma TechBazaar,cust_npci_01244,Deepak Banerjee,deepak.banerjee69@paytm,+919853562105,1275.23,INR,RECOVERED,RECOVERED,BUSINESS_DECLINE,ZM,Invalid MPIN Entered by Customer,Paytm Payments Bank,PYTM,CUSTOMER_WHATSAPP_NUDGE,0.2784,LOW,14,0,1,3,2026-08-07T23:08:58.369512
pay_npci_01245,mer_kirana_net,Desi Kirana Network,cust_npci_01245,Pooja Banerjee,pooja.banerjee47@oksbi,+919881124116,4405.01,INR,RECOVERED,RECOVERED,TECHNICAL_DECLINE,U69,Remitter Bank System Unavailable / Switch Error,State Bank of India,SBI,DIRECT_GATEWAY_RETRY,0.02,LOW,9,0,1,3,2026-08-16T16:48:02.102274
pay_npci_01246,mer_kirana_net,Desi Kirana Network,cust_npci_01246,Kiran Sharma,kiran.sharma72@hdfcbank,+919852444279,1500.25,INR,RECOVERED,RECOVERED,BUSINESS_DECLINE,ZA,Insufficient Funds in Customer Account,HDFC Bank,HDFC,SMART_PAYMENT_LINK,0.2647,LOW,18,0,1,3,2026-08-12T21:55:37.331243
pay_npci_01247,mer_swiggy_inst,Swiggy Instamart Partner,cust_npci_01247,Priya Gupta,priya.gupta11@sbi,+919846050560,2850.63,INR,FAILED,PENDING,BUSINESS_DECLINE,ZA,Insufficient Funds in Customer Account,State Bank of India,SBI,SMART_PAYMENT_LINK,0.3171,LOW,11,0,2,3,2026-08-07T19:28:35.854245
pay_npci_01248,mer_kirana_net,Desi Kirana Network,cust_npci_01248,Rohan Nair,rohan.nair20@unionbank,+919829650048,3486.13,INR,RECOVERED,RECOVERED,TECHNICAL_DECLINE,U30,Beneficiary Bank Timeout After Debit (Ambiguous),Union Bank of India,UBI,STATUS_POLL_VERIFICATION,0.2143,LOW,18,0,1,3,2026-08-22T21:13:16.652899
pay_npci_01249,mer_tech_bazaar,Croma TechBazaar,cust_npci_01249,Vikram Joshi,vikram.joshi25@okicici,+919842009596,210.82,INR,RECOVERED,RECOVERED,BUSINESS_DECLINE,ZM,Invalid MPIN Entered by Customer,ICICI Bank,ICICI,CUSTOMER_WHATSAPP_NUDGE,0.2252,LOW,13,0,1,3,2026-08-14T10:43:32.625885
pay_npci_01250,mer_tech_bazaar,Croma TechBazaar,cust_npci_01250,Vikram Rao,vikram.rao28@ybl,+919863777122,3453.49,INR,FAILED,IN_REVIEW,BUSINESS_DECLINE,K1,Suspected Fraud / Excessive Velocity Anomaly,Yes Bank / PhonePe,YESB,QUARANTINE_FOR_REVIEW,0.98,HIGH,0,1,1,3,2026-08-10T17:10:05.587241
pay_npci_01251,mer_quick_kart,Bharat QuickCommerce,cust_npci_01251,Kavita Gupta,kavita.gupta23@paytm,+919819655659,4658.64,INR,RECOVERED,RECOVERED,BUSINESS_DECLINE,ZA,Insufficient Funds in Customer Account,Paytm Payments Bank,PYTM,SMART_PAYMENT_LINK,0.2697,LOW,6,0,1,3,2026-08-06T14:27:48.333186
pay_npci_01252,mer_demo_apex,Apex Retail India Ltd,cust_npci_01252,Sneha Banerjee,sneha.banerjee74@ibl,+919857967498,3333.26,INR,RECOVERED,RECOVERED,BUSINESS_DECLINE,ZA,Insufficient Funds in Customer Account,Yes Bank / PhonePe,YESB,SMART_PAYMENT_LINK,0.325,LOW,16,0,1,3,2026-08-17T12:06:14.224870
pay_npci_01253,mer_swiggy_inst,Swiggy Instamart Partner,cust_npci_01253,Sunil Desai,sunil.desai80@hdfcbank,+919826339810,195.84,INR,FAILED,PENDING,BUSINESS_DECLINE,ZA,Insufficient Funds in Customer Account,HDFC Bank,HDFC,SMART_PAYMENT_LINK,0.4585,MEDIUM,3,0,1,3,2026-08-25T20:55:54.704887
pay_npci_01254,mer_swiggy_inst,Swiggy Instamart Partner,cust_npci_01254,Sanjay Chatterjee,sanjay.chatterjee65@okhdfcbank,+919814867305,151.93,INR,FAILED,PENDING,BUSINESS_DECLINE,ZM,Invalid MPIN Entered by Customer,HDFC Bank,HDFC,CUSTOMER_WHATSAPP_NUDGE,0.4083,MEDIUM,2,0,1,3,2026-08-18T19:18:07.829501
pay_npci_01255,mer_swiggy_inst,Swiggy Instamart Partner,cust_npci_01255,Manish Singh,manish.singh96@unionbank,+919852917963,444.3,INR,RECOVERED,RECOVERED,BUSINESS_DECLINE,ZM,Invalid MPIN Entered by Customer,Union Bank of India,UBI,CUSTOMER_WHATSAPP_NUDGE,0.2782,LOW,13,0,1,3,2026-08-29T10:24:14.788885
pay_npci_01256,mer_swiggy_inst,Swiggy Instamart Partner,cust_npci_01256,Gaurav Kulkarni,gaurav.kulkarni30@paytm,+919888274393,4444.9,INR,RECOVERED,RECOVERED,BUSINESS_DECLINE,ZA,Insufficient Funds in Customer Account,Paytm Payments Bank,PYTM,SMART_PAYMENT_LINK,0.3343,LOW,9,0,1,3,2026-08-16T11:43:30.432798
pay_npci_01257,mer_kirana_net,Desi Kirana Network,cust_npci_01257,Amit Kulkarni,amit.kulkarni74@axisbank,+919820113322,26433.58,INR,RECOVERED,RECOVERED,TECHNICAL_DECLINE,U30,Beneficiary Bank Timeout After Debit (Ambiguous),Axis Bank,AXIS,STATUS_POLL_VERIFICATION,0.3284,LOW,18,0,1,3,2026-08-08T12:37:01.385123
pay_npci_01258,mer_tech_bazaar,Croma TechBazaar,cust_npci_01258,Aarav Singh,aarav.singh63@okicici,+919890073696,2090.06,INR,FAILED,PENDING,BUSINESS_DECLINE,ZA,Insufficient Funds in Customer Account,ICICI Bank,ICICI,SMART_PAYMENT_LINK,0.4051,MEDIUM,2,0,2,3,2026-08-25T12:26:55.617794
pay_npci_01259,mer_tech_bazaar,Croma TechBazaar,cust_npci_01259,Kiran Joshi,kiran.joshi95@okpnb,+919875314926,3578.61,INR,RECOVERED,RECOVERED,BUSINESS_DECLINE,ZM,Invalid MPIN Entered by Customer,Punjab National Bank,PNB,CUSTOMER_WHATSAPP_NUDGE,0.2533,LOW,6,0,1,3,2026-08-19T21:47:53.860982
pay_npci_01260,mer_tech_bazaar,Croma TechBazaar,cust_npci_01260,Rahul Chopra,rahul.chopra18@axisbank,+919859647598,323.27,INR,RECOVERED,RECOVERED,TECHNICAL_DECLINE,U30,Beneficiary Bank Timeout After Debit (Ambiguous),Axis Bank,AXIS,STATUS_POLL_VERIFICATION,0.2026,LOW,14,0,1,3,2026-08-22T08:57:13.717828
pay_npci_01261,mer_tech_bazaar,Croma TechBazaar,cust_npci_01261,Vikram Verma,vikram.verma28@icici,+919840182312,1718.34,INR,RECOVERED,RECOVERED,BUSINESS_DECLINE,ZM,Invalid MPIN Entered by Customer,ICICI Bank,ICICI,CUSTOMER_WHATSAPP_NUDGE,0.2785,LOW,18,0,1,3,2026-09-02T13:31:14.174597
pay_npci_01262,mer_swiggy_inst,Swiggy Instamart Partner,cust_npci_01262,Rohan Joshi,rohan.joshi23@icici,+919843155268,137.36,INR,RECOVERED,RECOVERED,TECHNICAL_DECLINE,BT,Issuer Switch Timeout During 2FA Verification,ICICI Bank,ICICI,DIRECT_GATEWAY_RETRY,0.0263,LOW,14,0,1,3,2026-08-13T21:34:28.725685
pay_npci_01263,mer_tech_bazaar,Croma TechBazaar,cust_npci_01263,Amit Patel,amit.patel10@okicici,+919898236555,4277.43,INR,RECOVERED,RECOVERED,BUSINESS_DECLINE,ZA,Insufficient Funds in Customer Account,ICICI Bank,ICICI,SMART_PAYMENT_LINK,0.3234,LOW,10,0,1,3,2026-08-28T20:10:14.525159
pay_npci_01264,mer_kirana_net,Desi Kirana Network,cust_npci_01264,Varun Chopra,varun.chopra40@kotak,+919832755897,156.96,INR,FAILED,IN_REVIEW,BUSINESS_DECLINE,ZA,Insufficient Funds in Customer Account,Kotak Mahindra Bank,KKBK,SMART_PAYMENT_LINK,0.7507,HIGH,2,1,2,3,2026-08-12T08:52:35.073634
pay_npci_01265,mer_quick_kart,Bharat QuickCommerce,cust_npci_01265,Aditi Chatterjee,aditi.chatterjee58@oksbi,+919818072556,348.18,INR,FAILED,PENDING,BUSINESS_DECLINE,ZA,Insufficient Funds in Customer Account,State Bank of India,SBI,SMART_PAYMENT_LINK,0.4128,MEDIUM,1,0,2,3,2026-08-08T21:12:42.885663
pay_npci_01266,mer_tech_bazaar,Croma TechBazaar,cust_npci_01266,Vikram Chopra,vikram.chopra67@sbi,+919863772775,279.77,INR,FAILED,IN_REVIEW,BUSINESS_DECLINE,K1,Suspected Fraud / Excessive Velocity Anomaly,State Bank of India,SBI,QUARANTINE_FOR_REVIEW,0.98,HIGH,10,1,0,3,2026-08-28T13:24:14.889173
pay_npci_01267,mer_swiggy_inst,Swiggy Instamart Partner,cust_npci_01267,Varun Mehta,varun.mehta61@sbi,+919870592298,352.6,INR,RECOVERED,RECOVERED,BUSINESS_DECLINE,ZM,Invalid MPIN Entered by Customer,State Bank of India,SBI,CUSTOMER_WHATSAPP_NUDGE,0.238,LOW,16,0,1,3,2026-08-18T22:55:28.479901
pay_npci_01268,mer_tech_bazaar,Croma TechBazaar,cust_npci_01268,Manish Rao,manish.rao91@oksbi,+919830307003,2787.94,INR,RECOVERED,RECOVERED,BUSINESS_DECLINE,ZA,Insufficient Funds in Customer Account,State Bank of India,SBI,SMART_PAYMENT_LINK,0.2686,LOW,15,0,1,3,2026-08-12T22:45:02.618917
pay_npci_01269,mer_kirana_net,Desi Kirana Network,cust_npci_01269,Rohan Singh,rohan.singh88@icici,+919891393319,333.7,INR,RECOVERED,RECOVERED,TECHNICAL_DECLINE,U69,Remitter Bank System Unavailable / Switch Error,ICICI Bank,ICICI,DIRECT_GATEWAY_RETRY,0.1028,LOW,3,0,1,3,2026-08-25T12:02:08.809170
pay_npci_01270,mer_swiggy_inst,Swiggy Instamart Partner,cust_npci_01270,Sanjay Verma,sanjay.verma67@hdfcbank,+919884702844,206.86,INR,FAILED,PENDING,BUSINESS_DECLINE,ZM,Invalid MPIN Entered by Customer,HDFC Bank,HDFC,CUSTOMER_WHATSAPP_NUDGE,0.2927,LOW,10,0,2,3,2026-08-18T10:51:20.254972
pay_npci_01271,mer_kirana_net,Desi Kirana Network,cust_npci_01271,Ananya Singh,ananya.singh88@okaxis,+919871336259,51887.6,INR,RECOVERED,RECOVERED,TECHNICAL_DECLINE,U69,Remitter Bank System Unavailable / Switch Error,Axis Bank,AXIS,DIRECT_GATEWAY_RETRY,0.1591,LOW,10,0,1,3,2026-08-06T17:34:46.444188
pay_npci_01272,mer_demo_apex,Apex Retail India Ltd,cust_npci_01272,Kiran Reddy,kiran.reddy49@okhdfcbank,+919866889837,328.17,INR,RECOVERED,RECOVERED,BUSINESS_DECLINE,ZA,Insufficient Funds in Customer Account,HDFC Bank,HDFC,SMART_PAYMENT_LINK,0.2726,LOW,18,0,1,3,2026-08-24T12:19:06.403470
pay_npci_01273,mer_tech_bazaar,Croma TechBazaar,cust_npci_01273,Vivek Gupta,vivek.gupta66@barodampay,+919821771509,19150.93,INR,FAILED,PENDING,BUSINESS_DECLINE,ZA,Insufficient Funds in Customer Account,Bank of Baroda,BOB,SMART_PAYMENT_LINK,0.3862,MEDIUM,4,0,0,3,2026-08-06T16:21:09.070936
pay_npci_01274,mer_demo_apex,Apex Retail India Ltd,cust_npci_01274,Isha Kumar,isha.kumar46@sbi,+919872095719,474.38,INR,FAILED,PENDING,BUSINESS_DECLINE,ZM,Invalid MPIN Entered by Customer,State Bank of India,SBI,CUSTOMER_WHATSAPP_NUDGE,0.3816,MEDIUM,4,0,0,3,2026-08-07T21:47:38.052556
pay_npci_01275,mer_demo_apex,Apex Retail India Ltd,cust_npci_01275,Gaurav Verma,gaurav.verma88@axisbank,+919882323519,2788.27,INR,RECOVERED,RECOVERED,BUSINESS_DECLINE,ZA,Insufficient Funds in Customer Account,Axis Bank,AXIS,SMART_PAYMENT_LINK,0.3287,LOW,15,0,1,3,2026-08-20T13:50:22.364510
pay_npci_01276,mer_demo_apex,Apex Retail India Ltd,cust_npci_01276,Vikram Rao,vikram.rao61@icici,+919875777366,67716.73,INR,RECOVERED,RECOVERED,TECHNICAL_DECLINE,U69,Remitter Bank System Unavailable / Switch Error,ICICI Bank,ICICI,DIRECT_GATEWAY_RETRY,0.2825,LOW,1,0,1,3,2026-08-14T18:57:32.978697
pay_npci_01277,mer_tech_bazaar,Croma TechBazaar,cust_npci_01277,Manish Chatterjee,manish.chatterjee54@okaxis,+919843332171,393.53,INR,RECOVERED,RECOVERED,BUSINESS_DECLINE,ZA,Insufficient Funds in Customer Account,Axis Bank,AXIS,SMART_PAYMENT_LINK,0.2857,LOW,16,0,1,3,2026-08-31T18:17:17.961851
pay_npci_01278,mer_swiggy_inst,Swiggy Instamart Partner,cust_npci_01278,Manish Chopra,manish.chopra49@kotak,+919828320886,168.42,INR,FAILED,PENDING,BUSINESS_DECLINE,U19,Daily Per-Transaction or Cumulative Limit Exceeded,Kotak Mahindra Bank,KKBK,SMART_PAYMENT_LINK,0.446,MEDIUM,5,0,0,3,2026-08-28T10:18:51.715505
pay_npci_01279,mer_tech_bazaar,Croma TechBazaar,cust_npci_01279,Pranav Kumar,pranav.kumar31@okicici,+919848733924,2227.09,INR,FAILED,PENDING,BUSINESS_DECLINE,ZM,Invalid MPIN Entered by Customer,ICICI Bank,ICICI,CUSTOMER_WHATSAPP_NUDGE,0.2526,LOW,9,0,1,3,2026-08-20T14:10:07.258058
pay_npci_01280,mer_quick_kart,Bharat QuickCommerce,cust_npci_01280,Sanjay Gupta,sanjay.gupta18@axisbank,+919830563939,199.77,INR,FAILED,IN_REVIEW,BUSINESS_DECLINE,XH,Customer Account Blocked / Frozen / Dormant,Axis Bank,AXIS,ESCALATE_TO_HUMAN,0.7039,HIGH,1,0,0,3,2026-08-12T21:31:09.342551
pay_npci_01281,mer_kirana_net,Desi Kirana Network,cust_npci_01281,Gaurav Sharma,gaurav.sharma47@unionbank,+919844210581,1956.76,INR,FAILED,PENDING,BUSINESS_DECLINE,XH,Customer Account Blocked / Frozen / Dormant,Union Bank of India,UBI,ESCALATE_TO_HUMAN,0.5208,MEDIUM,10,0,0,3,2026-08-17T04:28:00.079601
pay_npci_01282,mer_tech_bazaar,Croma TechBazaar,cust_npci_01282,Vivek Nair,vivek.nair88@oksbi,+919889966389,2934.13,INR,RECOVERED,RECOVERED,BUSINESS_DECLINE,ZA,Insufficient Funds in Customer Account,State Bank of India,SBI,SMART_PAYMENT_LINK,0.3126,LOW,9,0,1,3,2026-08-22T02:29:03.896945
pay_npci_01283,mer_demo_apex,Apex Retail India Ltd,cust_npci_01283,Neha Rao,neha.rao98@paytm,+919811750518,236.32,INR,RECOVERED,RECOVERED,TECHNICAL_DECLINE,U69,Remitter Bank System Unavailable / Switch Error,Paytm Payments Bank,PYTM,DIRECT_GATEWAY_RETRY,0.0863,LOW,2,0,1,3,2026-09-02T14:14:48.305314
pay_npci_01284,mer_kirana_net,Desi Kirana Network,cust_npci_01284,Pranav Kumar,pranav.kumar84@hdfcbank,+919886538432,291.54,INR,RECOVERED,RECOVERED,BUSINESS_DECLINE,ZA,Insufficient Funds in Customer Account,HDFC Bank,HDFC,SMART_PAYMENT_LINK,0.29,LOW,11,0,1,3,2026-08-29T16:12:58.318307
pay_npci_01285,mer_tech_bazaar,Croma TechBazaar,cust_npci_01285,Zoya Nair,zoya.nair39@paytm,+919851715473,717.9,INR,RECOVERED,RECOVERED,TECHNICAL_DECLINE,BT,Issuer Switch Timeout During 2FA Verification,Paytm Payments Bank,PYTM,DIRECT_GATEWAY_RETRY,0.0377,LOW,7,0,1,3,2026-08-24T19:11:31.334290
pay_npci_01286,mer_kirana_net,Desi Kirana Network,cust_npci_01286,Amit Desai,amit.desai77@okaxis,+919867946993,153.44,INR,FAILED,PENDING,TECHNICAL_DECLINE,BT,Issuer Switch Timeout During 2FA Verification,Axis Bank,AXIS,DIRECT_GATEWAY_RETRY,0.0589,LOW,12,0,1,3,2026-08-15T12:45:25.314324
pay_npci_01287,mer_swiggy_inst,Swiggy Instamart Partner,cust_npci_01287,Varun Chatterjee,varun.chatterjee93@sbi,+919861786230,60217.95,INR,FAILED,PENDING,TECHNICAL_DECLINE,BT,Issuer Switch Timeout During 2FA Verification,State Bank of India,SBI,DIRECT_GATEWAY_RETRY,0.2344,LOW,8,0,0,3,2026-09-01T20:11:49.122801
pay_npci_01288,mer_swiggy_inst,Swiggy Instamart Partner,cust_npci_01288,Kiran Nair,kiran.nair31@barodampay,+919822568763,1457.29,INR,RECOVERED,RECOVERED,TECHNICAL_DECLINE,U69,Remitter Bank System Unavailable / Switch Error,Bank of Baroda,BOB,DIRECT_GATEWAY_RETRY,0.02,LOW,6,0,1,3,2026-08-18T12:19:24.355050
pay_npci_01289,mer_tech_bazaar,Croma TechBazaar,cust_npci_01289,Neha Rao,neha.rao69@oksbi,+919863180988,40.92,INR,FAILED,PENDING,BUSINESS_DECLINE,ZM,Invalid MPIN Entered by Customer,State Bank of India,SBI,CUSTOMER_WHATSAPP_NUDGE,0.383,MEDIUM,3,0,2,3,2026-08-24T05:47:15.493129
pay_npci_01290,mer_demo_apex,Apex Retail India Ltd,cust_npci_01290,Varun Nair,varun.nair50@okhdfcbank,+919863160698,1947.95,INR,RECOVERED,RECOVERED,BUSINESS_DECLINE,ZM,Invalid MPIN Entered by Customer,HDFC Bank,HDFC,CUSTOMER_WHATSAPP_NUDGE,0.284,LOW,16,0,1,3,2026-08-05T04:53:37.432703
pay_npci_01291,mer_kirana_net,Desi Kirana Network,cust_npci_01291,Kavita Patel,kavita.patel41@oksbi,+919813593798,379.05,INR,RECOVERED,RECOVERED,TECHNICAL_DECLINE,BT,Issuer Switch Timeout During 2FA Verification,State Bank of India,SBI,DIRECT_GATEWAY_RETRY,0.1423,LOW,5,0,1,3,2026-08-16T14:48:39.180126
pay_npci_01292,mer_kirana_net,Desi Kirana Network,cust_npci_01292,Vivek Sharma,vivek.sharma55@unionbank,+919841822213,1423.52,INR,RECOVERED,RECOVERED,TECHNICAL_DECLINE,BT,Issuer Switch Timeout During 2FA Verification,Union Bank of India,UBI,DIRECT_GATEWAY_RETRY,0.1643,LOW,0,0,1,3,2026-08-29T17:01:34.035819
pay_npci_01293,mer_kirana_net,Desi Kirana Network,cust_npci_01293,Deepak Chatterjee,deepak.chatterjee66@okhdfcbank,+919838265702,4084.35,INR,FAILED,PENDING,BUSINESS_DECLINE,ZA,Insufficient Funds in Customer Account,HDFC Bank,HDFC,SMART_PAYMENT_LINK,0.3973,MEDIUM,4,0,0,3,2026-08-19T10:15:58.977875
pay_npci_01294,mer_swiggy_inst,Swiggy Instamart Partner,cust_npci_01294,Ananya Reddy,ananya.reddy63@kotak,+919828292490,57.99,INR,FAILED,PENDING,BUSINESS_DECLINE,XH,Customer Account Blocked / Frozen / Dormant,Kotak Mahindra Bank,KKBK,ESCALATE_TO_HUMAN,0.562,MEDIUM,16,0,1,3,2026-08-29T20:37:23.910650
pay_npci_01295,mer_kirana_net,Desi Kirana Network,cust_npci_01295,Pranav Kulkarni,pranav.kulkarni25@sbi,+919864931006,158.64,INR,RECOVERED,RECOVERED,TECHNICAL_DECLINE,U69,Remitter Bank System Unavailable / Switch Error,State Bank of India,SBI,DIRECT_GATEWAY_RETRY,0.02,LOW,16,0,1,3,2026-08-22T17:31:50.697304
pay_npci_01296,mer_tech_bazaar,Croma TechBazaar,cust_npci_01296,Isha Joshi,isha.joshi87@okicici,+919828102911,676.45,INR,FAILED,PENDING,BUSINESS_DECLINE,XH,Customer Account Blocked / Frozen / Dormant,ICICI Bank,ICICI,ESCALATE_TO_HUMAN,0.5277,MEDIUM,14,0,1,3,2026-08-25T03:16:09.984797
pay_npci_01297,mer_swiggy_inst,Swiggy Instamart Partner,cust_npci_01297,Rohan Gupta,rohan.gupta85@okicici,+919857626592,354.08,INR,FAILED,IN_REVIEW,BUSINESS_DECLINE,K1,Suspected Fraud / Excessive Velocity Anomaly,ICICI Bank,ICICI,QUARANTINE_FOR_REVIEW,0.98,HIGH,11,1,0,3,2026-09-03T18:58:50.093125
pay_npci_01298,mer_kirana_net,Desi Kirana Network,cust_npci_01298,Aditi Nair,aditi.nair85@sbi,+919826096124,62984.86,INR,FAILED,PENDING,BUSINESS_DECLINE,ZM,Invalid MPIN Entered by Customer,State Bank of India,SBI,CUSTOMER_WHATSAPP_NUDGE,0.4202,MEDIUM,14,0,2,3,2026-08-11T06:37:25.551973
pay_npci_01299,mer_kirana_net,Desi Kirana Network,cust_npci_01299,Pranav Chopra,pranav.chopra10@icici,+919865712524,384.62,INR,FAILED,PENDING,BUSINESS_DECLINE,ZA,Insufficient Funds in Customer Account,ICICI Bank,ICICI,SMART_PAYMENT_LINK,0.3124,LOW,7,0,0,3,2026-08-26T12:29:59.000473
pay_npci_01300,mer_tech_bazaar,Croma TechBazaar,cust_npci_01300,Kiran Kulkarni,kiran.kulkarni52@sbi,+919894660874,50610.39,INR,FAILED,IN_REVIEW,BUSINESS_DECLINE,XH,Customer Account Blocked / Frozen / Dormant,State Bank of India,SBI,ESCALATE_TO_HUMAN,0.887,HIGH,4,0,2,3,2026-08-18T21:34:55.473019
pay_npci_01301,mer_demo_apex,Apex Retail India Ltd,cust_npci_01301,Aditi Verma,aditi.verma66@hdfcbank,+919853466635,423.75,INR,RECOVERED,RECOVERED,BUSINESS_DECLINE,ZM,Invalid MPIN Entered by Customer,HDFC Bank,HDFC,CUSTOMER_WHATSAPP_NUDGE,0.2614,LOW,6,0,1,3,2026-08-26T17:04:33.689063
pay_npci_01302,mer_tech_bazaar,Croma TechBazaar,cust_npci_01302,Pranav Chopra,pranav.chopra37@icici,+919836195092,3087.48,INR,RECOVERED,RECOVERED,TECHNICAL_DECLINE,BT,Issuer Switch Timeout During 2FA Verification,ICICI Bank,ICICI,DIRECT_GATEWAY_RETRY,0.0461,LOW,16,0,1,3,2026-08-06T15:32:59.650901
pay_npci_01303,mer_swiggy_inst,Swiggy Instamart Partner,cust_npci_01303,Zoya Banerjee,zoya.banerjee32@okicici,+919861798072,126.43,INR,FAILED,PENDING,BUSINESS_DECLINE,U19,Daily Per-Transaction or Cumulative Limit Exceeded,ICICI Bank,ICICI,SMART_PAYMENT_LINK,0.4345,MEDIUM,2,0,0,3,2026-08-29T18:04:21.082067
pay_npci_01304,mer_demo_apex,Apex Retail India Ltd,cust_npci_01304,Pranav Reddy,pranav.reddy27@hdfcbank,+919834891798,341.9,INR,RECOVERED,RECOVERED,BUSINESS_DECLINE,ZA,Insufficient Funds in Customer Account,HDFC Bank,HDFC,SMART_PAYMENT_LINK,0.3043,LOW,6,0,1,3,2026-08-18T10:37:46.681091
pay_npci_01305,mer_kirana_net,Desi Kirana Network,cust_npci_01305,Sneha Kulkarni,sneha.kulkarni35@okpnb,+919891130412,3219.1,INR,RECOVERED,RECOVERED,BUSINESS_DECLINE,ZA,Insufficient Funds in Customer Account,Punjab National Bank,PNB,SMART_PAYMENT_LINK,0.3161,LOW,9,0,1,3,2026-09-02T20:04:58.077509
pay_npci_01306,mer_tech_bazaar,Croma TechBazaar,cust_npci_01306,Sunil Nair,sunil.nair98@okaxis,+919871888856,1188.17,INR,RECOVERED,RECOVERED,BUSINESS_DECLINE,ZA,Insufficient Funds in Customer Account,Axis Bank,AXIS,SMART_PAYMENT_LINK,0.2994,LOW,15,0,1,3,2026-08-30T21:04:37.103914
pay_npci_01307,mer_demo_apex,Apex Retail India Ltd,cust_npci_01307,Sanjay Kulkarni,sanjay.kulkarni91@oksbi,+919868473361,402.02,INR,RECOVERED,RECOVERED,BUSINESS_DECLINE,ZA,Insufficient Funds in Customer Account,State Bank of India,SBI,SMART_PAYMENT_LINK,0.2637,LOW,18,0,1,3,2026-08-10T13:59:20.361702
pay_npci_01308,mer_demo_apex,Apex Retail India Ltd,cust_npci_01308,Vivek Rao,vivek.rao96@hdfcbank,+919894022987,140.47,INR,FAILED,PENDING,BUSINESS_DECLINE,XH,Customer Account Blocked / Frozen / Dormant,HDFC Bank,HDFC,ESCALATE_TO_HUMAN,0.5652,MEDIUM,8,0,2,3,2026-08-06T12:59:10.163201
pay_npci_01309,mer_swiggy_inst,Swiggy Instamart Partner,cust_npci_01309,Priya Patel,priya.patel36@sbi,+919875301739,329.51,INR,RECOVERED,RECOVERED,BUSINESS_DECLINE,ZA,Insufficient Funds in Customer Account,State Bank of India,SBI,SMART_PAYMENT_LINK,0.2991,LOW,6,0,1,3,2026-08-26T17:27:28.816140
pay_npci_01310,mer_demo_apex,Apex Retail India Ltd,cust_npci_01310,Sneha Verma,sneha.verma56@sbi,+919868588145,4068.61,INR,RECOVERED,RECOVERED,TECHNICAL_DECLINE,U69,Remitter Bank System Unavailable / Switch Error,State Bank of India,SBI,DIRECT_GATEWAY_RETRY,0.02,LOW,11,0,1,3,2026-08-14T12:12:39.980821
pay_npci_01311,mer_demo_apex,Apex Retail India Ltd,cust_npci_01311,Zoya Kumar,zoya.kumar58@icici,+919897760708,2280.4,INR,RECOVERED,RECOVERED,BUSINESS_DECLINE,ZM,Invalid MPIN Entered by Customer,ICICI Bank,ICICI,CUSTOMER_WHATSAPP_NUDGE,0.2484,LOW,6,0,1,3,2026-08-22T11:58:31.049536
pay_npci_01312,mer_demo_apex,Apex Retail India Ltd,cust_npci_01312,Kavita Reddy,kavita.reddy48@ibl,+919866874154,32786.65,INR,RECOVERED,RECOVERED,TECHNICAL_DECLINE,U69,Remitter Bank System Unavailable / Switch Error,Yes Bank / PhonePe,YESB,DIRECT_GATEWAY_RETRY,0.2417,LOW,3,0,1,3,2026-08-20T17:28:20.187912
pay_npci_01313,mer_tech_bazaar,Croma TechBazaar,cust_npci_01313,Tanvi Patel,tanvi.patel44@icici,+919842522513,305.0,INR,FAILED,PENDING,BUSINESS_DECLINE,ZA,Insufficient Funds in Customer Account,ICICI Bank,ICICI,SMART_PAYMENT_LINK,0.3136,LOW,6,0,1,3,2026-08-13T14:54:44.048019
pay_npci_01314,mer_swiggy_inst,Swiggy Instamart Partner,cust_npci_01314,Rahul Banerjee,rahul.banerjee20@paytm,+919814380583,38880.31,INR,RECOVERED,RECOVERED,TECHNICAL_DECLINE,SWITCH_DOWN,NPCI Central Switch Queue Congestion,Paytm Payments Bank,PYTM,BACKOFF_RETRY,0.3028,LOW,5,0,1,3,2026-08-09T17:08:27.358009
pay_npci_01315,mer_quick_kart,Bharat QuickCommerce,cust_npci_01315,Ananya Singh,ananya.singh90@okpnb,+919896478279,52886.42,INR,FAILED,PENDING,BUSINESS_DECLINE,ZA,Insufficient Funds in Customer Account,Punjab National Bank,PNB,SMART_PAYMENT_LINK,0.4849,MEDIUM,7,0,1,3,2026-08-23T12:15:21.232899
pay_npci_01316,mer_quick_kart,Bharat QuickCommerce,cust_npci_01316,Manish Patel,manish.patel48@oksbi,+919894913892,366.53,INR,FAILED,PENDING,BUSINESS_DECLINE,U19,Daily Per-Transaction or Cumulative Limit Exceeded,State Bank of India,SBI,SMART_PAYMENT_LINK,0.3253,LOW,12,0,2,3,2026-08-10T23:36:30.182431
pay_npci_01317,mer_demo_apex,Apex Retail India Ltd,cust_npci_01317,Kiran Banerjee,kiran.banerjee58@okpnb,+919864181697,245.75,INR,RECOVERED,RECOVERED,TECHNICAL_DECLINE,U69,Remitter Bank System Unavailable / Switch Error,Punjab National Bank,PNB,DIRECT_GATEWAY_RETRY,0.0842,LOW,2,0,1,3,2026-08-24T11:25:50.230787
pay_npci_01318,mer_swiggy_inst,Swiggy Instamart Partner,cust_npci_01318,Neha Chopra,neha.chopra87@okicici,+919867586803,269.01,INR,FAILED,IN_REVIEW,BUSINESS_DECLINE,XH,Customer Account Blocked / Frozen / Dormant,ICICI Bank,ICICI,ESCALATE_TO_HUMAN,0.98,HIGH,1,1,0,3,2026-08-15T11:18:29.810516
pay_npci_01319,mer_kirana_net,Desi Kirana Network,cust_npci_01319,Rahul Rao,rahul.rao38@barodampay,+919858504123,2085.03,INR,FAILED,PENDING,TECHNICAL_DECLINE,U69,Remitter Bank System Unavailable / Switch Error,Bank of Baroda,BOB,DIRECT_GATEWAY_RETRY,0.02,LOW,8,0,0,3,2026-08-13T18:13:10.800655
pay_npci_01320,mer_swiggy_inst,Swiggy Instamart Partner,cust_npci_01320,Kavita Sharma,kavita.sharma32@unionbank,+919882761617,4399.51,INR,RECOVERED,RECOVERED,TECHNICAL_DECLINE,U69,Remitter Bank System Unavailable / Switch Error,Union Bank of India,UBI,DIRECT_GATEWAY_RETRY,0.02,LOW,18,0,1,3,2026-08-15T18:19:27.003348
pay_npci_01321,mer_swiggy_inst,Swiggy Instamart Partner,cust_npci_01321,Neha Banerjee,neha.banerjee91@okpnb,+919888652854,479.22,INR,RECOVERED,RECOVERED,TECHNICAL_DECLINE,U69,Remitter Bank System Unavailable / Switch Error,Punjab National Bank,PNB,DIRECT_GATEWAY_RETRY,0.1255,LOW,3,0,1,3,2026-08-22T13:58:37.655700
pay_npci_01322,mer_swiggy_inst,Swiggy Instamart Partner,cust_npci_01322,Isha Singh,isha.singh22@kmbl,+919836483073,439.9,INR,RECOVERED,RECOVERED,TECHNICAL_DECLINE,BT,Issuer Switch Timeout During 2FA Verification,Kotak Mahindra Bank,KKBK,DIRECT_GATEWAY_RETRY,0.3438,LOW,16,1,1,3,2026-08-10T08:02:52.581665
pay_npci_01323,mer_swiggy_inst,Swiggy Instamart Partner,cust_npci_01323,Manish Nair,manish.nair90@okpnb,+919844900341,396.85,INR,FAILED,PENDING,BUSINESS_DECLINE,U19,Daily Per-Transaction or Cumulative Limit Exceeded,Punjab National Bank,PNB,SMART_PAYMENT_LINK,0.3081,LOW,18,0,1,3,2026-08-06T08:31:00.273529
pay_npci_01324,mer_quick_kart,Bharat QuickCommerce,cust_npci_01324,Aditi Patel,aditi.patel35@ybl,+919838602188,267.69,INR,FAILED,PENDING,BUSINESS_DECLINE,ZA,Insufficient Funds in Customer Account,Yes Bank / PhonePe,YESB,SMART_PAYMENT_LINK,0.2603,LOW,12,0,1,3,2026-08-08T00:38:35.364990
pay_npci_01325,mer_demo_apex,Apex Retail India Ltd,cust_npci_01325,Sanjay Mehta,sanjay.mehta13@okicici,+919845922053,158.8,INR,RECOVERED,RECOVERED,BUSINESS_DECLINE,ZA,Insufficient Funds in Customer Account,ICICI Bank,ICICI,SMART_PAYMENT_LINK,0.3045,LOW,16,0,1,3,2026-08-17T05:32:54.614961
pay_npci_01326,mer_kirana_net,Desi Kirana Network,cust_npci_01326,Aditi Rao,aditi.rao68@hdfcbank,+919810103062,123.6,INR,RECOVERED,RECOVERED,TECHNICAL_DECLINE,U69,Remitter Bank System Unavailable / Switch Error,HDFC Bank,HDFC,DIRECT_GATEWAY_RETRY,0.02,LOW,16,0,1,3,2026-08-06T20:23:15.005230
pay_npci_01327,mer_tech_bazaar,Croma TechBazaar,cust_npci_01327,Rohan Kumar,rohan.kumar12@hdfcbank,+919835165550,19104.95,INR,RECOVERED,RECOVERED,BUSINESS_DECLINE,ZM,Invalid MPIN Entered by Customer,HDFC Bank,HDFC,CUSTOMER_WHATSAPP_NUDGE,0.3423,LOW,3,0,1,3,2026-08-24T23:48:29.134295
pay_npci_01328,mer_demo_apex,Apex Retail India Ltd,cust_npci_01328,Tanvi Nair,tanvi.nair59@icici,+919877105865,418.39,INR,RECOVERED,RECOVERED,TECHNICAL_DECLINE,U69,Remitter Bank System Unavailable / Switch Error,ICICI Bank,ICICI,DIRECT_GATEWAY_RETRY,0.02,LOW,18,0,1,3,2026-09-02T20:57:15.068812
pay_npci_01329,mer_kirana_net,Desi Kirana Network,cust_npci_01329,Zoya Nair,zoya.nair23@kmbl,+919880442405,3959.98,INR,FAILED,PENDING,BUSINESS_DECLINE,ZA,Insufficient Funds in Customer Account,Kotak Mahindra Bank,KKBK,SMART_PAYMENT_LINK,0.4258,MEDIUM,0,0,0,3,2026-09-01T13:48:44.511209
pay_npci_01330,mer_swiggy_inst,Swiggy Instamart Partner,cust_npci_01330,Zoya Desai,zoya.desai23@icici,+919861760012,82.79,INR,FAILED,PENDING,TECHNICAL_DECLINE,U30,Beneficiary Bank Timeout After Debit (Ambiguous),ICICI Bank,ICICI,STATUS_POLL_VERIFICATION,0.2979,LOW,3,0,1,3,2026-08-31T08:39:19.595471
pay_npci_01331,mer_kirana_net,Desi Kirana Network,cust_npci_01331,Varun Rao,varun.rao91@okpnb,+919832257394,309.92,INR,FAILED,IN_REVIEW,BUSINESS_DECLINE,K1,Suspected Fraud / Excessive Velocity Anomaly,Punjab National Bank,PNB,QUARANTINE_FOR_REVIEW,0.98,HIGH,15,1,1,3,2026-09-04T17:51:44.210534
pay_npci_01332,mer_quick_kart,Bharat QuickCommerce,cust_npci_01332,Pooja Reddy,pooja.reddy36@axisbank,+919861032642,269.32,INR,FAILED,PENDING,BUSINESS_DECLINE,U19,Daily Per-Transaction or Cumulative Limit Exceeded,Axis Bank,AXIS,SMART_PAYMENT_LINK,0.4748,MEDIUM,1,0,2,3,2026-08-19T15:51:24.643590
pay_npci_01333,mer_quick_kart,Bharat QuickCommerce,cust_npci_01333,Priya Reddy,priya.reddy87@icici,+919825633952,60974.39,INR,FAILED,PENDING,BUSINESS_DECLINE,U19,Daily Per-Transaction or Cumulative Limit Exceeded,ICICI Bank,ICICI,SMART_PAYMENT_LINK,0.6541,MEDIUM,0,0,2,3,2026-09-03T23:18:12.231249
pay_npci_01334,mer_tech_bazaar,Croma TechBazaar,cust_npci_01334,Aditi Joshi,aditi.joshi24@okpnb,+919879583472,34.59,INR,RECOVERED,RECOVERED,TECHNICAL_DECLINE,U69,Remitter Bank System Unavailable / Switch Error,Punjab National Bank,PNB,DIRECT_GATEWAY_RETRY,0.02,LOW,8,0,1,3,2026-08-09T01:54:29.447908
pay_npci_01335,mer_quick_kart,Bharat QuickCommerce,cust_npci_01335,Isha Verma,isha.verma40@oksbi,+919893507705,411.61,INR,RECOVERED,RECOVERED,TECHNICAL_DECLINE,BT,Issuer Switch Timeout During 2FA Verification,State Bank of India,SBI,DIRECT_GATEWAY_RETRY,0.0579,LOW,8,0,1,3,2026-08-16T19:47:48.199681
pay_npci_01336,mer_swiggy_inst,Swiggy Instamart Partner,cust_npci_01336,Aarav Desai,aarav.desai40@okhdfcbank,+919840933635,267.39,INR,FAILED,PENDING,BUSINESS_DECLINE,U19,Daily Per-Transaction or Cumulative Limit Exceeded,HDFC Bank,HDFC,SMART_PAYMENT_LINK,0.3633,MEDIUM,18,0,0,3,2026-08-30T05:19:25.598477
pay_npci_01337,mer_demo_apex,Apex Retail India Ltd,cust_npci_01337,Ananya Sharma,ananya.sharma10@hdfcbank,+919890988964,235.2,INR,RECOVERED,RECOVERED,TECHNICAL_DECLINE,U69,Remitter Bank System Unavailable / Switch Error,HDFC Bank,HDFC,DIRECT_GATEWAY_RETRY,0.02,LOW,13,0,1,3,2026-08-12T08:36:09.867081
pay_npci_01338,mer_tech_bazaar,Croma TechBazaar,cust_npci_01338,Pranav Joshi,pranav.joshi21@okhdfcbank,+919862969911,4278.18,INR,FAILED,PENDING,BUSINESS_DECLINE,U19,Daily Per-Transaction or Cumulative Limit Exceeded,HDFC Bank,HDFC,SMART_PAYMENT_LINK,0.4883,MEDIUM,1,0,0,3,2026-08-21T12:18:57.751958
pay_npci_01339,mer_kirana_net,Desi Kirana Network,cust_npci_01339,Zoya Chopra,zoya.chopra73@barodampay,+919852616515,425.88,INR,RECOVERED,RECOVERED,BUSINESS_DECLINE,ZA,Insufficient Funds in Customer Account,Bank of Baroda,BOB,SMART_PAYMENT_LINK,0.3329,LOW,12,0,1,3,2026-08-10T20:38:43.065181
pay_npci_01340,mer_swiggy_inst,Swiggy Instamart Partner,cust_npci_01340,Sunil Patel,sunil.patel13@okaxis,+919817249532,3826.11,INR,FAILED,PENDING,BUSINESS_DECLINE,ZM,Invalid MPIN Entered by Customer,Axis Bank,AXIS,CUSTOMER_WHATSAPP_NUDGE,0.6365,MEDIUM,9,1,2,3,2026-08-11T13:10:25.405803
pay_npci_01341,mer_quick_kart,Bharat QuickCommerce,cust_npci_01341,Pranav Rao,pranav.rao27@unionbank,+919841253535,235.41,INR,RECOVERED,RECOVERED,TECHNICAL_DECLINE,U30,Beneficiary Bank Timeout After Debit (Ambiguous),Union Bank of India,UBI,STATUS_POLL_VERIFICATION,0.1705,LOW,8,0,1,3,2026-08-13T21:34:21.860647
pay_npci_01342,mer_tech_bazaar,Croma TechBazaar,cust_npci_01342,Aarav Gupta,aarav.gupta89@ibl,+919812498289,3004.81,INR,RECOVERED,RECOVERED,BUSINESS_DECLINE,ZA,Insufficient Funds in Customer Account,Yes Bank / PhonePe,YESB,SMART_PAYMENT_LINK,0.3165,LOW,12,0,1,3,2026-08-15T22:28:57.686129
pay_npci_01343,mer_swiggy_inst,Swiggy Instamart Partner,cust_npci_01343,Amit Gupta,amit.gupta85@icici,+919865416586,4225.24,INR,FAILED,PENDING,TECHNICAL_DECLINE,BT,Issuer Switch Timeout During 2FA Verification,ICICI Bank,ICICI,DIRECT_GATEWAY_RETRY,0.02,LOW,9,0,2,3,2026-08-11T07:23:21.142384
pay_npci_01344,mer_kirana_net,Desi Kirana Network,cust_npci_01344,Deepak Nair,deepak.nair51@icici,+919851177170,1866.89,INR,RECOVERED,RECOVERED,TECHNICAL_DECLINE,BT,Issuer Switch Timeout During 2FA Verification,ICICI Bank,ICICI,DIRECT_GATEWAY_RETRY,0.0359,LOW,17,0,1,3,2026-09-03T17:15:45.585493
pay_npci_01345,mer_demo_apex,Apex Retail India Ltd,cust_npci_01345,Rohan Verma,rohan.verma36@hdfcbank,+919842335496,441.86,INR,FAILED,PENDING,BUSINESS_DECLINE,XH,Customer Account Blocked / Frozen / Dormant,HDFC Bank,HDFC,ESCALATE_TO_HUMAN,0.6909,MEDIUM,4,0,0,3,2026-08-11T21:40:47.128184
pay_npci_01346,mer_demo_apex,Apex Retail India Ltd,cust_npci_01346,Varun Singh,varun.singh49@sbi,+919849781556,6513.01,INR,FAILED,PENDING,BUSINESS_DECLINE,ZA,Insufficient Funds in Customer Account,State Bank of India,SBI,SMART_PAYMENT_LINK,0.4379,MEDIUM,3,0,2,3,2026-08-31T17:10:49.888352
pay_npci_01347,mer_demo_apex,Apex Retail India Ltd,cust_npci_01347,Isha Desai,isha.desai25@sbi,+919877922249,693.6,INR,RECOVERED,RECOVERED,TECHNICAL_DECLINE,U30,Beneficiary Bank Timeout After Debit (Ambiguous),State Bank of India,SBI,STATUS_POLL_VERIFICATION,0.1727,LOW,6,0,1,3,2026-09-02T19:53:18.576358
pay_npci_01348,mer_tech_bazaar,Croma TechBazaar,cust_npci_01348,Manish Banerjee,manish.banerjee14@icici,+919857435875,260.41,INR,RECOVERED,RECOVERED,BUSINESS_DECLINE,ZM,Invalid MPIN Entered by Customer,ICICI Bank,ICICI,CUSTOMER_WHATSAPP_NUDGE,0.2277,LOW,18,0,1,3,2026-08-19T07:11:45.214782
pay_npci_01349,mer_swiggy_inst,Swiggy Instamart Partner,cust_npci_01349,Kavita Gupta,kavita.gupta52@okaxis,+919873512056,498.49,INR,RECOVERED,RECOVERED,TECHNICAL_DECLINE,U69,Remitter Bank System Unavailable / Switch Error,Axis Bank,AXIS,DIRECT_GATEWAY_RETRY,0.02,LOW,8,0,1,3,2026-08-13T09:06:02.966979
pay_npci_01350,mer_demo_apex,Apex Retail India Ltd,cust_npci_01350,Sneha Nair,sneha.nair92@sbi,+919812854143,309.17,INR,RECOVERED,RECOVERED,BUSINESS_DECLINE,U19,Daily Per-Transaction or Cumulative Limit Exceeded,State Bank of India,SBI,SMART_PAYMENT_LINK,0.3412,LOW,12,0,1,3,2026-08-22T17:10:20.877894
pay_npci_01351,mer_kirana_net,Desi Kirana Network,cust_npci_01351,Isha Kulkarni,isha.kulkarni59@okhdfcbank,+919837711850,230.56,INR,RECOVERED,RECOVERED,BUSINESS_DECLINE,ZA,Insufficient Funds in Customer Account,HDFC Bank,HDFC,SMART_PAYMENT_LINK,0.3157,LOW,11,0,1,3,2026-08-17T12:08:45.334951
pay_npci_01352,mer_kirana_net,Desi Kirana Network,cust_npci_01352,Sunil Kulkarni,sunil.kulkarni14@icici,+919844595526,363.78,INR,RECOVERED,RECOVERED,TECHNICAL_DECLINE,U69,Remitter Bank System Unavailable / Switch Error,ICICI Bank,ICICI,DIRECT_GATEWAY_RETRY,0.02,LOW,8,0,1,3,2026-08-21T15:35:38.775671
pay_npci_01353,mer_quick_kart,Bharat QuickCommerce,cust_npci_01353,Pooja Singh,pooja.singh66@paytm,+919883366457,108.22,INR,RECOVERED,RECOVERED,BUSINESS_DECLINE,ZA,Insufficient Funds in Customer Account,Paytm Payments Bank,PYTM,SMART_PAYMENT_LINK,0.3048,LOW,16,0,1,3,2026-08-07T10:29:20.984339
pay_npci_01354,mer_demo_apex,Apex Retail India Ltd,cust_npci_01354,Vikram Kumar,vikram.kumar53@barodampay,+919856532395,229.11,INR,RECOVERED,RECOVERED,BUSINESS_DECLINE,ZA,Insufficient Funds in Customer Account,Bank of Baroda,BOB,SMART_PAYMENT_LINK,0.3299,LOW,7,0,1,3,2026-08-31T17:16:25.206081
pay_npci_01355,mer_kirana_net,Desi Kirana Network,cust_npci_01355,Deepak Patel,deepak.patel44@okicici,+919887935135,467.25,INR,FAILED,IN_REVIEW,BUSINESS_DECLINE,ZA,Insufficient Funds in Customer Account,ICICI Bank,ICICI,SMART_PAYMENT_LINK,0.769,HIGH,5,1,2,3,2026-08-15T08:34:04.877047
pay_npci_01356,mer_demo_apex,Apex Retail India Ltd,cust_npci_01356,Tanvi Gupta,tanvi.gupta22@oksbi,+919854558898,3888.55,INR,FAILED,PENDING,BUSINESS_DECLINE,ZA,Insufficient Funds in Customer Account,State Bank of India,SBI,SMART_PAYMENT_LINK,0.435,MEDIUM,1,0,2,3,2026-08-10T20:49:32.140198
pay_npci_01357,mer_kirana_net,Desi Kirana Network,cust_npci_01357,Amit Rao,amit.rao24@barodampay,+919863946786,256.13,INR,FAILED,PENDING,BUSINESS_DECLINE,ZM,Invalid MPIN Entered by Customer,Bank of Baroda,BOB,CUSTOMER_WHATSAPP_NUDGE,0.2296,LOW,18,0,0,3,2026-08-10T15:21:17.903965
pay_npci_01358,mer_swiggy_inst,Swiggy Instamart Partner,cust_npci_01358,Rahul Kulkarni,rahul.kulkarni15@axisbank,+919818814568,224.6,INR,RECOVERED,RECOVERED,TECHNICAL_DECLINE,U30,Beneficiary Bank Timeout After Debit (Ambiguous),Axis Bank,AXIS,STATUS_POLL_VERIFICATION,0.2906,LOW,1,0,1,3,2026-08-19T20:34:12.514143
pay_npci_01359,mer_tech_bazaar,Croma TechBazaar,cust_npci_01359,Aarav Reddy,aarav.reddy53@okicici,+919877209346,3848.92,INR,RECOVERED,RECOVERED,BUSINESS_DECLINE,ZA,Insufficient Funds in Customer Account,ICICI Bank,ICICI,SMART_PAYMENT_LINK,0.2885,LOW,17,0,1,3,2026-08-06T19:29:38.278757
pay_npci_01360,mer_demo_apex,Apex Retail India Ltd,cust_npci_01360,Rahul Chopra,rahul.chopra75@ibl,+919884408545,319.21,INR,FAILED,PENDING,BUSINESS_DECLINE,ZM,Invalid MPIN Entered by Customer,Yes Bank / PhonePe,YESB,CUSTOMER_WHATSAPP_NUDGE,0.3979,MEDIUM,1,0,0,3,2026-08-10T15:10:25.517678
pay_npci_01361,mer_tech_bazaar,Croma TechBazaar,cust_npci_01361,Kiran Kumar,kiran.kumar53@hdfcbank,+919859771805,393.95,INR,FAILED,PENDING,BUSINESS_DECLINE,XH,Customer Account Blocked / Frozen / Dormant,HDFC Bank,HDFC,ESCALATE_TO_HUMAN,0.5799,MEDIUM,6,0,1,3,2026-08-29T13:52:41.258723
pay_npci_01362,mer_swiggy_inst,Swiggy Instamart Partner,cust_npci_01362,Gaurav Chopra,gaurav.chopra96@axisbank,+919843224221,223.04,INR,FAILED,PENDING,BUSINESS_DECLINE,ZM,Invalid MPIN Entered by Customer,Axis Bank,AXIS,CUSTOMER_WHATSAPP_NUDGE,0.378,MEDIUM,2,0,0,3,2026-08-20T23:00:51.321942
pay_npci_01363,mer_tech_bazaar,Croma TechBazaar,cust_npci_01363,Zoya Sharma,zoya.sharma57@okhdfcbank,+919867981888,191.21,INR,FAILED,PENDING,BUSINESS_DECLINE,XH,Customer Account Blocked / Frozen / Dormant,HDFC Bank,HDFC,ESCALATE_TO_HUMAN,0.5303,MEDIUM,11,0,1,3,2026-09-01T20:35:35.911190
pay_npci_01364,mer_quick_kart,Bharat QuickCommerce,cust_npci_01364,Kiran Nair,kiran.nair27@sbi,+919888136761,262.05,INR,RECOVERED,RECOVERED,TECHNICAL_DECLINE,U69,Remitter Bank System Unavailable / Switch Error,State Bank of India,SBI,DIRECT_GATEWAY_RETRY,0.02,LOW,12,0,1,3,2026-09-04T19:57:58.142568
pay_npci_01365,mer_quick_kart,Bharat QuickCommerce,cust_npci_01365,Kavita Chatterjee,kavita.chatterjee57@oksbi,+919833611664,119.33,INR,RECOVERED,RECOVERED,TECHNICAL_DECLINE,BT,Issuer Switch Timeout During 2FA Verification,State Bank of India,SBI,DIRECT_GATEWAY_RETRY,0.02,LOW,17,0,1,3,2026-08-15T16:32:48.582916
pay_npci_01366,mer_tech_bazaar,Croma TechBazaar,cust_npci_01366,Pranav Reddy,pranav.reddy80@unionbank,+919838608978,154.53,INR,RECOVERED,RECOVERED,BUSINESS_DECLINE,ZA,Insufficient Funds in Customer Account,Union Bank of India,UBI,SMART_PAYMENT_LINK,0.2997,LOW,16,0,1,3,2026-08-29T21:41:27.470986
pay_npci_01367,mer_demo_apex,Apex Retail India Ltd,cust_npci_01367,Sneha Mehta,sneha.mehta83@okicici,+919868361400,303.92,INR,RECOVERED,RECOVERED,BUSINESS_DECLINE,ZA,Insufficient Funds in Customer Account,ICICI Bank,ICICI,SMART_PAYMENT_LINK,0.3156,LOW,16,0,1,3,2026-08-11T19:18:02.031119
pay_npci_01368,mer_swiggy_inst,Swiggy Instamart Partner,cust_npci_01368,Rahul Nair,rahul.nair66@paytm,+919878567064,23.26,INR,RECOVERED,RECOVERED,BUSINESS_DECLINE,U19,Daily Per-Transaction or Cumulative Limit Exceeded,Paytm Payments Bank,PYTM,SMART_PAYMENT_LINK,0.3178,LOW,9,0,1,3,2026-09-01T10:23:40.350719
pay_npci_01369,mer_tech_bazaar,Croma TechBazaar,cust_npci_01369,Isha Reddy,isha.reddy50@oksbi,+919872733800,400.64,INR,FAILED,PENDING,BUSINESS_DECLINE,ZM,Invalid MPIN Entered by Customer,State Bank of India,SBI,CUSTOMER_WHATSAPP_NUDGE,0.3899,MEDIUM,4,0,2,3,2026-08-20T08:36:08.549059
pay_npci_01370,mer_kirana_net,Desi Kirana Network,cust_npci_01370,Isha Sharma,isha.sharma43@okhdfcbank,+919899001746,895.8,INR,RECOVERED,RECOVERED,BUSINESS_DECLINE,U19,Daily Per-Transaction or Cumulative Limit Exceeded,HDFC Bank,HDFC,SMART_PAYMENT_LINK,0.3387,LOW,10,0,1,3,2026-08-29T13:10:55.566514
pay_npci_01371,mer_demo_apex,Apex Retail India Ltd,cust_npci_01371,Varun Patel,varun.patel67@oksbi,+919868174882,4335.0,INR,RECOVERED,RECOVERED,BUSINESS_DECLINE,ZM,Invalid MPIN Entered by Customer,State Bank of India,SBI,CUSTOMER_WHATSAPP_NUDGE,0.2724,LOW,8,0,1,3,2026-08-09T10:01:22.299261
pay_npci_01372,mer_quick_kart,Bharat QuickCommerce,cust_npci_01372,Vikram Singh,vikram.singh45@kotak,+919819103547,305.35,INR,FAILED,PENDING,BUSINESS_DECLINE,ZA,Insufficient Funds in Customer Account,Kotak Mahindra Bank,KKBK,SMART_PAYMENT_LINK,0.4007,MEDIUM,0,0,2,3,2026-08-13T20:34:09.606239
pay_npci_01373,mer_quick_kart,Bharat QuickCommerce,cust_npci_01373,Rohan Desai,rohan.desai15@sbi,+919887789568,4309.42,INR,FAILED,PENDING,BUSINESS_DECLINE,ZM,Invalid MPIN Entered by Customer,State Bank of India,SBI,CUSTOMER_WHATSAPP_NUDGE,0.2225,LOW,8,0,1,3,2026-08-31T09:31:16.571195
pay_npci_01374,mer_demo_apex,Apex Retail India Ltd,cust_npci_01374,Amit Gupta,amit.gupta21@paytm,+919819876130,132.63,INR,RECOVERED,RECOVERED,TECHNICAL_DECLINE,SWITCH_DOWN,NPCI Central Switch Queue Congestion,Paytm Payments Bank,PYTM,BACKOFF_RETRY,0.02,LOW,7,0,1,3,2026-08-19T05:30:04.034074
pay_npci_01375,mer_kirana_net,Desi Kirana Network,cust_npci_01375,Pranav Singh,pranav.singh91@icici,+919854556717,8637.11,INR,FAILED,PENDING,BUSINESS_DECLINE,XH,Customer Account Blocked / Frozen / Dormant,ICICI Bank,ICICI,ESCALATE_TO_HUMAN,0.5517,MEDIUM,9,0,2,3,2026-08-21T14:55:49.913934
pay_npci_01376,mer_demo_apex,Apex Retail India Ltd,cust_npci_01376,Isha Verma,isha.verma99@kmbl,+919823268789,68.17,INR,FAILED,PENDING,BUSINESS_DECLINE,U19,Daily Per-Transaction or Cumulative Limit Exceeded,Kotak Mahindra Bank,KKBK,SMART_PAYMENT_LINK,0.3578,MEDIUM,8,0,0,3,2026-08-17T21:24:14.189191
pay_npci_01377,mer_quick_kart,Bharat QuickCommerce,cust_npci_01377,Amit Rao,amit.rao16@axisbank,+919816152885,30520.68,INR,RECOVERED,RECOVERED,TECHNICAL_DECLINE,U69,Remitter Bank System Unavailable / Switch Error,Axis Bank,AXIS,DIRECT_GATEWAY_RETRY,0.147,LOW,11,0,1,3,2026-08-28T17:12:38.544674
pay_npci_01378,mer_quick_kart,Bharat QuickCommerce,cust_npci_01378,Sanjay Patel,sanjay.patel38@okpnb,+919876640411,135.23,INR,FAILED,PENDING,TECHNICAL_DECLINE,U30,Beneficiary Bank Timeout After Debit (Ambiguous),Punjab National Bank,PNB,STATUS_POLL_VERIFICATION,0.5609,MEDIUM,16,1,2,3,2026-08-14T03:43:17.120205
pay_npci_01379,mer_demo_apex,Apex Retail India Ltd,cust_npci_01379,Isha Nair,isha.nair20@axisbank,+919873265102,4241.04,INR,RECOVERED,RECOVERED,BUSINESS_DECLINE,ZA,Insufficient Funds in Customer Account,Axis Bank,AXIS,SMART_PAYMENT_LINK,0.3197,LOW,11,0,1,3,2026-08-16T21:26:53.869554
pay_npci_01380,mer_demo_apex,Apex Retail India Ltd,cust_npci_01380,Priya Chopra,priya.chopra96@oksbi,+919873142063,12435.38,INR,RECOVERED,RECOVERED,TECHNICAL_DECLINE,U69,Remitter Bank System Unavailable / Switch Error,State Bank of India,SBI,DIRECT_GATEWAY_RETRY,0.02,LOW,18,0,1,3,2026-08-17T16:26:08.516294
pay_npci_01381,mer_demo_apex,Apex Retail India Ltd,cust_npci_01381,Sanjay Joshi,sanjay.joshi13@okaxis,+919899082778,364.14,INR,RECOVERED,RECOVERED,BUSINESS_DECLINE,ZA,Insufficient Funds in Customer Account,Axis Bank,AXIS,SMART_PAYMENT_LINK,0.3276,LOW,12,0,1,3,2026-08-09T06:47:28.508665
pay_npci_01382,mer_demo_apex,Apex Retail India Ltd,cust_npci_01382,Varun Mehta,varun.mehta47@kmbl,+919841099889,6393.81,INR,FAILED,IN_REVIEW,BUSINESS_DECLINE,K1,Suspected Fraud / Excessive Velocity Anomaly,Kotak Mahindra Bank,KKBK,QUARANTINE_FOR_REVIEW,0.98,HIGH,8,1,1,3,2026-08-15T14:07:46.491018
pay_npci_01383,mer_demo_apex,Apex Retail India Ltd,cust_npci_01383,Sneha Mehta,sneha.mehta14@barodampay,+919831995803,2286.16,INR,FAILED,PENDING,BUSINESS_DECLINE,ZA,Insufficient Funds in Customer Account,Bank of Baroda,BOB,SMART_PAYMENT_LINK,0.4513,MEDIUM,0,0,2,3,2026-08-29T19:17:54.902330
pay_npci_01384,mer_tech_bazaar,Croma TechBazaar,cust_npci_01384,Rahul Mehta,rahul.mehta57@oksbi,+919884673823,27178.39,INR,FAILED,PENDING,BUSINESS_DECLINE,ZM,Invalid MPIN Entered by Customer,State Bank of India,SBI,CUSTOMER_WHATSAPP_NUDGE,0.4505,MEDIUM,8,0,2,3,2026-08-17T12:25:57.836730
pay_npci_01385,mer_kirana_net,Desi Kirana Network,cust_npci_01385,Varun Reddy,varun.reddy83@okicici,+919892739036,146.5,INR,RECOVERED,RECOVERED,TECHNICAL_DECLINE,U69,Remitter Bank System Unavailable / Switch Error,ICICI Bank,ICICI,DIRECT_GATEWAY_RETRY,0.1114,LOW,0,0,1,3,2026-09-04T13:41:13.630872
pay_npci_01386,mer_tech_bazaar,Croma TechBazaar,cust_npci_01386,Pranav Patel,pranav.patel11@okpnb,+919863436499,106.75,INR,RECOVERED,RECOVERED,TECHNICAL_DECLINE,U69,Remitter Bank System Unavailable / Switch Error,Punjab National Bank,PNB,DIRECT_GATEWAY_RETRY,0.02,LOW,6,0,1,3,2026-08-27T13:32:14.344520
pay_npci_01387,mer_kirana_net,Desi Kirana Network,cust_npci_01387,Varun Gupta,varun.gupta75@sbi,+919850799238,486.61,INR,RECOVERED,RECOVERED,BUSINESS_DECLINE,ZA,Insufficient Funds in Customer Account,State Bank of India,SBI,SMART_PAYMENT_LINK,0.3233,LOW,8,0,1,3,2026-08-06T14:42:42.850631
pay_npci_01388,mer_swiggy_inst,Swiggy Instamart Partner,cust_npci_01388,Sanjay Sharma,sanjay.sharma32@icici,+919856486967,1060.02,INR,RECOVERED,RECOVERED,TECHNICAL_DECLINE,BT,Issuer Switch Timeout During 2FA Verification,ICICI Bank,ICICI,DIRECT_GATEWAY_RETRY,0.0445,LOW,6,0,1,3,2026-08-30T13:13:49.938521
pay_npci_01389,mer_swiggy_inst,Swiggy Instamart Partner,cust_npci_01389,Gaurav Verma,gaurav.verma58@sbi,+919892106607,124.24,INR,FAILED,PENDING,BUSINESS_DECLINE,XH,Customer Account Blocked / Frozen / Dormant,State Bank of India,SBI,ESCALATE_TO_HUMAN,0.5271,MEDIUM,10,0,2,3,2026-08-18T11:25:56.812039
pay_npci_01390,mer_tech_bazaar,Croma TechBazaar,cust_npci_01390,Rahul Banerjee,rahul.banerjee23@okhdfcbank,+919810935996,154.39,INR,RECOVERED,RECOVERED,TECHNICAL_DECLINE,U69,Remitter Bank System Unavailable / Switch Error,HDFC Bank,HDFC,DIRECT_GATEWAY_RETRY,0.02,LOW,16,0,1,3,2026-08-26T12:39:29.191957
pay_npci_01391,mer_kirana_net,Desi Kirana Network,cust_npci_01391,Amit Kulkarni,amit.kulkarni85@kmbl,+919831467123,4676.65,INR,FAILED,PENDING,BUSINESS_DECLINE,ZM,Invalid MPIN Entered by Customer,Kotak Mahindra Bank,KKBK,CUSTOMER_WHATSAPP_NUDGE,0.411,MEDIUM,4,0,0,3,2026-08-22T22:07:23.855693
pay_npci_01392,mer_quick_kart,Bharat QuickCommerce,cust_npci_01392,Rahul Mehta,rahul.mehta13@paytm,+919815268069,197.32,INR,RECOVERED,RECOVERED,TECHNICAL_DECLINE,BT,Issuer Switch Timeout During 2FA Verification,Paytm Payments Bank,PYTM,DIRECT_GATEWAY_RETRY,0.02,LOW,7,0,1,3,2026-08-10T21:11:28.101499
pay_npci_01393,mer_demo_apex,Apex Retail India Ltd,cust_npci_01393,Priya Chopra,priya.chopra14@paytm,+919823322516,2992.61,INR,FAILED,PENDING,BUSINESS_DECLINE,XH,Customer Account Blocked / Frozen / Dormant,Paytm Payments Bank,PYTM,ESCALATE_TO_HUMAN,0.5534,MEDIUM,9,0,1,3,2026-09-03T11:03:29.731666
pay_npci_01394,mer_swiggy_inst,Swiggy Instamart Partner,cust_npci_01394,Aditi Mehta,aditi.mehta14@ibl,+919867081322,3157.91,INR,RECOVERED,RECOVERED,BUSINESS_DECLINE,ZM,Invalid MPIN Entered by Customer,Yes Bank / PhonePe,YESB,CUSTOMER_WHATSAPP_NUDGE,0.2905,LOW,9,0,1,3,2026-08-21T15:02:37.001761
pay_npci_01395,mer_swiggy_inst,Swiggy Instamart Partner,cust_npci_01395,Tanvi Verma,tanvi.verma68@okicici,+919898192919,229.9,INR,RECOVERED,RECOVERED,BUSINESS_DECLINE,ZM,Invalid MPIN Entered by Customer,ICICI Bank,ICICI,CUSTOMER_WHATSAPP_NUDGE,0.2798,LOW,17,0,1,3,2026-09-01T11:03:55.006438
pay_npci_01396,mer_tech_bazaar,Croma TechBazaar,cust_npci_01396,Manish Mehta,manish.mehta19@okicici,+919880379566,98.71,INR,RECOVERED,RECOVERED,BUSINESS_DECLINE,ZA,Insufficient Funds in Customer Account,ICICI Bank,ICICI,SMART_PAYMENT_LINK,0.279,LOW,18,0,1,3,2026-08-26T18:12:44.527656
pay_npci_01397,mer_demo_apex,Apex Retail India Ltd,cust_npci_01397,Varun Kulkarni,varun.kulkarni67@paytm,+919863840647,179.99,INR,RECOVERED,RECOVERED,TECHNICAL_DECLINE,SWITCH_DOWN,NPCI Central Switch Queue Congestion,Paytm Payments Bank,PYTM,BACKOFF_RETRY,0.0275,LOW,16,0,1,3,2026-08-30T14:12:40.120690
pay_npci_01398,mer_kirana_net,Desi Kirana Network,cust_npci_01398,Aditi Chopra,aditi.chopra50@barodampay,+919890118942,451.01,INR,RECOVERED,RECOVERED,BUSINESS_DECLINE,ZM,Invalid MPIN Entered by Customer,Bank of Baroda,BOB,CUSTOMER_WHATSAPP_NUDGE,0.2922,LOW,18,0,1,3,2026-08-08T19:20:27.214939
pay_npci_01399,mer_demo_apex,Apex Retail India Ltd,cust_npci_01399,Priya Gupta,priya.gupta53@oksbi,+919865355791,48.59,INR,RECOVERED,RECOVERED,TECHNICAL_DECLINE,SWITCH_DOWN,NPCI Central Switch Queue Congestion,State Bank of India,SBI,BACKOFF_RETRY,0.02,LOW,12,0,1,3,2026-08-18T12:34:50.975026
pay_npci_01400,mer_quick_kart,Bharat QuickCommerce,cust_npci_01400,Vivek Kulkarni,vivek.kulkarni47@oksbi,+919829396972,241.16,INR,RECOVERED,RECOVERED,BUSINESS_DECLINE,ZA,Insufficient Funds in Customer Account,State Bank of India,SBI,SMART_PAYMENT_LINK,0.3187,LOW,12,0,1,3,2026-08-11T17:33:02.948866
pay_npci_01401,mer_tech_bazaar,Croma TechBazaar,cust_npci_01401,Sneha Chopra,sneha.chopra27@ybl,+919827042921,290.5,INR,FAILED,PENDING,BUSINESS_DECLINE,ZA,Insufficient Funds in Customer Account,Yes Bank / PhonePe,YESB,SMART_PAYMENT_LINK,0.4355,MEDIUM,2,0,0,3,2026-08-30T14:25:26.721265
pay_npci_01402,mer_swiggy_inst,Swiggy Instamart Partner,cust_npci_01402,Sanjay Joshi,sanjay.joshi56@ybl,+919830363690,605.51,INR,FAILED,PENDING,BUSINESS_DECLINE,ZA,Insufficient Funds in Customer Account,Yes Bank / PhonePe,YESB,SMART_PAYMENT_LINK,0.2639,LOW,17,0,1,3,2026-08-08T13:15:37.493600
pay_npci_01403,mer_kirana_net,Desi Kirana Network,cust_npci_01403,Rohan Nair,rohan.nair87@unionbank,+919832180102,72.06,INR,FAILED,PENDING,BUSINESS_DECLINE,ZM,Invalid MPIN Entered by Customer,Union Bank of India,UBI,CUSTOMER_WHATSAPP_NUDGE,0.3889,MEDIUM,2,0,0,3,2026-08-07T23:18:53.342333
pay_npci_01404,mer_demo_apex,Apex Retail India Ltd,cust_npci_01404,Aarav Singh,aarav.singh92@sbi,+919867297252,228.64,INR,RECOVERED,RECOVERED,TECHNICAL_DECLINE,SWITCH_DOWN,NPCI Central Switch Queue Congestion,State Bank of India,SBI,BACKOFF_RETRY,0.0273,LOW,11,0,1,3,2026-08-29T06:03:40.746606
pay_npci_01405,mer_tech_bazaar,Croma TechBazaar,cust_npci_01405,Amit Sharma,amit.sharma67@okhdfcbank,+919828243394,1492.26,INR,FAILED,PENDING,BUSINESS_DECLINE,ZA,Insufficient Funds in Customer Account,HDFC Bank,HDFC,SMART_PAYMENT_LINK,0.4125,MEDIUM,5,0,0,3,2026-08-21T09:47:33.289871
pay_npci_01406,mer_tech_bazaar,Croma TechBazaar,cust_npci_01406,Sanjay Nair,sanjay.nair16@oksbi,+919812141846,289.22,INR,RECOVERED,RECOVERED,TECHNICAL_DECLINE,BT,Issuer Switch Timeout During 2FA Verification,State Bank of India,SBI,DIRECT_GATEWAY_RETRY,0.02,LOW,18,0,1,3,2026-09-03T10:28:48.474343
pay_npci_01407,mer_demo_apex,Apex Retail India Ltd,cust_npci_01407,Sanjay Desai,sanjay.desai74@okhdfcbank,+919882299590,296.15,INR,FAILED,PENDING,BUSINESS_DECLINE,ZA,Insufficient Funds in Customer Account,HDFC Bank,HDFC,SMART_PAYMENT_LINK,0.2695,LOW,14,0,1,3,2026-08-13T12:44:37.549963
pay_npci_01408,mer_kirana_net,Desi Kirana Network,cust_npci_01408,Sunil Nair,sunil.nair10@barodampay,+919840655580,1418.36,INR,RECOVERED,RECOVERED,BUSINESS_DECLINE,ZM,Invalid MPIN Entered by Customer,Bank of Baroda,BOB,CUSTOMER_WHATSAPP_NUDGE,0.2909,LOW,11,0,1,3,2026-08-12T15:03:35.446878
pay_npci_01409,mer_swiggy_inst,Swiggy Instamart Partner,cust_npci_01409,Aarav Kumar,aarav.kumar50@ibl,+919864217655,275.41,INR,RECOVERED,RECOVERED,BUSINESS_DECLINE,ZA,Insufficient Funds in Customer Account,Yes Bank / PhonePe,YESB,SMART_PAYMENT_LINK,0.3112,LOW,11,0,1,3,2026-08-18T05:10:45.054443
pay_npci_01410,mer_quick_kart,Bharat QuickCommerce,cust_npci_01410,Rahul Nair,rahul.nair59@sbi,+919845626835,2989.74,INR,RECOVERED,RECOVERED,BUSINESS_DECLINE,ZA,Insufficient Funds in Customer Account,State Bank of India,SBI,SMART_PAYMENT_LINK,0.3339,LOW,16,0,1,3,2026-08-14T07:11:33.791063
pay_npci_01411,mer_tech_bazaar,Croma TechBazaar,cust_npci_01411,Isha Joshi,isha.joshi24@okhdfcbank,+919833067727,1673.79,INR,FAILED,IN_REVIEW,BUSINESS_DECLINE,K1,Suspected Fraud / Excessive Velocity Anomaly,HDFC Bank,HDFC,QUARANTINE_FOR_REVIEW,0.98,HIGH,4,1,0,3,2026-08-23T09:23:38.193061
pay_npci_01412,mer_tech_bazaar,Croma TechBazaar,cust_npci_01412,Manish Patel,manish.patel54@sbi,+919840975689,112.87,INR,FAILED,PENDING,BUSINESS_DECLINE,ZA,Insufficient Funds in Customer Account,State Bank of India,SBI,SMART_PAYMENT_LINK,0.4244,MEDIUM,3,0,1,3,2026-08-29T18:24:30.270168
pay_npci_01413,mer_swiggy_inst,Swiggy Instamart Partner,cust_npci_01413,Priya Reddy,priya.reddy44@okicici,+919873859505,4267.92,INR,RECOVERED,RECOVERED,TECHNICAL_DECLINE,BT,Issuer Switch Timeout During 2FA Verification,ICICI Bank,ICICI,DIRECT_GATEWAY_RETRY,0.043,LOW,15,0,1,3,2026-08-13T13:49:34.615340
pay_npci_01414,mer_tech_bazaar,Croma TechBazaar,cust_npci_01414,Manish Singh,manish.singh37@sbi,+919885742205,14748.43,INR,RECOVERED,RECOVERED,BUSINESS_DECLINE,ZA,Insufficient Funds in Customer Account,State Bank of India,SBI,SMART_PAYMENT_LINK,0.3321,LOW,14,0,1,3,2026-08-08T20:12:08.695507
pay_npci_01415,mer_kirana_net,Desi Kirana Network,cust_npci_01415,Gaurav Desai,gaurav.desai33@axisbank,+919820133017,4127.45,INR,FAILED,PENDING,BUSINESS_DECLINE,U19,Daily Per-Transaction or Cumulative Limit Exceeded,Axis Bank,AXIS,SMART_PAYMENT_LINK,0.4448,MEDIUM,5,0,0,3,2026-08-24T13:35:36.394644
pay_npci_01416,mer_tech_bazaar,Croma TechBazaar,cust_npci_01416,Vikram Banerjee,vikram.banerjee86@ybl,+919819147036,37.06,INR,RECOVERED,RECOVERED,BUSINESS_DECLINE,ZA,Insufficient Funds in Customer Account,Yes Bank / PhonePe,YESB,SMART_PAYMENT_LINK,0.3126,LOW,15,0,1,3,2026-09-04T13:56:48.605007
pay_npci_01417,mer_demo_apex,Apex Retail India Ltd,cust_npci_01417,Sunil Joshi,sunil.joshi40@barodampay,+919863415808,261.84,INR,RECOVERED,RECOVERED,BUSINESS_DECLINE,ZM,Invalid MPIN Entered by Customer,Bank of Baroda,BOB,CUSTOMER_WHATSAPP_NUDGE,0.3463,LOW,0,0,1,3,2026-09-04T07:07:43.878612
pay_npci_01418,mer_tech_bazaar,Croma TechBazaar,cust_npci_01418,Priya Singh,priya.singh79@hdfcbank,+919887533412,107.78,INR,FAILED,PENDING,BUSINESS_DECLINE,ZM,Invalid MPIN Entered by Customer,HDFC Bank,HDFC,CUSTOMER_WHATSAPP_NUDGE,0.3729,MEDIUM,0,0,2,3,2026-08-28T21:57:23.434696
pay_npci_01419,mer_demo_apex,Apex Retail India Ltd,cust_npci_01419,Kavita Desai,kavita.desai45@paytm,+919894262025,321.46,INR,FAILED,PENDING,BUSINESS_DECLINE,ZM,Invalid MPIN Entered by Customer,Paytm Payments Bank,PYTM,CUSTOMER_WHATSAPP_NUDGE,0.4011,MEDIUM,5,0,2,3,2026-08-28T08:29:50.042351
pay_npci_01420,mer_quick_kart,Bharat QuickCommerce,cust_npci_01420,Rahul Rao,rahul.rao37@unionbank,+919854794176,144.71,INR,FAILED,PENDING,BUSINESS_DECLINE,ZA,Insufficient Funds in Customer Account,Union Bank of India,UBI,SMART_PAYMENT_LINK,0.3833,MEDIUM,1,0,2,3,2026-08-10T12:51:04.051345
pay_npci_01421,mer_demo_apex,Apex Retail India Ltd,cust_npci_01421,Tanvi Mehta,tanvi.mehta19@okhdfcbank,+919846486253,52.02,INR,FAILED,PENDING,BUSINESS_DECLINE,ZA,Insufficient Funds in Customer Account,HDFC Bank,HDFC,SMART_PAYMENT_LINK,0.4354,MEDIUM,3,0,2,3,2026-08-28T09:03:11.456223
pay_npci_01422,mer_tech_bazaar,Croma TechBazaar,cust_npci_01422,Rohan Chatterjee,rohan.chatterjee34@okhdfcbank,+919814682323,48658.21,INR,FAILED,PENDING,BUSINESS_DECLINE,ZA,Insufficient Funds in Customer Account,HDFC Bank,HDFC,SMART_PAYMENT_LINK,0.6154,MEDIUM,4,0,2,3,2026-08-25T13:44:23.769900
pay_npci_01423,mer_demo_apex,Apex Retail India Ltd,cust_npci_01423,Zoya Rao,zoya.rao40@kmbl,+919833384551,482.37,INR,RECOVERED,RECOVERED,TECHNICAL_DECLINE,U69,Remitter Bank System Unavailable / Switch Error,Kotak Mahindra Bank,KKBK,DIRECT_GATEWAY_RETRY,0.02,LOW,10,0,1,3,2026-08-16T15:45:42.944336
pay_npci_01424,mer_demo_apex,Apex Retail India Ltd,cust_npci_01424,Varun Singh,varun.singh99@oksbi,+919824330396,343.31,INR,RECOVERED,RECOVERED,TECHNICAL_DECLINE,U69,Remitter Bank System Unavailable / Switch Error,State Bank of India,SBI,DIRECT_GATEWAY_RETRY,0.02,LOW,10,0,1,3,2026-08-25T21:22:31.938186
pay_npci_01425,mer_tech_bazaar,Croma TechBazaar,cust_npci_01425,Kiran Desai,kiran.desai17@oksbi,+919866365621,332.71,INR,RECOVERED,RECOVERED,TECHNICAL_DECLINE,U30,Beneficiary Bank Timeout After Debit (Ambiguous),State Bank of India,SBI,STATUS_POLL_VERIFICATION,0.3319,LOW,1,0,1,3,2026-08-26T18:30:13.071654
pay_npci_01426,mer_swiggy_inst,Swiggy Instamart Partner,cust_npci_01426,Aarav Gupta,aarav.gupta70@barodampay,+919836555242,3391.47,INR,FAILED,PENDING,BUSINESS_DECLINE,XH,Customer Account Blocked / Frozen / Dormant,Bank of Baroda,BOB,ESCALATE_TO_HUMAN,0.5433,MEDIUM,9,0,1,3,2026-08-17T07:13:32.508075
pay_npci_01427,mer_quick_kart,Bharat QuickCommerce,cust_npci_01427,Isha Sharma,isha.sharma62@kotak,+919891355703,162.13,INR,RECOVERED,RECOVERED,BUSINESS_DECLINE,ZA,Insufficient Funds in Customer Account,Kotak Mahindra Bank,KKBK,SMART_PAYMENT_LINK,0.2809,LOW,15,0,1,3,2026-08-28T20:52:30.377624
pay_npci_01428,mer_demo_apex,Apex Retail India Ltd,cust_npci_01428,Tanvi Chopra,tanvi.chopra62@barodampay,+919813860847,336.05,INR,RECOVERED,RECOVERED,BUSINESS_DECLINE,ZA,Insufficient Funds in Customer Account,Bank of Baroda,BOB,SMART_PAYMENT_LINK,0.2866,LOW,6,0,1,3,2026-08-25T20:59:08.274123
pay_npci_01429,mer_kirana_net,Desi Kirana Network,cust_npci_01429,Aditi Kulkarni,aditi.kulkarni46@barodampay,+919824131765,435.03,INR,RECOVERED,RECOVERED,BUSINESS_DECLINE,ZM,Invalid MPIN Entered by Customer,Bank of Baroda,BOB,CUSTOMER_WHATSAPP_NUDGE,0.2782,LOW,17,0,1,3,2026-08-27T10:14:54.774826
pay_npci_01430,mer_swiggy_inst,Swiggy Instamart Partner,cust_npci_01430,Vivek Verma,vivek.verma11@kotak,+919824997498,194.33,INR,RECOVERED,RECOVERED,BUSINESS_DECLINE,ZM,Invalid MPIN Entered by Customer,Kotak Mahindra Bank,KKBK,CUSTOMER_WHATSAPP_NUDGE,0.2494,LOW,17,0,1,3,2026-09-01T16:28:41.213550
pay_npci_01431,mer_tech_bazaar,Croma TechBazaar,cust_npci_01431,Gaurav Kulkarni,gaurav.kulkarni79@unionbank,+919872819987,1304.38,INR,RECOVERED,RECOVERED,TECHNICAL_DECLINE,U69,Remitter Bank System Unavailable / Switch Error,Union Bank of India,UBI,DIRECT_GATEWAY_RETRY,0.02,LOW,17,0,1,3,2026-08-09T19:13:22.590069
pay_npci_01432,mer_demo_apex,Apex Retail India Ltd,cust_npci_01432,Vikram Chopra,vikram.chopra78@axisbank,+919882200088,102.24,INR,RECOVERED,RECOVERED,TECHNICAL_DECLINE,BT,Issuer Switch Timeout During 2FA Verification,Axis Bank,AXIS,DIRECT_GATEWAY_RETRY,0.02,LOW,11,0,1,3,2026-08-24T06:54:31.308372
pay_npci_01433,mer_kirana_net,Desi Kirana Network,cust_npci_01433,Gaurav Sharma,gaurav.sharma29@okicici,+919861965350,39800.9,INR,RECOVERED,RECOVERED,TECHNICAL_DECLINE,U69,Remitter Bank System Unavailable / Switch Error,ICICI Bank,ICICI,DIRECT_GATEWAY_RETRY,0.2502,LOW,3,0,1,3,2026-08-23T21:02:24.295744
pay_npci_01434,mer_kirana_net,Desi Kirana Network,cust_npci_01434,Rahul Singh,rahul.singh86@okaxis,+919847016406,455.08,INR,FAILED,PENDING,BUSINESS_DECLINE,XH,Customer Account Blocked / Frozen / Dormant,Axis Bank,AXIS,ESCALATE_TO_HUMAN,0.5299,MEDIUM,18,0,0,3,2026-08-09T05:42:56.550561
pay_npci_01435,mer_kirana_net,Desi Kirana Network,cust_npci_01435,Sneha Chatterjee,sneha.chatterjee77@kmbl,+919857374744,16733.54,INR,RECOVERED,RECOVERED,TECHNICAL_DECLINE,U69,Remitter Bank System Unavailable / Switch Error,Kotak Mahindra Bank,KKBK,DIRECT_GATEWAY_RETRY,0.1321,LOW,2,0,1,3,2026-08-13T11:22:04.456690
pay_npci_01436,mer_quick_kart,Bharat QuickCommerce,cust_npci_01436,Pooja Desai,pooja.desai77@sbi,+919869259619,232.03,INR,RECOVERED,RECOVERED,TECHNICAL_DECLINE,U30,Beneficiary Bank Timeout After Debit (Ambiguous),State Bank of India,SBI,STATUS_POLL_VERIFICATION,0.1977,LOW,11,0,1,3,2026-08-31T11:23:27.624789
pay_npci_01437,mer_kirana_net,Desi Kirana Network,cust_npci_01437,Neha Singh,neha.singh86@sbi,+919874930338,2525.09,INR,FAILED,PENDING,BUSINESS_DECLINE,ZA,Insufficient Funds in Customer Account,State Bank of India,SBI,SMART_PAYMENT_LINK,0.2775,LOW,9,0,0,3,2026-08-25T18:45:53.619311
pay_npci_01438,mer_swiggy_inst,Swiggy Instamart Partner,cust_npci_01438,Kavita Reddy,kavita.reddy18@ibl,+919889051103,283.72,INR,FAILED,PENDING,BUSINESS_DECLINE,ZA,Insufficient Funds in Customer Account,Yes Bank / PhonePe,YESB,SMART_PAYMENT_LINK,0.3993,MEDIUM,1,0,1,3,2026-08-23T19:02:53.414617
pay_npci_01439,mer_swiggy_inst,Swiggy Instamart Partner,cust_npci_01439,Zoya Chatterjee,zoya.chatterjee49@icici,+919818555316,170.32,INR,RECOVERED,RECOVERED,TECHNICAL_DECLINE,BT,Issuer Switch Timeout During 2FA Verification,ICICI Bank,ICICI,DIRECT_GATEWAY_RETRY,0.02,LOW,10,0,1,3,2026-09-01T12:47:59.564260
pay_npci_01440,mer_demo_apex,Apex Retail India Ltd,cust_npci_01440,Ananya Banerjee,ananya.banerjee46@okaxis,+919828792847,2218.7,INR,RECOVERED,RECOVERED,BUSINESS_DECLINE,U19,Daily Per-Transaction or Cumulative Limit Exceeded,Axis Bank,AXIS,SMART_PAYMENT_LINK,0.3283,LOW,7,0,1,3,2026-08-29T14:15:28.893822
pay_npci_01441,mer_kirana_net,Desi Kirana Network,cust_npci_01441,Vikram Singh,vikram.singh51@paytm,+919847891935,20049.97,INR,RECOVERED,RECOVERED,BUSINESS_DECLINE,ZA,Insufficient Funds in Customer Account,Paytm Payments Bank,PYTM,SMART_PAYMENT_LINK,0.2742,LOW,13,0,1,3,2026-08-18T18:53:41.301989
pay_npci_01442,mer_quick_kart,Bharat QuickCommerce,cust_npci_01442,Kavita Mehta,kavita.mehta87@kmbl,+919840543605,355.51,INR,RECOVERED,RECOVERED,TECHNICAL_DECLINE,U30,Beneficiary Bank Timeout After Debit (Ambiguous),Kotak Mahindra Bank,KKBK,STATUS_POLL_VERIFICATION,0.2642,LOW,3,0,1,3,2026-09-04T18:37:38.316744
pay_npci_01443,mer_swiggy_inst,Swiggy Instamart Partner,cust_npci_01443,Neha Kulkarni,neha.kulkarni61@sbi,+919810442859,1728.89,INR,FAILED,PENDING,BUSINESS_DECLINE,XH,Customer Account Blocked / Frozen / Dormant,State Bank of India,SBI,ESCALATE_TO_HUMAN,0.5789,MEDIUM,9,0,1,3,2026-08-10T05:33:44.999545
pay_npci_01444,mer_swiggy_inst,Swiggy Instamart Partner,cust_npci_01444,Tanvi Reddy,tanvi.reddy52@kotak,+919830841002,4387.35,INR,FAILED,IN_REVIEW,BUSINESS_DECLINE,ZM,Invalid MPIN Entered by Customer,Kotak Mahindra Bank,KKBK,CUSTOMER_WHATSAPP_NUDGE,0.76,HIGH,0,1,2,3,2026-08-31T22:36:43.298090
pay_npci_01445,mer_kirana_net,Desi Kirana Network,cust_npci_01445,Aarav Nair,aarav.nair86@unionbank,+919866616991,346.29,INR,RECOVERED,RECOVERED,BUSINESS_DECLINE,ZM,Invalid MPIN Entered by Customer,Union Bank of India,UBI,CUSTOMER_WHATSAPP_NUDGE,0.2238,LOW,7,0,1,3,2026-08-08T11:15:14.131105
pay_npci_01446,mer_quick_kart,Bharat QuickCommerce,cust_npci_01446,Tanvi Nair,tanvi.nair19@okaxis,+919884078193,46958.69,INR,FAILED,PENDING,BUSINESS_DECLINE,ZA,Insufficient Funds in Customer Account,Axis Bank,AXIS,SMART_PAYMENT_LINK,0.4745,MEDIUM,7,0,1,3,2026-08-13T11:15:15.882596
pay_npci_01447,mer_swiggy_inst,Swiggy Instamart Partner,cust_npci_01447,Ananya Mehta,ananya.mehta48@sbi,+919884011170,264.71,INR,RECOVERED,RECOVERED,TECHNICAL_DECLINE,U69,Remitter Bank System Unavailable / Switch Error,State Bank of India,SBI,DIRECT_GATEWAY_RETRY,0.02,LOW,15,0,1,3,2026-08-13T17:25:23.318023
pay_npci_01448,mer_kirana_net,Desi Kirana Network,cust_npci_01448,Aarav Banerjee,aarav.banerjee57@paytm,+919843012705,4083.8,INR,RECOVERED,RECOVERED,TECHNICAL_DECLINE,U69,Remitter Bank System Unavailable / Switch Error,Paytm Payments Bank,PYTM,DIRECT_GATEWAY_RETRY,0.0747,LOW,3,0,1,3,2026-08-10T18:27:03.457317
pay_npci_01449,mer_kirana_net,Desi Kirana Network,cust_npci_01449,Kiran Kumar,kiran.kumar29@sbi,+919885461437,2760.75,INR,FAILED,PENDING,BUSINESS_DECLINE,ZM,Invalid MPIN Entered by Customer,State Bank of India,SBI,CUSTOMER_WHATSAPP_NUDGE,0.4045,MEDIUM,4,0,0,3,2026-08-28T10:50:36.893490
pay_npci_01450,mer_kirana_net,Desi Kirana Network,cust_npci_01450,Deepak Joshi,deepak.joshi21@hdfcbank,+919815765666,774.85,INR,RECOVERED,RECOVERED,TECHNICAL_DECLINE,BT,Issuer Switch Timeout During 2FA Verification,HDFC Bank,HDFC,DIRECT_GATEWAY_RETRY,0.02,LOW,6,0,1,3,2026-09-03T11:17:32.986965
pay_npci_01451,mer_tech_bazaar,Croma TechBazaar,cust_npci_01451,Kavita Rao,kavita.rao48@hdfcbank,+919847623454,269.45,INR,FAILED,PENDING,BUSINESS_DECLINE,ZA,Insufficient Funds in Customer Account,HDFC Bank,HDFC,SMART_PAYMENT_LINK,0.334,LOW,9,0,1,3,2026-08-20T15:34:07.073796
pay_npci_01452,mer_kirana_net,Desi Kirana Network,cust_npci_01452,Zoya Reddy,zoya.reddy40@barodampay,+919864135445,28745.11,INR,FAILED,PENDING,TECHNICAL_DECLINE,SWITCH_DOWN,NPCI Central Switch Queue Congestion,Bank of Baroda,BOB,BACKOFF_RETRY,0.2132,LOW,10,0,0,3,2026-08-20T16:35:34.883925
pay_npci_01453,mer_demo_apex,Apex Retail India Ltd,cust_npci_01453,Sanjay Patel,sanjay.patel48@icici,+919850022890,157.56,INR,RECOVERED,RECOVERED,TECHNICAL_DECLINE,U69,Remitter Bank System Unavailable / Switch Error,ICICI Bank,ICICI,DIRECT_GATEWAY_RETRY,0.1176,LOW,4,0,1,3,2026-09-02T10:07:56.164686
pay_npci_01454,mer_tech_bazaar,Croma TechBazaar,cust_npci_01454,Aarav Banerjee,aarav.banerjee52@okhdfcbank,+919898466406,4663.98,INR,FAILED,PENDING,TECHNICAL_DECLINE,U69,Remitter Bank System Unavailable / Switch Error,HDFC Bank,HDFC,DIRECT_GATEWAY_RETRY,0.02,LOW,9,0,0,3,2026-08-16T10:48:23.608615
pay_npci_01455,mer_kirana_net,Desi Kirana Network,cust_npci_01455,Gaurav Chopra,gaurav.chopra27@okaxis,+919831139085,338.35,INR,FAILED,PENDING,BUSINESS_DECLINE,ZA,Insufficient Funds in Customer Account,Axis Bank,AXIS,SMART_PAYMENT_LINK,0.4443,MEDIUM,1,0,1,3,2026-08-21T09:11:26.893408
pay_npci_01456,mer_swiggy_inst,Swiggy Instamart Partner,cust_npci_01456,Tanvi Nair,tanvi.nair73@barodampay,+919878524253,372.53,INR,FAILED,PENDING,BUSINESS_DECLINE,ZA,Insufficient Funds in Customer Account,Bank of Baroda,BOB,SMART_PAYMENT_LINK,0.423,MEDIUM,0,0,1,3,2026-08-07T11:57:14.005018
pay_npci_01457,mer_quick_kart,Bharat QuickCommerce,cust_npci_01457,Gaurav Gupta,gaurav.gupta74@icici,+919837201318,271.96,INR,FAILED,PENDING,BUSINESS_DECLINE,ZM,Invalid MPIN Entered by Customer,ICICI Bank,ICICI,CUSTOMER_WHATSAPP_NUDGE,0.3618,MEDIUM,2,0,2,3,2026-08-08T11:56:59.505318
pay_npci_01458,mer_kirana_net,Desi Kirana Network,cust_npci_01458,Pranav Mehta,pranav.mehta61@ybl,+919823068319,372.82,INR,FAILED,PENDING,TECHNICAL_DECLINE,SWITCH_DOWN,NPCI Central Switch Queue Congestion,Yes Bank / PhonePe,YESB,BACKOFF_RETRY,0.02,LOW,8,0,0,3,2026-08-10T23:16:35.106222
pay_npci_01459,mer_quick_kart,Bharat QuickCommerce,cust_npci_01459,Aarav Mehta,aarav.mehta51@icici,+919850152084,4037.36,INR,FAILED,PENDING,TECHNICAL_DECLINE,BT,Issuer Switch Timeout During 2FA Verification,ICICI Bank,ICICI,DIRECT_GATEWAY_RETRY,0.0275,LOW,11,0,2,3,2026-08-27T03:37:54.721400
pay_npci_01460,mer_quick_kart,Bharat QuickCommerce,cust_npci_01460,Sneha Kulkarni,sneha.kulkarni30@paytm,+919848275534,92.52,INR,RECOVERED,RECOVERED,BUSINESS_DECLINE,ZA,Insufficient Funds in Customer Account,Paytm Payments Bank,PYTM,SMART_PAYMENT_LINK,0.316,LOW,17,0,1,3,2026-08-28T18:45:30.160788
pay_npci_01461,mer_swiggy_inst,Swiggy Instamart Partner,cust_npci_01461,Sunil Desai,sunil.desai14@sbi,+919813692595,591.56,INR,RECOVERED,RECOVERED,TECHNICAL_DECLINE,U69,Remitter Bank System Unavailable / Switch Error,State Bank of India,SBI,DIRECT_GATEWAY_RETRY,0.02,LOW,17,0,1,3,2026-08-09T21:53:36.949213
pay_npci_01462,mer_kirana_net,Desi Kirana Network,cust_npci_01462,Vikram Joshi,vikram.joshi77@okhdfcbank,+919833038445,329.69,INR,FAILED,IN_REVIEW,BUSINESS_DECLINE,XH,Customer Account Blocked / Frozen / Dormant,HDFC Bank,HDFC,ESCALATE_TO_HUMAN,0.7111,HIGH,0,0,2,3,2026-08-31T03:14:40.563273
pay_npci_01463,mer_tech_bazaar,Croma TechBazaar,cust_npci_01463,Pooja Patel,pooja.patel78@paytm,+919853560905,55.06,INR,RECOVERED,RECOVERED,BUSINESS_DECLINE,ZA,Insufficient Funds in Customer Account,Paytm Payments Bank,PYTM,SMART_PAYMENT_LINK,0.2688,LOW,15,0,1,3,2026-09-01T06:20:05.857941
pay_npci_01464,mer_swiggy_inst,Swiggy Instamart Partner,cust_npci_01464,Aditi Verma,aditi.verma67@okhdfcbank,+919845417195,187.46,INR,RECOVERED,RECOVERED,BUSINESS_DECLINE,ZM,Invalid MPIN Entered by Customer,HDFC Bank,HDFC,CUSTOMER_WHATSAPP_NUDGE,0.2639,LOW,9,0,1,3,2026-08-23T07:07:43.762383
pay_npci_01465,mer_quick_kart,Bharat QuickCommerce,cust_npci_01465,Aarav Sharma,aarav.sharma63@paytm,+919834368997,453.34,INR,FAILED,PENDING,BUSINESS_DECLINE,ZM,Invalid MPIN Entered by Customer,Paytm Payments Bank,PYTM,CUSTOMER_WHATSAPP_NUDGE,0.6044,MEDIUM,9,1,2,3,2026-08-18T08:56:59.022974
pay_npci_01466,mer_demo_apex,Apex Retail India Ltd,cust_npci_01466,Zoya Chopra,zoya.chopra95@okicici,+919840269713,14554.14,INR,RECOVERED,RECOVERED,TECHNICAL_DECLINE,U30,Beneficiary Bank Timeout After Debit (Ambiguous),ICICI Bank,ICICI,STATUS_POLL_VERIFICATION,0.1689,LOW,14,0,1,3,2026-08-20T06:30:23.225301
pay_npci_01467,mer_kirana_net,Desi Kirana Network,cust_npci_01467,Aarav Chatterjee,aarav.chatterjee79@hdfcbank,+919872381700,4219.39,INR,FAILED,PENDING,TECHNICAL_DECLINE,SWITCH_DOWN,NPCI Central Switch Queue Congestion,HDFC Bank,HDFC,BACKOFF_RETRY,0.02,LOW,18,0,0,3,2026-08-05T14:47:16.657721
pay_npci_01468,mer_quick_kart,Bharat QuickCommerce,cust_npci_01468,Vikram Chatterjee,vikram.chatterjee52@icici,+919867670385,181.33,INR,FAILED,PENDING,BUSINESS_DECLINE,ZA,Insufficient Funds in Customer Account,ICICI Bank,ICICI,SMART_PAYMENT_LINK,0.4106,MEDIUM,1,0,2,3,2026-08-08T09:25:14.381585
pay_npci_01469,mer_kirana_net,Desi Kirana Network,cust_npci_01469,Aditi Rao,aditi.rao57@kmbl,+919885459615,247.12,INR,FAILED,PENDING,BUSINESS_DECLINE,ZM,Invalid MPIN Entered by Customer,Kotak Mahindra Bank,KKBK,CUSTOMER_WHATSAPP_NUDGE,0.4081,MEDIUM,4,0,2,3,2026-08-13T07:32:15.855118
pay_npci_01470,mer_swiggy_inst,Swiggy Instamart Partner,cust_npci_01470,Kavita Chatterjee,kavita.chatterjee11@okpnb,+919831206361,3541.27,INR,FAILED,IN_REVIEW,BUSINESS_DECLINE,K1,Suspected Fraud / Excessive Velocity Anomaly,Punjab National Bank,PNB,QUARANTINE_FOR_REVIEW,0.98,HIGH,15,1,0,3,2026-08-07T13:50:18.125295
pay_npci_01471,mer_quick_kart,Bharat QuickCommerce,cust_npci_01471,Amit Nair,amit.nair17@hdfcbank,+919812678005,998.97,INR,RECOVERED,RECOVERED,BUSINESS_DECLINE,ZA,Insufficient Funds in Customer Account,HDFC Bank,HDFC,SMART_PAYMENT_LINK,0.2996,LOW,9,0,1,3,2026-08-07T12:43:55.496090
pay_npci_01472,mer_quick_kart,Bharat QuickCommerce,cust_npci_01472,Vivek Banerjee,vivek.banerjee47@okicici,+919839353246,1330.57,INR,RECOVERED,RECOVERED,BUSINESS_DECLINE,ZM,Invalid MPIN Entered by Customer,ICICI Bank,ICICI,CUSTOMER_WHATSAPP_NUDGE,0.2926,LOW,17,0,1,3,2026-08-10T15:27:08.027073
pay_npci_01473,mer_swiggy_inst,Swiggy Instamart Partner,cust_npci_01473,Aarav Chopra,aarav.chopra15@axisbank,+919835570767,1528.18,INR,FAILED,PENDING,BUSINESS_DECLINE,ZA,Insufficient Funds in Customer Account,Axis Bank,AXIS,SMART_PAYMENT_LINK,0.2779,LOW,13,0,1,3,2026-08-17T14:39:09.200696
pay_npci_01474,mer_tech_bazaar,Croma TechBazaar,cust_npci_01474,Varun Chopra,varun.chopra73@sbi,+919821347309,2929.3,INR,FAILED,PENDING,BUSINESS_DECLINE,XH,Customer Account Blocked / Frozen / Dormant,State Bank of India,SBI,ESCALATE_TO_HUMAN,0.6815,MEDIUM,5,0,1,3,2026-08-29T09:12:54.183879
pay_npci_01475,mer_quick_kart,Bharat QuickCommerce,cust_npci_01475,Tanvi Chopra,tanvi.chopra35@okpnb,+919865806591,352.29,INR,FAILED,PENDING,BUSINESS_DECLINE,ZA,Insufficient Funds in Customer Account,Punjab National Bank,PNB,SMART_PAYMENT_LINK,0.2893,LOW,6,0,2,3,2026-08-31T11:31:15.724772
pay_npci_01476,mer_swiggy_inst,Swiggy Instamart Partner,cust_npci_01476,Isha Reddy,isha.reddy50@ibl,+919840660488,203.28,INR,FAILED,PENDING,BUSINESS_DECLINE,ZA,Insufficient Funds in Customer Account,Yes Bank / PhonePe,YESB,SMART_PAYMENT_LINK,0.6802,MEDIUM,6,1,1,3,2026-08-07T09:49:58.154058
pay_npci_01477,mer_demo_apex,Apex Retail India Ltd,cust_npci_01477,Rohan Chopra,rohan.chopra40@okhdfcbank,+919871472298,4272.26,INR,FAILED,PENDING,BUSINESS_DECLINE,ZA,Insufficient Funds in Customer Account,HDFC Bank,HDFC,SMART_PAYMENT_LINK,0.4059,MEDIUM,0,0,1,3,2026-08-12T06:05:58.924030
pay_npci_01478,mer_quick_kart,Bharat QuickCommerce,cust_npci_01478,Amit Gupta,amit.gupta52@sbi,+919832960870,3267.39,INR,RECOVERED,RECOVERED,BUSINESS_DECLINE,ZA,Insufficient Funds in Customer Account,State Bank of India,SBI,SMART_PAYMENT_LINK,0.3265,LOW,7,0,1,3,2026-08-28T18:18:37.260566
pay_npci_01479,mer_kirana_net,Desi Kirana Network,cust_npci_01479,Sneha Joshi,sneha.joshi16@axisbank,+919850705646,234.12,INR,RECOVERED,RECOVERED,BUSINESS_DECLINE,U19,Daily Per-Transaction or Cumulative Limit Exceeded,Axis Bank,AXIS,SMART_PAYMENT_LINK,0.2949,LOW,15,0,1,3,2026-08-08T19:52:07.104718
pay_npci_01480,mer_kirana_net,Desi Kirana Network,cust_npci_01480,Varun Kulkarni,varun.kulkarni47@barodampay,+919824739015,63256.1,INR,FAILED,IN_REVIEW,BUSINESS_DECLINE,XH,Customer Account Blocked / Frozen / Dormant,Bank of Baroda,BOB,ESCALATE_TO_HUMAN,0.8475,HIGH,1,0,1,3,2026-08-22T07:08:08.471383
pay_npci_01481,mer_quick_kart,Bharat QuickCommerce,cust_npci_01481,Rahul Chopra,rahul.chopra43@okpnb,+919895057515,4685.18,INR,FAILED,IN_REVIEW,BUSINESS_DECLINE,K1,Suspected Fraud / Excessive Velocity Anomaly,Punjab National Bank,PNB,QUARANTINE_FOR_REVIEW,0.98,HIGH,6,1,1,3,2026-08-22T19:40:41.586904
pay_npci_01482,mer_quick_kart,Bharat QuickCommerce,cust_npci_01482,Kavita Rao,kavita.rao37@oksbi,+919856328573,123.8,INR,FAILED,IN_REVIEW,BUSINESS_DECLINE,K1,Suspected Fraud / Excessive Velocity Anomaly,State Bank of India,SBI,QUARANTINE_FOR_REVIEW,0.98,HIGH,16,1,0,3,2026-08-25T10:54:43.238169
pay_npci_01483,mer_swiggy_inst,Swiggy Instamart Partner,cust_npci_01483,Pranav Gupta,pranav.gupta98@barodampay,+919874297121,2183.39,INR,RECOVERED,RECOVERED,BUSINESS_DECLINE,ZA,Insufficient Funds in Customer Account,Bank of Baroda,BOB,SMART_PAYMENT_LINK,0.317,LOW,16,0,1,3,2026-08-14T17:01:30.128069
pay_npci_01484,mer_demo_apex,Apex Retail India Ltd,cust_npci_01484,Aarav Banerjee,aarav.banerjee18@icici,+919855652302,419.34,INR,RECOVERED,RECOVERED,BUSINESS_DECLINE,ZM,Invalid MPIN Entered by Customer,ICICI Bank,ICICI,CUSTOMER_WHATSAPP_NUDGE,0.2435,LOW,14,0,1,3,2026-08-19T22:17:11.339912
pay_npci_01485,mer_tech_bazaar,Croma TechBazaar,cust_npci_01485,Aditi Chatterjee,aditi.chatterjee75@okpnb,+919842376205,2505.72,INR,RECOVERED,RECOVERED,TECHNICAL_DECLINE,BT,Issuer Switch Timeout During 2FA Verification,Punjab National Bank,PNB,DIRECT_GATEWAY_RETRY,0.0353,LOW,18,0,1,3,2026-08-08T15:16:15.360292
pay_npci_01486,mer_kirana_net,Desi Kirana Network,cust_npci_01486,Zoya Joshi,zoya.joshi25@barodampay,+919813218400,334.23,INR,FAILED,PENDING,TECHNICAL_DECLINE,BT,Issuer Switch Timeout During 2FA Verification,Bank of Baroda,BOB,DIRECT_GATEWAY_RETRY,0.1738,LOW,2,0,0,3,2026-08-20T06:01:42.167346
pay_npci_01487,mer_demo_apex,Apex Retail India Ltd,cust_npci_01487,Aditi Reddy,aditi.reddy33@okaxis,+919857211213,1520.2,INR,RECOVERED,RECOVERED,BUSINESS_DECLINE,ZA,Insufficient Funds in Customer Account,Axis Bank,AXIS,SMART_PAYMENT_LINK,0.2661,LOW,16,0,1,3,2026-08-17T11:09:03.580276
pay_npci_01488,mer_tech_bazaar,Croma TechBazaar,cust_npci_01488,Sunil Verma,sunil.verma49@okicici,+919870139184,992.04,INR,RECOVERED,RECOVERED,BUSINESS_DECLINE,ZA,Insufficient Funds in Customer Account,ICICI Bank,ICICI,SMART_PAYMENT_LINK,0.3043,LOW,10,0,1,3,2026-08-09T21:42:27.264138
pay_npci_01489,mer_swiggy_inst,Swiggy Instamart Partner,cust_npci_01489,Vivek Joshi,vivek.joshi37@kotak,+919893524136,4523.62,INR,RECOVERED,RECOVERED,BUSINESS_DECLINE,ZA,Insufficient Funds in Customer Account,Kotak Mahindra Bank,KKBK,SMART_PAYMENT_LINK,0.3112,LOW,16,0,1,3,2026-08-14T21:16:39.550793
pay_npci_01490,mer_swiggy_inst,Swiggy Instamart Partner,cust_npci_01490,Kavita Chatterjee,kavita.chatterjee28@ybl,+919855403415,419.63,INR,RECOVERED,RECOVERED,TECHNICAL_DECLINE,BT,Issuer Switch Timeout During 2FA Verification,Yes Bank / PhonePe,YESB,DIRECT_GATEWAY_RETRY,0.0586,LOW,12,0,1,3,2026-09-04T20:31:53.746173
pay_npci_01491,mer_swiggy_inst,Swiggy Instamart Partner,cust_npci_01491,Isha Chopra,isha.chopra34@sbi,+919814307652,451.48,INR,RECOVERED,RECOVERED,BUSINESS_DECLINE,ZA,Insufficient Funds in Customer Account,State Bank of India,SBI,SMART_PAYMENT_LINK,0.2704,LOW,8,0,1,3,2026-08-05T00:19:12.431211
pay_npci_01492,mer_swiggy_inst,Swiggy Instamart Partner,cust_npci_01492,Kavita Joshi,kavita.joshi31@oksbi,+919896357574,283.37,INR,RECOVERED,RECOVERED,BUSINESS_DECLINE,ZA,Insufficient Funds in Customer Account,State Bank of India,SBI,SMART_PAYMENT_LINK,0.3002,LOW,6,0,1,3,2026-08-05T14:55:36.482519
pay_npci_01493,mer_quick_kart,Bharat QuickCommerce,cust_npci_01493,Zoya Chopra,zoya.chopra24@paytm,+919829536316,231.36,INR,RECOVERED,RECOVERED,TECHNICAL_DECLINE,U69,Remitter Bank System Unavailable / Switch Error,Paytm Payments Bank,PYTM,DIRECT_GATEWAY_RETRY,0.02,LOW,12,0,1,3,2026-08-18T01:15:31.509692
pay_npci_01494,mer_swiggy_inst,Swiggy Instamart Partner,cust_npci_01494,Sanjay Rao,sanjay.rao15@okicici,+919887907792,454.27,INR,FAILED,PENDING,BUSINESS_DECLINE,ZM,Invalid MPIN Entered by Customer,ICICI Bank,ICICI,CUSTOMER_WHATSAPP_NUDGE,0.2785,LOW,6,0,2,3,2026-08-29T11:02:17.605511
pay_npci_01495,mer_swiggy_inst,Swiggy Instamart Partner,cust_npci_01495,Sneha Sharma,sneha.sharma80@okaxis,+919898340848,7703.87,INR,RECOVERED,RECOVERED,BUSINESS_DECLINE,ZA,Insufficient Funds in Customer Account,Axis Bank,AXIS,SMART_PAYMENT_LINK,0.3196,LOW,6,0,1,3,2026-08-06T16:31:16.041745
pay_npci_01496,mer_tech_bazaar,Croma TechBazaar,cust_npci_01496,Varun Singh,varun.singh19@oksbi,+919870960050,373.8,INR,RECOVERED,RECOVERED,BUSINESS_DECLINE,ZM,Invalid MPIN Entered by Customer,State Bank of India,SBI,CUSTOMER_WHATSAPP_NUDGE,0.2671,LOW,17,0,1,3,2026-08-14T23:04:12.446490
pay_npci_01497,mer_swiggy_inst,Swiggy Instamart Partner,cust_npci_01497,Rahul Desai,rahul.desai99@oksbi,+919890871137,186.18,INR,FAILED,PENDING,BUSINESS_DECLINE,XH,Customer Account Blocked / Frozen / Dormant,State Bank of India,SBI,ESCALATE_TO_HUMAN,0.5305,MEDIUM,14,0,2,3,2026-08-08T17:33:27.518197
pay_npci_01498,mer_tech_bazaar,Croma TechBazaar,cust_npci_01498,Ananya Patel,ananya.patel97@axisbank,+919889952850,382.23,INR,FAILED,PENDING,BUSINESS_DECLINE,U19,Daily Per-Transaction or Cumulative Limit Exceeded,Axis Bank,AXIS,SMART_PAYMENT_LINK,0.3699,MEDIUM,13,0,1,3,2026-08-10T22:39:12.501898
pay_npci_01499,mer_quick_kart,Bharat QuickCommerce,cust_npci_01499,Deepak Chopra,deepak.chopra89@okhdfcbank,+919822005883,162.88,INR,FAILED,PENDING,TECHNICAL_DECLINE,BT,Issuer Switch Timeout During 2FA Verification,HDFC Bank,HDFC,DIRECT_GATEWAY_RETRY,0.0358,LOW,9,0,1,3,2026-08-12T13:49:43.919285
pay_npci_01500,mer_quick_kart,Bharat QuickCommerce,cust_npci_01500,Manish Desai,manish.desai57@sbi,+919883663100,470.0,INR,RECOVERED,RECOVERED,TECHNICAL_DECLINE,U69,Remitter Bank System Unavailable / Switch Error,State Bank of India,SBI,DIRECT_GATEWAY_RETRY,0.0654,LOW,2,0,1,3,2026-08-22T19:22:40.191764
pay_npci_01501,mer_tech_bazaar,Croma TechBazaar,cust_npci_01501,Tanvi Reddy,tanvi.reddy90@ybl,+919816242153,4745.09,INR,FAILED,PENDING,TECHNICAL_DECLINE,BT,Issuer Switch Timeout During 2FA Verification,Yes Bank / PhonePe,YESB,DIRECT_GATEWAY_RETRY,0.048,LOW,9,0,1,3,2026-08-29T21:00:11.812207
pay_npci_01502,mer_kirana_net,Desi Kirana Network,cust_npci_01502,Gaurav Patel,gaurav.patel23@oksbi,+919831133761,1287.75,INR,RECOVERED,RECOVERED,BUSINESS_DECLINE,ZM,Invalid MPIN Entered by Customer,State Bank of India,SBI,CUSTOMER_WHATSAPP_NUDGE,0.2363,LOW,11,0,1,3,2026-08-11T22:02:00.345838
pay_npci_01503,mer_kirana_net,Desi Kirana Network,cust_npci_01503,Pooja Chatterjee,pooja.chatterjee54@icici,+919810989471,255.37,INR,FAILED,PENDING,BUSINESS_DECLINE,ZA,Insufficient Funds in Customer Account,ICICI Bank,ICICI,SMART_PAYMENT_LINK,0.4538,MEDIUM,3,0,2,3,2026-08-24T18:51:15.699523
pay_npci_01504,mer_demo_apex,Apex Retail India Ltd,cust_npci_01504,Gaurav Chopra,gaurav.chopra21@sbi,+919837856571,1464.99,INR,RECOVERED,RECOVERED,TECHNICAL_DECLINE,U69,Remitter Bank System Unavailable / Switch Error,State Bank of India,SBI,DIRECT_GATEWAY_RETRY,0.0678,LOW,5,0,1,3,2026-09-01T17:32:14.692511
pay_npci_01505,mer_swiggy_inst,Swiggy Instamart Partner,cust_npci_01505,Vikram Mehta,vikram.mehta93@unionbank,+919849714174,2714.58,INR,RECOVERED,RECOVERED,TECHNICAL_DECLINE,U69,Remitter Bank System Unavailable / Switch Error,Union Bank of India,UBI,DIRECT_GATEWAY_RETRY,0.1021,LOW,4,0,1,3,2026-09-01T12:10:00.175949
pay_npci_01506,mer_kirana_net,Desi Kirana Network,cust_npci_01506,Isha Sharma,isha.sharma43@paytm,+919820277714,4282.37,INR,FAILED,PENDING,BUSINESS_DECLINE,U19,Daily Per-Transaction or Cumulative Limit Exceeded,Paytm Payments Bank,PYTM,SMART_PAYMENT_LINK,0.4774,MEDIUM,1,0,0,3,2026-09-01T13:32:02.978691
pay_npci_01507,mer_swiggy_inst,Swiggy Instamart Partner,cust_npci_01507,Kiran Gupta,kiran.gupta73@paytm,+919897577348,574.81,INR,RECOVERED,RECOVERED,BUSINESS_DECLINE,ZA,Insufficient Funds in Customer Account,Paytm Payments Bank,PYTM,SMART_PAYMENT_LINK,0.3022,LOW,7,0,1,3,2026-08-05T08:55:28.119691
pay_npci_01508,mer_demo_apex,Apex Retail India Ltd,cust_npci_01508,Sunil Joshi,sunil.joshi60@sbi,+919817862919,48.28,INR,RECOVERED,RECOVERED,TECHNICAL_DECLINE,U69,Remitter Bank System Unavailable / Switch Error,State Bank of India,SBI,DIRECT_GATEWAY_RETRY,0.02,LOW,13,0,1,3,2026-08-28T03:24:29.741570
pay_npci_01509,mer_tech_bazaar,Croma TechBazaar,cust_npci_01509,Manish Kumar,manish.kumar44@okicici,+919854278151,61570.66,INR,RECOVERED,RECOVERED,TECHNICAL_DECLINE,U69,Remitter Bank System Unavailable / Switch Error,ICICI Bank,ICICI,DIRECT_GATEWAY_RETRY,0.1499,LOW,12,0,1,3,2026-08-18T01:21:25.267622
pay_npci_01510,mer_tech_bazaar,Croma TechBazaar,cust_npci_01510,Rohan Singh,rohan.singh83@paytm,+919839432847,779.75,INR,RECOVERED,RECOVERED,BUSINESS_DECLINE,ZA,Insufficient Funds in Customer Account,Paytm Payments Bank,PYTM,SMART_PAYMENT_LINK,0.3247,LOW,6,0,1,3,2026-08-16T13:23:10.794379
pay_npci_01511,mer_swiggy_inst,Swiggy Instamart Partner,cust_npci_01511,Kiran Desai,kiran.desai59@barodampay,+919818443640,385.1,INR,RECOVERED,RECOVERED,TECHNICAL_DECLINE,BT,Issuer Switch Timeout During 2FA Verification,Bank of Baroda,BOB,DIRECT_GATEWAY_RETRY,0.0439,LOW,8,0,1,3,2026-08-16T15:29:15.810498
pay_npci_01512,mer_swiggy_inst,Swiggy Instamart Partner,cust_npci_01512,Sneha Rao,sneha.rao14@okpnb,+919889872242,2189.01,INR,FAILED,PENDING,BUSINESS_DECLINE,ZM,Invalid MPIN Entered by Customer,Punjab National Bank,PNB,CUSTOMER_WHATSAPP_NUDGE,0.3639,MEDIUM,5,0,1,3,2026-08-21T14:06:56.237683
pay_npci_01513,mer_swiggy_inst,Swiggy Instamart Partner,cust_npci_01513,Deepak Kulkarni,deepak.kulkarni69@barodampay,+919893365804,751.58,INR,FAILED,PENDING,BUSINESS_DECLINE,XH,Customer Account Blocked / Frozen / Dormant,Bank of Baroda,BOB,ESCALATE_TO_HUMAN,0.5443,MEDIUM,11,0,0,3,2026-08-10T18:30:55.016057
pay_npci_01514,mer_swiggy_inst,Swiggy Instamart Partner,cust_npci_01514,Ananya Mehta,ananya.mehta52@oksbi,+919820207423,343.75,INR,RECOVERED,RECOVERED,BUSINESS_DECLINE,ZA,Insufficient Funds in Customer Account,State Bank of India,SBI,SMART_PAYMENT_LINK,0.2963,LOW,7,0,1,3,2026-08-11T10:00:19.253342
pay_npci_01515,mer_kirana_net,Desi Kirana Network,cust_npci_01515,Amit Kumar,amit.kumar90@sbi,+919819951266,38719.46,INR,RECOVERED,RECOVERED,TECHNICAL_DECLINE,BT,Issuer Switch Timeout During 2FA Verification,State Bank of India,SBI,DIRECT_GATEWAY_RETRY,0.2031,LOW,13,0,1,3,2026-08-28T01:37:40.878714
pay_npci_01516,mer_swiggy_inst,Swiggy Instamart Partner,cust_npci_01516,Kiran Gupta,kiran.gupta30@oksbi,+919845519783,2425.34,INR,RECOVERED,RECOVERED,TECHNICAL_DECLINE,SWITCH_DOWN,NPCI Central Switch Queue Congestion,State Bank of India,SBI,BACKOFF_RETRY,0.03,LOW,17,0,1,3,2026-08-31T17:17:06.385537
pay_npci_01517,mer_demo_apex,Apex Retail India Ltd,cust_npci_01517,Sanjay Rao,sanjay.rao86@icici,+919870485867,472.31,INR,FAILED,PENDING,BUSINESS_DECLINE,ZM,Invalid MPIN Entered by Customer,ICICI Bank,ICICI,CUSTOMER_WHATSAPP_NUDGE,0.4181,MEDIUM,5,0,0,3,2026-08-29T12:00:02.484801
pay_npci_01518,mer_kirana_net,Desi Kirana Network,cust_npci_01518,Amit Rao,amit.rao97@sbi,+919867325387,480.32,INR,RECOVERED,RECOVERED,TECHNICAL_DECLINE,U30,Beneficiary Bank Timeout After Debit (Ambiguous),State Bank of India,SBI,STATUS_POLL_VERIFICATION,0.1956,LOW,13,0,1,3,2026-08-29T20:46:09.767148
pay_npci_01519,mer_swiggy_inst,Swiggy Instamart Partner,cust_npci_01519,Pranav Desai,pranav.desai79@sbi,+919889386530,228.85,INR,FAILED,PENDING,TECHNICAL_DECLINE,BT,Issuer Switch Timeout During 2FA Verification,State Bank of India,SBI,DIRECT_GATEWAY_RETRY,0.0539,LOW,13,0,2,3,2026-08-18T16:16:24.985278
pay_npci_01520,mer_demo_apex,Apex Retail India Ltd,cust_npci_01520,Manish Rao,manish.rao65@axisbank,+919866727496,331.66,INR,RECOVERED,RECOVERED,BUSINESS_DECLINE,ZM,Invalid MPIN Entered by Customer,Axis Bank,AXIS,CUSTOMER_WHATSAPP_NUDGE,0.2429,LOW,6,0,1,3,2026-09-02T08:02:08.416258
pay_npci_01521,mer_quick_kart,Bharat QuickCommerce,cust_npci_01521,Isha Chopra,isha.chopra91@oksbi,+919874151150,250.77,INR,RECOVERED,RECOVERED,BUSINESS_DECLINE,ZA,Insufficient Funds in Customer Account,State Bank of India,SBI,SMART_PAYMENT_LINK,0.3277,LOW,14,0,1,3,2026-08-09T19:40:45.855263
pay_npci_01522,mer_tech_bazaar,Croma TechBazaar,cust_npci_01522,Gaurav Kumar,gaurav.kumar40@kmbl,+919845467747,147.81,INR,RECOVERED,RECOVERED,BUSINESS_DECLINE,ZA,Insufficient Funds in Customer Account,Kotak Mahindra Bank,KKBK,SMART_PAYMENT_LINK,0.29,LOW,11,0,1,3,2026-08-11T01:28:07.191020
pay_npci_01523,mer_demo_apex,Apex Retail India Ltd,cust_npci_01523,Sanjay Verma,sanjay.verma63@ibl,+919869077463,36918.37,INR,FAILED,IN_REVIEW,BUSINESS_DECLINE,K1,Suspected Fraud / Excessive Velocity Anomaly,Yes Bank / PhonePe,YESB,QUARANTINE_FOR_REVIEW,0.98,HIGH,14,1,2,3,2026-08-28T22:48:55.795062
pay_npci_01524,mer_swiggy_inst,Swiggy Instamart Partner,cust_npci_01524,Gaurav Banerjee,gaurav.banerjee65@oksbi,+919851233525,4467.7,INR,RECOVERED,RECOVERED,BUSINESS_DECLINE,ZM,Invalid MPIN Entered by Customer,State Bank of India,SBI,CUSTOMER_WHATSAPP_NUDGE,0.2308,LOW,17,0,1,3,2026-08-22T21:28:35.695517
pay_npci_01525,mer_demo_apex,Apex Retail India Ltd,cust_npci_01525,Vivek Kumar,vivek.kumar78@sbi,+919860067208,4675.08,INR,RECOVERED,RECOVERED,BUSINESS_DECLINE,ZA,Insufficient Funds in Customer Account,State Bank of India,SBI,SMART_PAYMENT_LINK,0.3132,LOW,8,0,1,3,2026-08-16T14:50:18.770518
pay_npci_01526,mer_swiggy_inst,Swiggy Instamart Partner,cust_npci_01526,Rahul Chopra,rahul.chopra53@unionbank,+919857496653,336.03,INR,FAILED,PENDING,BUSINESS_DECLINE,ZM,Invalid MPIN Entered by Customer,Union Bank of India,UBI,CUSTOMER_WHATSAPP_NUDGE,0.3854,MEDIUM,0,0,2,3,2026-08-08T10:56:24.695528
pay_npci_01527,mer_tech_bazaar,Croma TechBazaar,cust_npci_01527,Rahul Patel,rahul.patel32@paytm,+919860785302,4031.42,INR,RECOVERED,RECOVERED,BUSINESS_DECLINE,ZA,Insufficient Funds in Customer Account,Paytm Payments Bank,PYTM,SMART_PAYMENT_LINK,0.3285,LOW,16,0,1,3,2026-08-28T10:57:33.868036
pay_npci_01528,mer_quick_kart,Bharat QuickCommerce,cust_npci_01528,Kiran Gupta,kiran.gupta64@oksbi,+919871797726,309.14,INR,FAILED,PENDING,BUSINESS_DECLINE,ZA,Insufficient Funds in Customer Account,State Bank of India,SBI,SMART_PAYMENT_LINK,0.2677,LOW,11,0,1,3,2026-08-16T10:24:08.175976
pay_npci_01529,mer_kirana_net,Desi Kirana Network,cust_npci_01529,Neha Kulkarni,neha.kulkarni39@okhdfcbank,+919886642121,553.07,INR,FAILED,PENDING,BUSINESS_DECLINE,XH,Customer Account Blocked / Frozen / Dormant,HDFC Bank,HDFC,ESCALATE_TO_HUMAN,0.5561,MEDIUM,16,0,1,3,2026-08-21T21:41:09.660686
pay_npci_01530,mer_tech_bazaar,Croma TechBazaar,cust_npci_01530,Zoya Patel,zoya.patel10@ybl,+919869352747,85.88,INR,RECOVERED,RECOVERED,TECHNICAL_DECLINE,U69,Remitter Bank System Unavailable / Switch Error,Yes Bank / PhonePe,YESB,DIRECT_GATEWAY_RETRY,0.0632,LOW,1,0,1,3,2026-08-13T21:40:04.175464
pay_npci_01531,mer_demo_apex,Apex Retail India Ltd,cust_npci_01531,Isha Banerjee,isha.banerjee88@axisbank,+919860661273,1445.99,INR,RECOVERED,RECOVERED,TECHNICAL_DECLINE,U30,Beneficiary Bank Timeout After Debit (Ambiguous),Axis Bank,AXIS,STATUS_POLL_VERIFICATION,0.3067,LOW,5,0,1,3,2026-08-16T10:04:38.795394
pay_npci_01532,mer_tech_bazaar,Croma TechBazaar,cust_npci_01532,Vikram Verma,vikram.verma98@okicici,+919847780065,3599.01,INR,RECOVERED,RECOVERED,BUSINESS_DECLINE,ZA,Insufficient Funds in Customer Account,ICICI Bank,ICICI,SMART_PAYMENT_LINK,0.3127,LOW,14,0,1,3,2026-08-14T20:28:39.274417
pay_npci_01533,mer_tech_bazaar,Croma TechBazaar,cust_npci_01533,Rahul Mehta,rahul.mehta88@sbi,+919819110739,81.53,INR,RECOVERED,RECOVERED,BUSINESS_DECLINE,ZA,Insufficient Funds in Customer Account,State Bank of India,SBI,SMART_PAYMENT_LINK,0.3077,LOW,16,0,1,3,2026-08-15T09:50:22.483490
pay_npci_01534,mer_swiggy_inst,Swiggy Instamart Partner,cust_npci_01534,Sneha Kulkarni,sneha.kulkarni23@okhdfcbank,+919846274088,61.63,INR,FAILED,IN_REVIEW,BUSINESS_DECLINE,K1,Suspected Fraud / Excessive Velocity Anomaly,HDFC Bank,HDFC,QUARANTINE_FOR_REVIEW,0.98,HIGH,4,1,0,3,2026-08-13T12:33:35.666103
pay_npci_01535,mer_swiggy_inst,Swiggy Instamart Partner,cust_npci_01535,Priya Singh,priya.singh27@hdfcbank,+919838081124,4089.53,INR,FAILED,PENDING,BUSINESS_DECLINE,ZA,Insufficient Funds in Customer Account,HDFC Bank,HDFC,SMART_PAYMENT_LINK,0.429,MEDIUM,1,0,1,3,2026-08-07T06:27:04.836788
pay_npci_01536,mer_quick_kart,Bharat QuickCommerce,cust_npci_01536,Vikram Nair,vikram.nair27@okicici,+919887590703,359.79,INR,RECOVERED,RECOVERED,BUSINESS_DECLINE,ZA,Insufficient Funds in Customer Account,ICICI Bank,ICICI,SMART_PAYMENT_LINK,0.3026,LOW,8,0,1,3,2026-09-02T12:47:51.256232
pay_npci_01537,mer_demo_apex,Apex Retail India Ltd,cust_npci_01537,Aditi Kumar,aditi.kumar53@okaxis,+919869717612,4213.39,INR,FAILED,PENDING,BUSINESS_DECLINE,U19,Daily Per-Transaction or Cumulative Limit Exceeded,Axis Bank,AXIS,SMART_PAYMENT_LINK,0.3598,MEDIUM,14,0,0,3,2026-08-05T14:21:17.292111
pay_npci_01538,mer_tech_bazaar,Croma TechBazaar,cust_npci_01538,Kiran Chopra,kiran.chopra42@paytm,+919857045056,247.82,INR,RECOVERED,RECOVERED,BUSINESS_DECLINE,ZA,Insufficient Funds in Customer Account,Paytm Payments Bank,PYTM,SMART_PAYMENT_LINK,0.3058,LOW,7,0,1,3,2026-08-29T12:16:41.721111
pay_npci_01539,mer_tech_bazaar,Croma TechBazaar,cust_npci_01539,Sanjay Kulkarni,sanjay.kulkarni18@oksbi,+919859782949,898.01,INR,RECOVERED,RECOVERED,BUSINESS_DECLINE,ZM,Invalid MPIN Entered by Customer,State Bank of India,SBI,CUSTOMER_WHATSAPP_NUDGE,0.2849,LOW,10,0,1,3,2026-08-22T09:47:27.138471
pay_npci_01540,mer_swiggy_inst,Swiggy Instamart Partner,cust_npci_01540,Aditi Joshi,aditi.joshi58@oksbi,+919848742151,4647.59,INR,RECOVERED,RECOVERED,BUSINESS_DECLINE,ZA,Insufficient Funds in Customer Account,State Bank of India,SBI,SMART_PAYMENT_LINK,0.2853,LOW,18,0,1,3,2026-08-08T18:30:44.031693
pay_npci_01541,mer_tech_bazaar,Croma TechBazaar,cust_npci_01541,Neha Reddy,neha.reddy65@okaxis,+919880641222,57220.09,INR,RECOVERED,RECOVERED,TECHNICAL_DECLINE,BT,Issuer Switch Timeout During 2FA Verification,Axis Bank,AXIS,DIRECT_GATEWAY_RETRY,0.2085,LOW,8,0,1,3,2026-09-04T18:38:48.342986
pay_npci_01542,mer_tech_bazaar,Croma TechBazaar,cust_npci_01542,Pooja Nair,pooja.nair51@okaxis,+919879410283,2268.67,INR,RECOVERED,RECOVERED,TECHNICAL_DECLINE,U30,Beneficiary Bank Timeout After Debit (Ambiguous),Axis Bank,AXIS,STATUS_POLL_VERIFICATION,0.1967,LOW,6,0,1,3,2026-08-16T18:47:21.570249
pay_npci_01543,mer_tech_bazaar,Croma TechBazaar,cust_npci_01543,Vivek Kulkarni,vivek.kulkarni41@okhdfcbank,+919846887903,363.36,INR,FAILED,PENDING,TECHNICAL_DECLINE,U69,Remitter Bank System Unavailable / Switch Error,HDFC Bank,HDFC,DIRECT_GATEWAY_RETRY,0.02,LOW,8,0,0,3,2026-08-06T20:46:01.736161
pay_npci_01544,mer_tech_bazaar,Croma TechBazaar,cust_npci_01544,Sanjay Banerjee,sanjay.banerjee54@axisbank,+919870353111,2337.07,INR,RECOVERED,RECOVERED,BUSINESS_DECLINE,ZM,Invalid MPIN Entered by Customer,Axis Bank,AXIS,CUSTOMER_WHATSAPP_NUDGE,0.2759,LOW,17,0,1,3,2026-08-24T15:37:41.932337
pay_npci_01545,mer_kirana_net,Desi Kirana Network,cust_npci_01545,Vivek Desai,vivek.desai34@oksbi,+919873693262,3600.59,INR,FAILED,IN_REVIEW,BUSINESS_DECLINE,K1,Suspected Fraud / Excessive Velocity Anomaly,State Bank of India,SBI,QUARANTINE_FOR_REVIEW,0.98,HIGH,4,1,1,3,2026-08-30T23:53:19.179852
pay_npci_01546,mer_swiggy_inst,Swiggy Instamart Partner,cust_npci_01546,Manish Gupta,manish.gupta60@ybl,+919879906088,249.38,INR,RECOVERED,RECOVERED,BUSINESS_DECLINE,ZM,Invalid MPIN Entered by Customer,Yes Bank / PhonePe,YESB,CUSTOMER_WHATSAPP_NUDGE,0.2546,LOW,7,0,1,3,2026-08-20T20:06:12.939752
pay_npci_01547,mer_kirana_net,Desi Kirana Network,cust_npci_01547,Rahul Nair,rahul.nair75@icici,+919889156647,330.81,INR,FAILED,PENDING,TECHNICAL_DECLINE,U69,Remitter Bank System Unavailable / Switch Error,ICICI Bank,ICICI,DIRECT_GATEWAY_RETRY,0.02,LOW,17,0,2,3,2026-08-28T20:11:39.842402
pay_npci_01548,mer_swiggy_inst,Swiggy Instamart Partner,cust_npci_01548,Isha Kumar,isha.kumar36@okpnb,+919832296965,415.06,INR,RECOVERED,RECOVERED,TECHNICAL_DECLINE,BT,Issuer Switch Timeout During 2FA Verification,Punjab National Bank,PNB,DIRECT_GATEWAY_RETRY,0.02,LOW,13,0,1,3,2026-08-19T19:12:41.788307
pay_npci_01549,mer_quick_kart,Bharat QuickCommerce,cust_npci_01549,Pooja Mehta,pooja.mehta88@okicici,+919833810168,165.56,INR,RECOVERED,RECOVERED,TECHNICAL_DECLINE,SWITCH_DOWN,NPCI Central Switch Queue Congestion,ICICI Bank,ICICI,BACKOFF_RETRY,0.02,LOW,6,0,1,3,2026-09-02T13:38:14.742093
pay_npci_01550,mer_tech_bazaar,Croma TechBazaar,cust_npci_01550,Rahul Gupta,rahul.gupta89@axisbank,+919895385325,3416.18,INR,RECOVERED,RECOVERED,TECHNICAL_DECLINE,U69,Remitter Bank System Unavailable / Switch Error,Axis Bank,AXIS,DIRECT_GATEWAY_RETRY,0.02,LOW,12,0,1,3,2026-08-22T19:19:50.058243
pay_npci_01551,mer_quick_kart,Bharat QuickCommerce,cust_npci_01551,Amit Rao,amit.rao62@unionbank,+919824625846,352.86,INR,RECOVERED,RECOVERED,TECHNICAL_DECLINE,U69,Remitter Bank System Unavailable / Switch Error,Union Bank of India,UBI,DIRECT_GATEWAY_RETRY,0.0823,LOW,5,0,1,3,2026-08-11T10:28:02.886326
pay_npci_01552,mer_kirana_net,Desi Kirana Network,cust_npci_01552,Priya Verma,priya.verma47@unionbank,+919852685838,135.8,INR,FAILED,PENDING,BUSINESS_DECLINE,U19,Daily Per-Transaction or Cumulative Limit Exceeded,Union Bank of India,UBI,SMART_PAYMENT_LINK,0.4625,MEDIUM,3,0,0,3,2026-08-06T19:15:37.574516
pay_npci_01553,mer_swiggy_inst,Swiggy Instamart Partner,cust_npci_01553,Neha Chatterjee,neha.chatterjee57@icici,+919892415095,320.34,INR,RECOVERED,RECOVERED,BUSINESS_DECLINE,ZM,Invalid MPIN Entered by Customer,ICICI Bank,ICICI,CUSTOMER_WHATSAPP_NUDGE,0.2548,LOW,8,0,1,3,2026-08-28T16:37:16.814397
pay_npci_01554,mer_kirana_net,Desi Kirana Network,cust_npci_01554,Vivek Chatterjee,vivek.chatterjee52@okpnb,+919845274023,181.53,INR,RECOVERED,RECOVERED,BUSINESS_DECLINE,ZA,Insufficient Funds in Customer Account,Punjab National Bank,PNB,SMART_PAYMENT_LINK,0.295,LOW,6,0,1,3,2026-08-24T05:10:39.335616
pay_npci_01555,mer_swiggy_inst,Swiggy Instamart Partner,cust_npci_01555,Priya Sharma,priya.sharma32@okpnb,+919886873816,71.17,INR,FAILED,PENDING,BUSINESS_DECLINE,ZA,Insufficient Funds in Customer Account,Punjab National Bank,PNB,SMART_PAYMENT_LINK,0.4548,MEDIUM,0,0,1,3,2026-08-30T19:25:39.835886
pay_npci_01556,mer_quick_kart,Bharat QuickCommerce,cust_npci_01556,Ananya Joshi,ananya.joshi55@sbi,+919811562175,383.04,INR,FAILED,PENDING,BUSINESS_DECLINE,ZM,Invalid MPIN Entered by Customer,State Bank of India,SBI,CUSTOMER_WHATSAPP_NUDGE,0.5963,MEDIUM,17,1,0,3,2026-08-23T07:27:41.845890
pay_npci_01557,mer_quick_kart,Bharat QuickCommerce,cust_npci_01557,Vikram Chopra,vikram.chopra96@okicici,+919830138870,146.55,INR,RECOVERED,RECOVERED,BUSINESS_DECLINE,ZM,Invalid MPIN Entered by Customer,ICICI Bank,ICICI,CUSTOMER_WHATSAPP_NUDGE,0.2521,LOW,8,0,1,3,2026-08-30T10:41:57.863237
pay_npci_01558,mer_demo_apex,Apex Retail India Ltd,cust_npci_01558,Pranav Gupta,pranav.gupta74@okicici,+919871752904,160.94,INR,RECOVERED,RECOVERED,BUSINESS_DECLINE,ZA,Insufficient Funds in Customer Account,ICICI Bank,ICICI,SMART_PAYMENT_LINK,0.2868,LOW,12,0,1,3,2026-08-22T19:01:32.549359
pay_npci_01559,mer_tech_bazaar,Croma TechBazaar,cust_npci_01559,Sneha Verma,sneha.verma94@oksbi,+919874553727,434.05,INR,FAILED,PENDING,BUSINESS_DECLINE,ZM,Invalid MPIN Entered by Customer,State Bank of India,SBI,CUSTOMER_WHATSAPP_NUDGE,0.3938,MEDIUM,1,0,2,3,2026-08-22T11:31:28.357210
pay_npci_01560,mer_swiggy_inst,Swiggy Instamart Partner,cust_npci_01560,Sneha Sharma,sneha.sharma83@okaxis,+919823000195,2809.01,INR,RECOVERED,RECOVERED,TECHNICAL_DECLINE,U30,Beneficiary Bank Timeout After Debit (Ambiguous),Axis Bank,AXIS,STATUS_POLL_VERIFICATION,0.2651,LOW,0,0,1,3,2026-08-17T13:25:54.457079
pay_npci_01561,mer_tech_bazaar,Croma TechBazaar,cust_npci_01561,Amit Reddy,amit.reddy72@okpnb,+919854188416,394.94,INR,RECOVERED,RECOVERED,BUSINESS_DECLINE,ZA,Insufficient Funds in Customer Account,Punjab National Bank,PNB,SMART_PAYMENT_LINK,0.3392,LOW,9,0,1,3,2026-08-14T11:01:37.192162
pay_npci_01562,mer_quick_kart,Bharat QuickCommerce,cust_npci_01562,Aarav Mehta,aarav.mehta43@sbi,+919812286150,63464.91,INR,FAILED,PENDING,BUSINESS_DECLINE,ZA,Insufficient Funds in Customer Account,State Bank of India,SBI,SMART_PAYMENT_LINK,0.4426,MEDIUM,18,0,1,3,2026-08-22T17:49:30.927837
pay_npci_01563,mer_quick_kart,Bharat QuickCommerce,cust_npci_01563,Ananya Sharma,ananya.sharma47@icici,+919814222448,49.84,INR,FAILED,PENDING,BUSINESS_DECLINE,ZM,Invalid MPIN Entered by Customer,ICICI Bank,ICICI,CUSTOMER_WHATSAPP_NUDGE,0.3701,MEDIUM,0,0,2,3,2026-08-29T19:22:47.810368
pay_npci_01564,mer_tech_bazaar,Croma TechBazaar,cust_npci_01564,Sneha Chatterjee,sneha.chatterjee81@icici,+919892419865,1016.67,INR,RECOVERED,RECOVERED,TECHNICAL_DECLINE,U30,Beneficiary Bank Timeout After Debit (Ambiguous),ICICI Bank,ICICI,STATUS_POLL_VERIFICATION,0.1711,LOW,16,0,1,3,2026-08-18T14:38:58.248658
pay_npci_01565,mer_tech_bazaar,Croma TechBazaar,cust_npci_01565,Isha Gupta,isha.gupta68@oksbi,+919860035329,400.75,INR,FAILED,IN_REVIEW,BUSINESS_DECLINE,U19,Daily Per-Transaction or Cumulative Limit Exceeded,State Bank of India,SBI,SMART_PAYMENT_LINK,0.8152,HIGH,2,1,0,3,2026-08-12T13:26:20.953897
pay_npci_01566,mer_quick_kart,Bharat QuickCommerce,cust_npci_01566,Pooja Verma,pooja.verma13@okhdfcbank,+919826827391,4151.8,INR,RECOVERED,RECOVERED,BUSINESS_DECLINE,ZA,Insufficient Funds in Customer Account,HDFC Bank,HDFC,SMART_PAYMENT_LINK,0.2891,LOW,7,0,1,3,2026-08-31T18:38:40.671026
pay_npci_01567,mer_kirana_net,Desi Kirana Network,cust_npci_01567,Aarav Verma,aarav.verma34@oksbi,+919858009397,312.6,INR,RECOVERED,RECOVERED,TECHNICAL_DECLINE,U69,Remitter Bank System Unavailable / Switch Error,State Bank of India,SBI,DIRECT_GATEWAY_RETRY,0.1199,LOW,3,0,1,3,2026-08-24T19:27:59.842210
pay_npci_01568,mer_kirana_net,Desi Kirana Network,cust_npci_01568,Aditi Verma,aditi.verma10@sbi,+919884980600,441.92,INR,FAILED,PENDING,BUSINESS_DECLINE,U19,Daily Per-Transaction or Cumulative Limit Exceeded,State Bank of India,SBI,SMART_PAYMENT_LINK,0.3223,LOW,6,0,2,3,2026-08-09T15:37:36.949620
pay_npci_01569,mer_swiggy_inst,Swiggy Instamart Partner,cust_npci_01569,Deepak Sharma,deepak.sharma57@ibl,+919893543452,2484.25,INR,FAILED,PENDING,BUSINESS_DECLINE,ZA,Insufficient Funds in Customer Account,Yes Bank / PhonePe,YESB,SMART_PAYMENT_LINK,0.4575,MEDIUM,0,0,2,3,2026-08-07T08:35:52.957622
pay_npci_01570,mer_tech_bazaar,Croma TechBazaar,cust_npci_01570,Vikram Chopra,vikram.chopra36@okicici,+919875016751,93.71,INR,FAILED,PENDING,BUSINESS_DECLINE,ZA,Insufficient Funds in Customer Account,ICICI Bank,ICICI,SMART_PAYMENT_LINK,0.4213,MEDIUM,4,0,0,3,2026-08-05T17:37:25.267579
pay_npci_01571,mer_kirana_net,Desi Kirana Network,cust_npci_01571,Pooja Chatterjee,pooja.chatterjee50@oksbi,+919892285312,56618.81,INR,FAILED,PENDING,BUSINESS_DECLINE,ZM,Invalid MPIN Entered by Customer,State Bank of India,SBI,CUSTOMER_WHATSAPP_NUDGE,0.4509,MEDIUM,14,0,2,3,2026-08-13T11:38:14.531496
pay_npci_01572,mer_kirana_net,Desi Kirana Network,cust_npci_01572,Vivek Sharma,vivek.sharma89@okpnb,+919879795555,2208.64,INR,RECOVERED,RECOVERED,BUSINESS_DECLINE,ZM,Invalid MPIN Entered by Customer,Punjab National Bank,PNB,CUSTOMER_WHATSAPP_NUDGE,0.2387,LOW,16,0,1,3,2026-08-13T16:23:05.536739
pay_npci_01573,mer_kirana_net,Desi Kirana Network,cust_npci_01573,Ananya Sharma,ananya.sharma77@ibl,+919874389910,428.33,INR,FAILED,PENDING,BUSINESS_DECLINE,ZA,Insufficient Funds in Customer Account,Yes Bank / PhonePe,YESB,SMART_PAYMENT_LINK,0.4057,MEDIUM,1,0,1,3,2026-08-13T10:08:19.868564
pay_npci_01574,mer_demo_apex,Apex Retail India Ltd,cust_npci_01574,Ananya Chopra,ananya.chopra70@oksbi,+919882973791,396.04,INR,RECOVERED,RECOVERED,BUSINESS_DECLINE,ZA,Insufficient Funds in Customer Account,State Bank of India,SBI,SMART_PAYMENT_LINK,0.2635,LOW,16,0,1,3,2026-08-25T19:56:53.081814
pay_npci_01575,mer_quick_kart,Bharat QuickCommerce,cust_npci_01575,Deepak Gupta,deepak.gupta99@sbi,+919895533840,303.4,INR,RECOVERED,RECOVERED,TECHNICAL_DECLINE,U69,Remitter Bank System Unavailable / Switch Error,State Bank of India,SBI,DIRECT_GATEWAY_RETRY,0.02,LOW,13,0,1,3,2026-08-21T18:03:45.695059
pay_npci_01576,mer_tech_bazaar,Croma TechBazaar,cust_npci_01576,Varun Patel,varun.patel95@paytm,+919840149185,90.24,INR,FAILED,PENDING,BUSINESS_DECLINE,ZA,Insufficient Funds in Customer Account,Paytm Payments Bank,PYTM,SMART_PAYMENT_LINK,0.3087,LOW,10,0,0,3,2026-08-25T18:57:01.916839
pay_npci_01577,mer_tech_bazaar,Croma TechBazaar,cust_npci_01577,Pooja Kulkarni,pooja.kulkarni19@okpnb,+919899372339,36745.98,INR,FAILED,PENDING,BUSINESS_DECLINE,ZA,Insufficient Funds in Customer Account,Punjab National Bank,PNB,SMART_PAYMENT_LINK,0.467,MEDIUM,14,0,1,3,2026-09-01T21:34:00.451484
pay_npci_01578,mer_tech_bazaar,Croma TechBazaar,cust_npci_01578,Vivek Banerjee,vivek.banerjee41@okhdfcbank,+919895125768,417.9,INR,RECOVERED,RECOVERED,TECHNICAL_DECLINE,U69,Remitter Bank System Unavailable / Switch Error,HDFC Bank,HDFC,DIRECT_GATEWAY_RETRY,0.1231,LOW,4,0,1,3,2026-08-20T12:48:38.197936
pay_npci_01579,mer_swiggy_inst,Swiggy Instamart Partner,cust_npci_01579,Ananya Banerjee,ananya.banerjee40@okicici,+919876196272,28256.81,INR,FAILED,PENDING,BUSINESS_DECLINE,ZM,Invalid MPIN Entered by Customer,ICICI Bank,ICICI,CUSTOMER_WHATSAPP_NUDGE,0.4032,MEDIUM,11,0,2,3,2026-09-01T11:12:48.723088
pay_npci_01580,mer_demo_apex,Apex Retail India Ltd,cust_npci_01580,Isha Sharma,isha.sharma45@barodampay,+919814864524,291.1,INR,FAILED,PENDING,BUSINESS_DECLINE,U19,Daily Per-Transaction or Cumulative Limit Exceeded,Bank of Baroda,BOB,SMART_PAYMENT_LINK,0.3574,MEDIUM,6,0,2,3,2026-08-23T12:22:10.962185
pay_npci_01581,mer_tech_bazaar,Croma TechBazaar,cust_npci_01581,Gaurav Gupta,gaurav.gupta28@sbi,+919820606395,494.47,INR,RECOVERED,RECOVERED,BUSINESS_DECLINE,ZM,Invalid MPIN Entered by Customer,State Bank of India,SBI,CUSTOMER_WHATSAPP_NUDGE,0.2592,LOW,9,0,1,3,2026-08-08T15:30:58.486384
pay_npci_01582,mer_demo_apex,Apex Retail India Ltd,cust_npci_01582,Isha Chopra,isha.chopra33@oksbi,+919823105956,178.16,INR,RECOVERED,RECOVERED,TECHNICAL_DECLINE,U69,Remitter Bank System Unavailable / Switch Error,State Bank of India,SBI,DIRECT_GATEWAY_RETRY,0.02,LOW,11,0,1,3,2026-08-07T17:02:50.718341
pay_npci_01583,mer_quick_kart,Bharat QuickCommerce,cust_npci_01583,Sanjay Joshi,sanjay.joshi43@unionbank,+919874649018,37270.62,INR,FAILED,PENDING,BUSINESS_DECLINE,U19,Daily Per-Transaction or Cumulative Limit Exceeded,Union Bank of India,UBI,SMART_PAYMENT_LINK,0.5041,MEDIUM,14,0,0,3,2026-08-11T18:51:32.627476
pay_npci_01584,mer_kirana_net,Desi Kirana Network,cust_npci_01584,Tanvi Sharma,tanvi.sharma72@sbi,+919860747546,196.43,INR,RECOVERED,RECOVERED,TECHNICAL_DECLINE,U69,Remitter Bank System Unavailable / Switch Error,State Bank of India,SBI,DIRECT_GATEWAY_RETRY,0.02,LOW,10,0,1,3,2026-08-31T14:40:42.663461
pay_npci_01585,mer_swiggy_inst,Swiggy Instamart Partner,cust_npci_01585,Kiran Gupta,kiran.gupta19@sbi,+919846887644,162.16,INR,FAILED,IN_REVIEW,BUSINESS_DECLINE,K1,Suspected Fraud / Excessive Velocity Anomaly,State Bank of India,SBI,QUARANTINE_FOR_REVIEW,0.98,HIGH,16,1,1,3,2026-08-20T10:21:39.559655
pay_npci_01586,mer_swiggy_inst,Swiggy Instamart Partner,cust_npci_01586,Rahul Kulkarni,rahul.kulkarni92@okpnb,+919815699482,5797.79,INR,FAILED,PENDING,BUSINESS_DECLINE,ZA,Insufficient Funds in Customer Account,Punjab National Bank,PNB,SMART_PAYMENT_LINK,0.432,MEDIUM,2,0,2,3,2026-08-28T21:58:44.131961
pay_npci_01587,mer_tech_bazaar,Croma TechBazaar,cust_npci_01587,Kavita Reddy,kavita.reddy64@ibl,+919845525840,416.73,INR,FAILED,PENDING,BUSINESS_DECLINE,ZA,Insufficient Funds in Customer Account,Yes Bank / PhonePe,YESB,SMART_PAYMENT_LINK,0.2974,LOW,10,0,0,3,2026-08-23T17:48:45.824388
pay_npci_01588,mer_quick_kart,Bharat QuickCommerce,cust_npci_01588,Sanjay Verma,sanjay.verma70@unionbank,+919842739940,162.04,INR,RECOVERED,RECOVERED,TECHNICAL_DECLINE,U69,Remitter Bank System Unavailable / Switch Error,Union Bank of India,UBI,DIRECT_GATEWAY_RETRY,0.02,LOW,17,0,1,3,2026-08-30T13:14:06.222513
pay_npci_01589,mer_kirana_net,Desi Kirana Network,cust_npci_01589,Ananya Desai,ananya.desai99@okhdfcbank,+919852791346,487.46,INR,RECOVERED,RECOVERED,BUSINESS_DECLINE,ZM,Invalid MPIN Entered by Customer,HDFC Bank,HDFC,CUSTOMER_WHATSAPP_NUDGE,0.2856,LOW,9,0,1,3,2026-08-16T07:00:03.409483
pay_npci_01590,mer_demo_apex,Apex Retail India Ltd,cust_npci_01590,Aarav Desai,aarav.desai77@hdfcbank,+919863654564,2162.01,INR,FAILED,PENDING,BUSINESS_DECLINE,ZA,Insufficient Funds in Customer Account,HDFC Bank,HDFC,SMART_PAYMENT_LINK,0.414,MEDIUM,5,0,2,3,2026-08-31T13:45:59.348641
pay_npci_01591,mer_demo_apex,Apex Retail India Ltd,cust_npci_01591,Pooja Chopra,pooja.chopra42@okhdfcbank,+919879133281,336.23,INR,FAILED,PENDING,BUSINESS_DECLINE,U19,Daily Per-Transaction or Cumulative Limit Exceeded,HDFC Bank,HDFC,SMART_PAYMENT_LINK,0.454,MEDIUM,2,0,1,3,2026-08-19T21:40:20.747986
pay_npci_01592,mer_swiggy_inst,Swiggy Instamart Partner,cust_npci_01592,Ananya Verma,ananya.verma90@axisbank,+919871005899,3764.03,INR,FAILED,IN_REVIEW,BUSINESS_DECLINE,K1,Suspected Fraud / Excessive Velocity Anomaly,Axis Bank,AXIS,QUARANTINE_FOR_REVIEW,0.98,HIGH,12,1,0,3,2026-08-30T18:33:09.353041
pay_npci_01593,mer_tech_bazaar,Croma TechBazaar,cust_npci_01593,Kiran Kumar,kiran.kumar63@ybl,+919887708430,37.39,INR,RECOVERED,RECOVERED,BUSINESS_DECLINE,ZA,Insufficient Funds in Customer Account,Yes Bank / PhonePe,YESB,SMART_PAYMENT_LINK,0.2905,LOW,10,0,1,3,2026-08-26T10:06:52.698181
pay_npci_01594,mer_demo_apex,Apex Retail India Ltd,cust_npci_01594,Manish Gupta,manish.gupta25@okicici,+919895800384,64126.74,INR,FAILED,PENDING,BUSINESS_DECLINE,ZM,Invalid MPIN Entered by Customer,ICICI Bank,ICICI,CUSTOMER_WHATSAPP_NUDGE,0.4746,MEDIUM,7,0,2,3,2026-08-12T18:52:53.246211
pay_npci_01595,mer_demo_apex,Apex Retail India Ltd,cust_npci_01595,Vivek Joshi,vivek.joshi41@okicici,+919889984267,455.49,INR,FAILED,PENDING,BUSINESS_DECLINE,ZM,Invalid MPIN Entered by Customer,ICICI Bank,ICICI,CUSTOMER_WHATSAPP_NUDGE,0.4154,MEDIUM,3,0,0,3,2026-09-01T12:21:26.023268
pay_npci_01596,mer_kirana_net,Desi Kirana Network,cust_npci_01596,Tanvi Patel,tanvi.patel93@icici,+919826259140,109.22,INR,RECOVERED,RECOVERED,TECHNICAL_DECLINE,BT,Issuer Switch Timeout During 2FA Verification,ICICI Bank,ICICI,DIRECT_GATEWAY_RETRY,0.0474,LOW,17,0,1,3,2026-08-07T17:23:17.337810
pay_npci_01597,mer_demo_apex,Apex Retail India Ltd,cust_npci_01597,Rohan Chatterjee,rohan.chatterjee48@oksbi,+919817085546,307.13,INR,RECOVERED,RECOVERED,BUSINESS_DECLINE,ZA,Insufficient Funds in Customer Account,State Bank of India,SBI,SMART_PAYMENT_LINK,0.3089,LOW,17,0,1,3,2026-08-07T16:11:57.962700
pay_npci_01598,mer_swiggy_inst,Swiggy Instamart Partner,cust_npci_01598,Tanvi Desai,tanvi.desai16@barodampay,+919894605374,4413.4,INR,FAILED,PENDING,TECHNICAL_DECLINE,U69,Remitter Bank System Unavailable / Switch Error,Bank of Baroda,BOB,DIRECT_GATEWAY_RETRY,0.02,LOW,6,0,0,3,2026-08-12T15:08:14.345354
pay_npci_01599,mer_kirana_net,Desi Kirana Network,cust_npci_01599,Amit Banerjee,amit.banerjee30@hdfcbank,+919892492866,164.05,INR,RECOVERED,RECOVERED,TECHNICAL_DECLINE,BT,Issuer Switch Timeout During 2FA Verification,HDFC Bank,HDFC,DIRECT_GATEWAY_RETRY,0.02,LOW,17,0,1,3,2026-09-01T10:25:53.469945
pay_npci_01600,mer_tech_bazaar,Croma TechBazaar,cust_npci_01600,Gaurav Kulkarni,gaurav.kulkarni87@icici,+919834035479,416.99,INR,RECOVERED,RECOVERED,TECHNICAL_DECLINE,U69,Remitter Bank System Unavailable / Switch Error,ICICI Bank,ICICI,DIRECT_GATEWAY_RETRY,0.02,LOW,16,0,1,3,2026-08-13T13:36:49.156069
pay_npci_01601,mer_demo_apex,Apex Retail India Ltd,cust_npci_01601,Amit Reddy,amit.reddy79@okicici,+919890089426,313.86,INR,RECOVERED,RECOVERED,TECHNICAL_DECLINE,U30,Beneficiary Bank Timeout After Debit (Ambiguous),ICICI Bank,ICICI,STATUS_POLL_VERIFICATION,0.1674,LOW,14,0,1,3,2026-08-11T21:04:03.872724
pay_npci_01602,mer_demo_apex,Apex Retail India Ltd,cust_npci_01602,Aditi Singh,aditi.singh61@okicici,+919852259760,374.63,INR,RECOVERED,RECOVERED,BUSINESS_DECLINE,ZA,Insufficient Funds in Customer Account,ICICI Bank,ICICI,SMART_PAYMENT_LINK,0.3231,LOW,7,0,1,3,2026-08-07T15:47:26.472193
pay_npci_01603,mer_quick_kart,Bharat QuickCommerce,cust_npci_01603,Aarav Chopra,aarav.chopra50@sbi,+919885787224,1561.65,INR,RECOVERED,RECOVERED,TECHNICAL_DECLINE,U69,Remitter Bank System Unavailable / Switch Error,State Bank of India,SBI,DIRECT_GATEWAY_RETRY,0.117,LOW,2,0,1,3,2026-08-27T19:27:11.299892
pay_npci_01604,mer_kirana_net,Desi Kirana Network,cust_npci_01604,Sneha Reddy,sneha.reddy66@sbi,+919882452358,212.64,INR,FAILED,PENDING,TECHNICAL_DECLINE,U69,Remitter Bank System Unavailable / Switch Error,State Bank of India,SBI,DIRECT_GATEWAY_RETRY,0.4179,MEDIUM,0,1,1,3,2026-09-02T09:39:16.830336
pay_npci_01605,mer_demo_apex,Apex Retail India Ltd,cust_npci_01605,Zoya Reddy,zoya.reddy16@unionbank,+919822425449,294.5,INR,RECOVERED,RECOVERED,BUSINESS_DECLINE,ZA,Insufficient Funds in Customer Account,Union Bank of India,UBI,SMART_PAYMENT_LINK,0.288,LOW,9,0,1,3,2026-08-10T11:02:30.372833
pay_npci_01606,mer_quick_kart,Bharat QuickCommerce,cust_npci_01606,Vikram Chopra,vikram.chopra47@icici,+919847362843,31750.2,INR,FAILED,PENDING,BUSINESS_DECLINE,ZA,Insufficient Funds in Customer Account,ICICI Bank,ICICI,SMART_PAYMENT_LINK,0.5768,MEDIUM,4,0,2,3,2026-08-11T09:52:07.586543
pay_npci_01607,mer_swiggy_inst,Swiggy Instamart Partner,cust_npci_01607,Kiran Rao,kiran.rao43@icici,+919833567195,682.35,INR,RECOVERED,RECOVERED,BUSINESS_DECLINE,ZA,Insufficient Funds in Customer Account,ICICI Bank,ICICI,SMART_PAYMENT_LINK,0.2605,LOW,9,0,1,3,2026-08-12T06:16:53.125632
pay_npci_01608,mer_kirana_net,Desi Kirana Network,cust_npci_01608,Aarav Chopra,aarav.chopra30@oksbi,+919836166208,185.41,INR,RECOVERED,RECOVERED,TECHNICAL_DECLINE,U69,Remitter Bank System Unavailable / Switch Error,State Bank of India,SBI,DIRECT_GATEWAY_RETRY,0.3154,LOW,9,1,1,3,2026-08-15T21:07:46.738756
pay_npci_01609,mer_tech_bazaar,Croma TechBazaar,cust_npci_01609,Neha Kumar,neha.kumar99@axisbank,+919891433642,48.75,INR,RECOVERED,RECOVERED,BUSINESS_DECLINE,ZA,Insufficient Funds in Customer Account,Axis Bank,AXIS,SMART_PAYMENT_LINK,0.3036,LOW,15,0,1,3,2026-09-04T09:54:08.661188
pay_npci_01610,mer_quick_kart,Bharat QuickCommerce,cust_npci_01610,Priya Rao,priya.rao30@oksbi,+919895794712,2910.07,INR,RECOVERED,RECOVERED,BUSINESS_DECLINE,ZA,Insufficient Funds in Customer Account,State Bank of India,SBI,SMART_PAYMENT_LINK,0.3148,LOW,11,0,1,3,2026-08-26T16:27:31.992595
pay_npci_01611,mer_quick_kart,Bharat QuickCommerce,cust_npci_01611,Kavita Gupta,kavita.gupta13@paytm,+919852932626,1285.17,INR,FAILED,PENDING,BUSINESS_DECLINE,U19,Daily Per-Transaction or Cumulative Limit Exceeded,Paytm Payments Bank,PYTM,SMART_PAYMENT_LINK,0.4187,MEDIUM,4,0,1,3,2026-09-01T19:33:56.603880
pay_npci_01612,mer_quick_kart,Bharat QuickCommerce,cust_npci_01612,Vikram Rao,vikram.rao69@paytm,+919839993243,1720.15,INR,FAILED,IN_REVIEW,BUSINESS_DECLINE,K1,Suspected Fraud / Excessive Velocity Anomaly,Paytm Payments Bank,PYTM,QUARANTINE_FOR_REVIEW,0.98,HIGH,7,1,1,3,2026-08-21T12:27:13.934779
pay_npci_01613,mer_demo_apex,Apex Retail India Ltd,cust_npci_01613,Ananya Chatterjee,ananya.chatterjee18@okaxis,+919847265908,3972.93,INR,FAILED,PENDING,BUSINESS_DECLINE,ZA,Insufficient Funds in Customer Account,Axis Bank,AXIS,SMART_PAYMENT_LINK,0.4568,MEDIUM,3,0,2,3,2026-09-03T14:15:20.181889
pay_npci_01614,mer_demo_apex,Apex Retail India Ltd,cust_npci_01614,Aditi Reddy,aditi.reddy35@paytm,+919884755802,297.98,INR,RECOVERED,RECOVERED,TECHNICAL_DECLINE,BT,Issuer Switch Timeout During 2FA Verification,Paytm Payments Bank,PYTM,DIRECT_GATEWAY_RETRY,0.1133,LOW,5,0,1,3,2026-08-30T09:29:55.835776
pay_npci_01615,mer_swiggy_inst,Swiggy Instamart Partner,cust_npci_01615,Aarav Chatterjee,aarav.chatterjee53@barodampay,+919870985202,3777.82,INR,FAILED,PENDING,BUSINESS_DECLINE,ZA,Insufficient Funds in Customer Account,Bank of Baroda,BOB,SMART_PAYMENT_LINK,0.4194,MEDIUM,1,0,2,3,2026-08-28T03:06:34.383854
pay_npci_01616,mer_swiggy_inst,Swiggy Instamart Partner,cust_npci_01616,Neha Joshi,neha.joshi74@ybl,+919898743123,410.94,INR,FAILED,PENDING,BUSINESS_DECLINE,ZA,Insufficient Funds in Customer Account,Yes Bank / PhonePe,YESB,SMART_PAYMENT_LINK,0.4492,MEDIUM,4,0,0,3,2026-08-08T21:58:10.268570
pay_npci_01617,mer_kirana_net,Desi Kirana Network,cust_npci_01617,Kiran Chatterjee,kiran.chatterjee34@ibl,+919882462067,266.63,INR,FAILED,PENDING,BUSINESS_DECLINE,ZA,Insufficient Funds in Customer Account,Yes Bank / PhonePe,YESB,SMART_PAYMENT_LINK,0.4121,MEDIUM,4,0,0,3,2026-08-14T21:59:47.207259
pay_npci_01618,mer_quick_kart,Bharat QuickCommerce,cust_npci_01618,Rahul Gupta,rahul.gupta54@kmbl,+919877630521,466.7,INR,FAILED,PENDING,TECHNICAL_DECLINE,BT,Issuer Switch Timeout During 2FA Verification,Kotak Mahindra Bank,KKBK,DIRECT_GATEWAY_RETRY,0.1259,LOW,3,0,1,3,2026-08-23T11:24:55.879914
pay_npci_01619,mer_swiggy_inst,Swiggy Instamart Partner,cust_npci_01619,Tanvi Gupta,tanvi.gupta95@sbi,+919893237867,24.09,INR,RECOVERED,RECOVERED,TECHNICAL_DECLINE,U69,Remitter Bank System Unavailable / Switch Error,State Bank of India,SBI,DIRECT_GATEWAY_RETRY,0.0769,LOW,4,0,1,3,2026-08-24T15:46:07.871719
pay_npci_01620,mer_quick_kart,Bharat QuickCommerce,cust_npci_01620,Manish Joshi,manish.joshi80@sbi,+919896140653,214.69,INR,FAILED,IN_REVIEW,BUSINESS_DECLINE,K1,Suspected Fraud / Excessive Velocity Anomaly,State Bank of India,SBI,QUARANTINE_FOR_REVIEW,0.98,HIGH,4,1,1,3,2026-08-30T10:53:56.020064
pay_npci_01621,mer_demo_apex,Apex Retail India Ltd,cust_npci_01621,Aarav Chopra,aarav.chopra50@paytm,+919847365336,327.78,INR,RECOVERED,RECOVERED,BUSINESS_DECLINE,ZA,Insufficient Funds in Customer Account,Paytm Payments Bank,PYTM,SMART_PAYMENT_LINK,0.2886,LOW,15,0,1,3,2026-08-25T20:39:06.398180
pay_npci_01622,mer_kirana_net,Desi Kirana Network,cust_npci_01622,Sanjay Banerjee,sanjay.banerjee60@paytm,+919856808396,106.51,INR,RECOVERED,RECOVERED,BUSINESS_DECLINE,U19,Daily Per-Transaction or Cumulative Limit Exceeded,Paytm Payments Bank,PYTM,SMART_PAYMENT_LINK,0.3019,LOW,9,0,1,3,2026-09-01T14:56:07.106514
pay_npci_01623,mer_swiggy_inst,Swiggy Instamart Partner,cust_npci_01623,Isha Verma,isha.verma73@unionbank,+919868207637,278.01,INR,RECOVERED,RECOVERED,BUSINESS_DECLINE,ZA,Insufficient Funds in Customer Account,Union Bank of India,UBI,SMART_PAYMENT_LINK,0.3261,LOW,6,0,1,3,2026-09-02T19:33:19.851683
pay_npci_01624,mer_kirana_net,Desi Kirana Network,cust_npci_01624,Sanjay Desai,sanjay.desai23@sbi,+919824808103,156.14,INR,RECOVERED,RECOVERED,BUSINESS_DECLINE,ZA,Insufficient Funds in Customer Account,State Bank of India,SBI,SMART_PAYMENT_LINK,0.3034,LOW,8,0,1,3,2026-08-25T20:32:16.139709
pay_npci_01625,mer_tech_bazaar,Croma TechBazaar,cust_npci_01625,Rohan Desai,rohan.desai98@hdfcbank,+919873707668,66.67,INR,FAILED,PENDING,BUSINESS_DECLINE,U19,Daily Per-Transaction or Cumulative Limit Exceeded,HDFC Bank,HDFC,SMART_PAYMENT_LINK,0.3294,LOW,14,0,2,3,2026-09-03T06:45:58.452882
pay_npci_01626,mer_demo_apex,Apex Retail India Ltd,cust_npci_01626,Varun Chopra,varun.chopra64@paytm,+919864251246,294.37,INR,RECOVERED,RECOVERED,BUSINESS_DECLINE,ZA,Insufficient Funds in Customer Account,Paytm Payments Bank,PYTM,SMART_PAYMENT_LINK,0.3281,LOW,10,0,1,3,2026-08-21T11:16:42.689871
pay_npci_01627,mer_tech_bazaar,Croma TechBazaar,cust_npci_01627,Sunil Kulkarni,sunil.kulkarni34@okicici,+919865628325,3616.88,INR,RECOVERED,RECOVERED,TECHNICAL_DECLINE,U69,Remitter Bank System Unavailable / Switch Error,ICICI Bank,ICICI,DIRECT_GATEWAY_RETRY,0.1018,LOW,0,0,1,3,2026-08-21T11:46:50.246526
pay_npci_01628,mer_swiggy_inst,Swiggy Instamart Partner,cust_npci_01628,Kiran Chatterjee,kiran.chatterjee86@paytm,+919881376104,85.08,INR,FAILED,PENDING,BUSINESS_DECLINE,XH,Customer Account Blocked / Frozen / Dormant,Paytm Payments Bank,PYTM,ESCALATE_TO_HUMAN,0.5664,MEDIUM,13,0,2,3,2026-08-12T20:12:43.176678
pay_npci_01629,mer_demo_apex,Apex Retail India Ltd,cust_npci_01629,Deepak Banerjee,deepak.banerjee51@axisbank,+919821876709,131.21,INR,RECOVERED,RECOVERED,BUSINESS_DECLINE,ZA,Insufficient Funds in Customer Account,Axis Bank,AXIS,SMART_PAYMENT_LINK,0.2865,LOW,6,0,1,3,2026-08-31T13:34:15.837382
pay_npci_01630,mer_swiggy_inst,Swiggy Instamart Partner,cust_npci_01630,Gaurav Singh,gaurav.singh49@paytm,+919847663807,4125.69,INR,RECOVERED,RECOVERED,BUSINESS_DECLINE,ZM,Invalid MPIN Entered by Customer,Paytm Payments Bank,PYTM,CUSTOMER_WHATSAPP_NUDGE,0.2359,LOW,17,0,1,3,2026-09-01T19:46:01.462916
pay_npci_01631,mer_demo_apex,Apex Retail India Ltd,cust_npci_01631,Gaurav Kulkarni,gaurav.kulkarni11@okpnb,+919835194462,80.89,INR,RECOVERED,RECOVERED,BUSINESS_DECLINE,ZA,Insufficient Funds in Customer Account,Punjab National Bank,PNB,SMART_PAYMENT_LINK,0.3178,LOW,12,0,1,3,2026-08-12T19:35:44.340669
pay_npci_01632,mer_tech_bazaar,Croma TechBazaar,cust_npci_01632,Varun Sharma,varun.sharma68@sbi,+919863986810,395.94,INR,RECOVERED,RECOVERED,BUSINESS_DECLINE,ZA,Insufficient Funds in Customer Account,State Bank of India,SBI,SMART_PAYMENT_LINK,0.3041,LOW,17,0,1,3,2026-08-07T10:43:46.368163
pay_npci_01633,mer_demo_apex,Apex Retail India Ltd,cust_npci_01633,Vikram Patel,vikram.patel50@paytm,+919851280581,227.58,INR,FAILED,IN_REVIEW,BUSINESS_DECLINE,K1,Suspected Fraud / Excessive Velocity Anomaly,Paytm Payments Bank,PYTM,QUARANTINE_FOR_REVIEW,0.98,HIGH,16,1,2,3,2026-09-01T07:32:48.766683
pay_npci_01634,mer_tech_bazaar,Croma TechBazaar,cust_npci_01634,Isha Gupta,isha.gupta54@hdfcbank,+919815026320,172.6,INR,RECOVERED,RECOVERED,BUSINESS_DECLINE,ZM,Invalid MPIN Entered by Customer,HDFC Bank,HDFC,CUSTOMER_WHATSAPP_NUDGE,0.2303,LOW,18,0,1,3,2026-08-21T21:26:43.859250
pay_npci_01635,mer_quick_kart,Bharat QuickCommerce,cust_npci_01635,Neha Sharma,neha.sharma75@okpnb,+919880912827,1357.46,INR,RECOVERED,RECOVERED,BUSINESS_DECLINE,ZA,Insufficient Funds in Customer Account,Punjab National Bank,PNB,SMART_PAYMENT_LINK,0.2788,LOW,8,0,1,3,2026-08-22T19:45:23.131940
pay_npci_01636,mer_demo_apex,Apex Retail India Ltd,cust_npci_01636,Varun Reddy,varun.reddy79@paytm,+919817981644,3226.57,INR,RECOVERED,RECOVERED,BUSINESS_DECLINE,ZM,Invalid MPIN Entered by Customer,Paytm Payments Bank,PYTM,CUSTOMER_WHATSAPP_NUDGE,0.2391,LOW,17,0,1,3,2026-08-15T11:23:52.254713
pay_npci_01637,mer_kirana_net,Desi Kirana Network,cust_npci_01637,Tanvi Mehta,tanvi.mehta54@axisbank,+919859621239,4602.56,INR,RECOVERED,RECOVERED,BUSINESS_DECLINE,ZA,Insufficient Funds in Customer Account,Axis Bank,AXIS,SMART_PAYMENT_LINK,0.2631,LOW,9,0,1,3,2026-08-22T20:49:56.530359
pay_npci_01638,mer_quick_kart,Bharat QuickCommerce,cust_npci_01638,Varun Singh,varun.singh73@okicici,+919832503468,308.6,INR,FAILED,PENDING,BUSINESS_DECLINE,U19,Daily Per-Transaction or Cumulative Limit Exceeded,ICICI Bank,ICICI,SMART_PAYMENT_LINK,0.4577,MEDIUM,4,0,1,3,2026-08-14T12:35:55.303287
pay_npci_01639,mer_tech_bazaar,Croma TechBazaar,cust_npci_01639,Pranav Sharma,pranav.sharma98@sbi,+919876276665,150.65,INR,RECOVERED,RECOVERED,BUSINESS_DECLINE,ZA,Insufficient Funds in Customer Account,State Bank of India,SBI,SMART_PAYMENT_LINK,0.3027,LOW,14,0,1,3,2026-08-11T12:38:28.417120
pay_npci_01640,mer_quick_kart,Bharat QuickCommerce,cust_npci_01640,Tanvi Banerjee,tanvi.banerjee42@hdfcbank,+919868897948,433.22,INR,RECOVERED,RECOVERED,TECHNICAL_DECLINE,U69,Remitter Bank System Unavailable / Switch Error,HDFC Bank,HDFC,DIRECT_GATEWAY_RETRY,0.02,LOW,17,0,1,3,2026-08-14T16:33:41.505574
pay_npci_01641,mer_quick_kart,Bharat QuickCommerce,cust_npci_01641,Kavita Reddy,kavita.reddy61@ibl,+919879485897,3144.27,INR,FAILED,PENDING,TECHNICAL_DECLINE,U69,Remitter Bank System Unavailable / Switch Error,Yes Bank / PhonePe,YESB,DIRECT_GATEWAY_RETRY,0.1319,LOW,2,0,1,3,2026-08-25T09:43:41.505192
pay_npci_01642,mer_kirana_net,Desi Kirana Network,cust_npci_01642,Varun Banerjee,varun.banerjee42@oksbi,+919878831962,133.0,INR,RECOVERED,RECOVERED,BUSINESS_DECLINE,ZM,Invalid MPIN Entered by Customer,State Bank of India,SBI,CUSTOMER_WHATSAPP_NUDGE,0.2839,LOW,8,0,1,3,2026-08-16T13:31:52.662013
pay_npci_01643,mer_kirana_net,Desi Kirana Network,cust_npci_01643,Amit Chopra,amit.chopra28@oksbi,+919878464415,223.97,INR,FAILED,IN_REVIEW,BUSINESS_DECLINE,ZA,Insufficient Funds in Customer Account,State Bank of India,SBI,SMART_PAYMENT_LINK,0.7763,HIGH,1,1,2,3,2026-08-29T20:09:55.881957
pay_npci_01644,mer_tech_bazaar,Croma TechBazaar,cust_npci_01644,Pranav Rao,pranav.rao88@oksbi,+919880131069,52.52,INR,RECOVERED,RECOVERED,TECHNICAL_DECLINE,BT,Issuer Switch Timeout During 2FA Verification,State Bank of India,SBI,DIRECT_GATEWAY_RETRY,0.0422,LOW,9,0,1,3,2026-08-29T19:12:32.791277
pay_npci_01645,mer_quick_kart,Bharat QuickCommerce,cust_npci_01645,Neha Desai,neha.desai65@okpnb,+919879386240,142.6,INR,RECOVERED,RECOVERED,BUSINESS_DECLINE,ZM,Invalid MPIN Entered by Customer,Punjab National Bank,PNB,CUSTOMER_WHATSAPP_NUDGE,0.2896,LOW,18,0,1,3,2026-08-12T09:34:00.230868
pay_npci_01646,mer_kirana_net,Desi Kirana Network,cust_npci_01646,Rahul Verma,rahul.verma12@hdfcbank,+919818287822,3981.18,INR,FAILED,PENDING,BUSINESS_DECLINE,ZA,Insufficient Funds in Customer Account,HDFC Bank,HDFC,SMART_PAYMENT_LINK,0.261,LOW,6,0,1,3,2026-08-06T10:53:40.984057
pay_npci_01647,mer_tech_bazaar,Croma TechBazaar,cust_npci_01647,Rahul Sharma,rahul.sharma43@okaxis,+919871763676,3400.23,INR,FAILED,PENDING,BUSINESS_DECLINE,U19,Daily Per-Transaction or Cumulative Limit Exceeded,Axis Bank,AXIS,SMART_PAYMENT_LINK,0.4575,MEDIUM,2,0,1,3,2026-08-18T18:38:36.092227
pay_npci_01648,mer_swiggy_inst,Swiggy Instamart Partner,cust_npci_01648,Sunil Patel,sunil.patel97@okhdfcbank,+919817779066,247.6,INR,RECOVERED,RECOVERED,BUSINESS_DECLINE,ZM,Invalid MPIN Entered by Customer,HDFC Bank,HDFC,CUSTOMER_WHATSAPP_NUDGE,0.2809,LOW,10,0,1,3,2026-08-05T11:58:41.356809
pay_npci_01649,mer_kirana_net,Desi Kirana Network,cust_npci_01649,Neha Kumar,neha.kumar71@okhdfcbank,+919832138680,328.58,INR,RECOVERED,RECOVERED,BUSINESS_DECLINE,ZM,Invalid MPIN Entered by Customer,HDFC Bank,HDFC,CUSTOMER_WHATSAPP_NUDGE,0.2224,LOW,9,0,1,3,2026-08-08T17:17:00.786111
pay_npci_01650,mer_quick_kart,Bharat QuickCommerce,cust_npci_01650,Sunil Patel,sunil.patel22@icici,+919877335739,62382.89,INR,FAILED,PENDING,BUSINESS_DECLINE,ZA,Insufficient Funds in Customer Account,ICICI Bank,ICICI,SMART_PAYMENT_LINK,0.613,MEDIUM,1,0,1,3,2026-08-10T09:03:18.492443
pay_npci_01651,mer_quick_kart,Bharat QuickCommerce,cust_npci_01651,Aarav Reddy,aarav.reddy43@ibl,+919854222054,3612.08,INR,FAILED,PENDING,BUSINESS_DECLINE,ZM,Invalid MPIN Entered by Customer,Yes Bank / PhonePe,YESB,CUSTOMER_WHATSAPP_NUDGE,0.4126,MEDIUM,3,0,2,3,2026-08-31T21:08:41.807243
pay_npci_01652,mer_demo_apex,Apex Retail India Ltd,cust_npci_01652,Sneha Kumar,sneha.kumar56@okicici,+919835011593,1859.43,INR,FAILED,PENDING,BUSINESS_DECLINE,ZA,Insufficient Funds in Customer Account,ICICI Bank,ICICI,SMART_PAYMENT_LINK,0.2836,LOW,8,0,2,3,2026-08-18T17:54:03.352060
pay_npci_01653,mer_kirana_net,Desi Kirana Network,cust_npci_01653,Amit Sharma,amit.sharma42@ibl,+919847713075,3218.57,INR,FAILED,IN_REVIEW,BUSINESS_DECLINE,K1,Suspected Fraud / Excessive Velocity Anomaly,Yes Bank / PhonePe,YESB,QUARANTINE_FOR_REVIEW,0.98,HIGH,0,1,1,3,2026-08-24T15:33:56.720542
pay_npci_01654,mer_demo_apex,Apex Retail India Ltd,cust_npci_01654,Aditi Reddy,aditi.reddy82@paytm,+919892046946,88.84,INR,FAILED,PENDING,BUSINESS_DECLINE,ZA,Insufficient Funds in Customer Account,Paytm Payments Bank,PYTM,SMART_PAYMENT_LINK,0.3863,MEDIUM,4,0,2,3,2026-09-01T12:18:48.977631
pay_npci_01655,mer_swiggy_inst,Swiggy Instamart Partner,cust_npci_01655,Varun Nair,varun.nair72@sbi,+919886464827,341.57,INR,RECOVERED,RECOVERED,BUSINESS_DECLINE,ZM,Invalid MPIN Entered by Customer,State Bank of India,SBI,CUSTOMER_WHATSAPP_NUDGE,0.2974,LOW,12,0,1,3,2026-09-02T20:20:41.112397
pay_npci_01656,mer_swiggy_inst,Swiggy Instamart Partner,cust_npci_01656,Varun Kulkarni,varun.kulkarni92@sbi,+919822405845,3715.32,INR,RECOVERED,RECOVERED,BUSINESS_DECLINE,ZA,Insufficient Funds in Customer Account,State Bank of India,SBI,SMART_PAYMENT_LINK,0.2796,LOW,15,0,1,3,2026-08-11T14:34:22.612606
pay_npci_01657,mer_demo_apex,Apex Retail India Ltd,cust_npci_01657,Kavita Reddy,kavita.reddy21@ybl,+919867694947,20.62,INR,RECOVERED,RECOVERED,BUSINESS_DECLINE,ZA,Insufficient Funds in Customer Account,Yes Bank / PhonePe,YESB,SMART_PAYMENT_LINK,0.3029,LOW,14,0,1,3,2026-08-16T18:10:28.558588
pay_npci_01658,mer_demo_apex,Apex Retail India Ltd,cust_npci_01658,Manish Gupta,manish.gupta72@ibl,+919811767821,1064.31,INR,RECOVERED,RECOVERED,BUSINESS_DECLINE,ZA,Insufficient Funds in Customer Account,Yes Bank / PhonePe,YESB,SMART_PAYMENT_LINK,0.2997,LOW,13,0,1,3,2026-09-01T16:18:09.423724
pay_npci_01659,mer_quick_kart,Bharat QuickCommerce,cust_npci_01659,Kiran Mehta,kiran.mehta72@okpnb,+919847028498,453.87,INR,FAILED,PENDING,TECHNICAL_DECLINE,U69,Remitter Bank System Unavailable / Switch Error,Punjab National Bank,PNB,DIRECT_GATEWAY_RETRY,0.4256,MEDIUM,5,1,1,3,2026-08-09T16:15:30.784902
pay_npci_01660,mer_swiggy_inst,Swiggy Instamart Partner,cust_npci_01660,Kiran Desai,kiran.desai97@oksbi,+919885824520,63.47,INR,RECOVERED,RECOVERED,BUSINESS_DECLINE,ZA,Insufficient Funds in Customer Account,State Bank of India,SBI,SMART_PAYMENT_LINK,0.3113,LOW,15,0,1,3,2026-09-01T17:50:09.769372
pay_npci_01661,mer_demo_apex,Apex Retail India Ltd,cust_npci_01661,Varun Nair,varun.nair11@icici,+919884176193,292.56,INR,RECOVERED,RECOVERED,TECHNICAL_DECLINE,U30,Beneficiary Bank Timeout After Debit (Ambiguous),ICICI Bank,ICICI,STATUS_POLL_VERIFICATION,0.3023,LOW,1,0,1,3,2026-08-30T19:02:50.912924
pay_npci_01662,mer_demo_apex,Apex Retail India Ltd,cust_npci_01662,Ananya Gupta,ananya.gupta78@hdfcbank,+919810778247,326.0,INR,RECOVERED,RECOVERED,BUSINESS_DECLINE,ZA,Insufficient Funds in Customer Account,HDFC Bank,HDFC,SMART_PAYMENT_LINK,0.2723,LOW,16,0,1,3,2026-08-12T14:58:51.922278
pay_npci_01663,mer_tech_bazaar,Croma TechBazaar,cust_npci_01663,Amit Kumar,amit.kumar46@okpnb,+919832651110,291.42,INR,FAILED,PENDING,BUSINESS_DECLINE,ZA,Insufficient Funds in Customer Account,Punjab National Bank,PNB,SMART_PAYMENT_LINK,0.4363,MEDIUM,3,0,2,3,2026-08-28T18:26:05.073266
pay_npci_01664,mer_swiggy_inst,Swiggy Instamart Partner,cust_npci_01664,Varun Joshi,varun.joshi81@okhdfcbank,+919834975536,147.29,INR,FAILED,PENDING,BUSINESS_DECLINE,ZM,Invalid MPIN Entered by Customer,HDFC Bank,HDFC,CUSTOMER_WHATSAPP_NUDGE,0.288,LOW,12,0,0,3,2026-08-22T23:43:52.427056
pay_npci_01665,mer_tech_bazaar,Croma TechBazaar,cust_npci_01665,Rahul Joshi,rahul.joshi81@oksbi,+919831695131,275.06,INR,RECOVERED,RECOVERED,TECHNICAL_DECLINE,U69,Remitter Bank System Unavailable / Switch Error,State Bank of India,SBI,DIRECT_GATEWAY_RETRY,0.02,LOW,15,0,1,3,2026-08-13T10:37:54.838105
pay_npci_01666,mer_kirana_net,Desi Kirana Network,cust_npci_01666,Varun Kumar,varun.kumar13@hdfcbank,+919863977801,251.67,INR,RECOVERED,RECOVERED,BUSINESS_DECLINE,ZA,Insufficient Funds in Customer Account,HDFC Bank,HDFC,SMART_PAYMENT_LINK,0.3167,LOW,12,0,1,3,2026-08-27T14:42:37.316387
pay_npci_01667,mer_demo_apex,Apex Retail India Ltd,cust_npci_01667,Ananya Desai,ananya.desai14@okpnb,+919841295585,3368.75,INR,RECOVERED,RECOVERED,BUSINESS_DECLINE,ZA,Insufficient Funds in Customer Account,Punjab National Bank,PNB,SMART_PAYMENT_LINK,0.3041,LOW,16,0,1,3,2026-09-03T17:52:52.191217
pay_npci_01668,mer_demo_apex,Apex Retail India Ltd,cust_npci_01668,Vikram Kumar,vikram.kumar62@paytm,+919847255965,2485.28,INR,RECOVERED,RECOVERED,BUSINESS_DECLINE,ZM,Invalid MPIN Entered by Customer,Paytm Payments Bank,PYTM,CUSTOMER_WHATSAPP_NUDGE,0.2889,LOW,18,0,1,3,2026-08-30T11:32:22.029557
pay_npci_01669,mer_demo_apex,Apex Retail India Ltd,cust_npci_01669,Zoya Banerjee,zoya.banerjee48@paytm,+919865572851,394.28,INR,FAILED,PENDING,TECHNICAL_DECLINE,U69,Remitter Bank System Unavailable / Switch Error,Paytm Payments Bank,PYTM,DIRECT_GATEWAY_RETRY,0.02,LOW,8,0,2,3,2026-09-01T17:27:46.726726
pay_npci_01670,mer_tech_bazaar,Croma TechBazaar,cust_npci_01670,Kavita Kulkarni,kavita.kulkarni18@kmbl,+919834963804,41431.71,INR,FAILED,PENDING,BUSINESS_DECLINE,U19,Daily Per-Transaction or Cumulative Limit Exceeded,Kotak Mahindra Bank,KKBK,SMART_PAYMENT_LINK,0.6492,MEDIUM,0,0,2,3,2026-08-09T21:19:03.242795
pay_npci_01671,mer_tech_bazaar,Croma TechBazaar,cust_npci_01671,Manish Chatterjee,manish.chatterjee24@sbi,+919876333041,374.1,INR,RECOVERED,RECOVERED,TECHNICAL_DECLINE,BT,Issuer Switch Timeout During 2FA Verification,State Bank of India,SBI,DIRECT_GATEWAY_RETRY,0.0338,LOW,8,0,1,3,2026-08-11T10:35:22.915727
pay_npci_01672,mer_demo_apex,Apex Retail India Ltd,cust_npci_01672,Neha Rao,neha.rao84@icici,+919831142772,49907.13,INR,FAILED,PENDING,BUSINESS_DECLINE,ZM,Invalid MPIN Entered by Customer,ICICI Bank,ICICI,CUSTOMER_WHATSAPP_NUDGE,0.4009,MEDIUM,17,0,0,3,2026-09-01T11:34:10.654615
pay_npci_01673,mer_tech_bazaar,Croma TechBazaar,cust_npci_01673,Manish Banerjee,manish.banerjee73@barodampay,+919886556466,424.02,INR,FAILED,PENDING,BUSINESS_DECLINE,ZA,Insufficient Funds in Customer Account,Bank of Baroda,BOB,SMART_PAYMENT_LINK,0.4074,MEDIUM,1,0,2,3,2026-08-12T09:06:42.841150
pay_npci_01674,mer_quick_kart,Bharat QuickCommerce,cust_npci_01674,Manish Chopra,manish.chopra29@ibl,+919835846931,271.13,INR,RECOVERED,RECOVERED,BUSINESS_DECLINE,ZA,Insufficient Funds in Customer Account,Yes Bank / PhonePe,YESB,SMART_PAYMENT_LINK,0.2904,LOW,14,0,1,3,2026-08-16T19:20:54.651719
pay_npci_01675,mer_kirana_net,Desi Kirana Network,cust_npci_01675,Kiran Sharma,kiran.sharma69@okpnb,+919824862029,265.74,INR,FAILED,PENDING,BUSINESS_DECLINE,XH,Customer Account Blocked / Frozen / Dormant,Punjab National Bank,PNB,ESCALATE_TO_HUMAN,0.566,MEDIUM,7,0,0,3,2026-08-07T20:58:07.318130
pay_npci_01676,mer_kirana_net,Desi Kirana Network,cust_npci_01676,Deepak Singh,deepak.singh34@okhdfcbank,+919891926609,1147.51,INR,FAILED,PENDING,BUSINESS_DECLINE,U19,Daily Per-Transaction or Cumulative Limit Exceeded,HDFC Bank,HDFC,SMART_PAYMENT_LINK,0.6434,MEDIUM,11,1,1,3,2026-08-31T10:05:41.953857
pay_npci_01677,mer_tech_bazaar,Croma TechBazaar,cust_npci_01677,Neha Banerjee,neha.banerjee45@axisbank,+919868658796,211.18,INR,RECOVERED,RECOVERED,BUSINESS_DECLINE,U19,Daily Per-Transaction or Cumulative Limit Exceeded,Axis Bank,AXIS,SMART_PAYMENT_LINK,0.3207,LOW,11,0,1,3,2026-08-31T16:04:04.815781
pay_npci_01678,mer_swiggy_inst,Swiggy Instamart Partner,cust_npci_01678,Kiran Nair,kiran.nair15@unionbank,+919857418641,246.57,INR,FAILED,IN_REVIEW,BUSINESS_DECLINE,K1,Suspected Fraud / Excessive Velocity Anomaly,Union Bank of India,UBI,QUARANTINE_FOR_REVIEW,0.98,HIGH,1,1,1,3,2026-09-03T05:44:15.468787
pay_npci_01679,mer_tech_bazaar,Croma TechBazaar,cust_npci_01679,Priya Gupta,priya.gupta36@paytm,+919893309299,103.41,INR,FAILED,PENDING,BUSINESS_DECLINE,ZM,Invalid MPIN Entered by Customer,Paytm Payments Bank,PYTM,CUSTOMER_WHATSAPP_NUDGE,0.3884,MEDIUM,4,0,2,3,2026-09-01T01:32:52.643662
pay_npci_01680,mer_demo_apex,Apex Retail India Ltd,cust_npci_01680,Neha Singh,neha.singh39@okpnb,+919864679426,2441.84,INR,RECOVERED,RECOVERED,BUSINESS_DECLINE,ZA,Insufficient Funds in Customer Account,Punjab National Bank,PNB,SMART_PAYMENT_LINK,0.2787,LOW,13,0,1,3,2026-09-01T20:20:00.487981
pay_npci_01681,mer_swiggy_inst,Swiggy Instamart Partner,cust_npci_01681,Vikram Mehta,vikram.mehta11@sbi,+919880216115,3083.3,INR,RECOVERED,RECOVERED,TECHNICAL_DECLINE,BT,Issuer Switch Timeout During 2FA Verification,State Bank of India,SBI,DIRECT_GATEWAY_RETRY,0.02,LOW,18,0,1,3,2026-08-17T14:54:14.758765
pay_npci_01682,mer_swiggy_inst,Swiggy Instamart Partner,cust_npci_01682,Sunil Chopra,sunil.chopra29@okpnb,+919871232554,294.15,INR,RECOVERED,RECOVERED,BUSINESS_DECLINE,ZA,Insufficient Funds in Customer Account,Punjab National Bank,PNB,SMART_PAYMENT_LINK,0.3242,LOW,11,0,1,3,2026-09-04T19:44:48.702043
pay_npci_01683,mer_quick_kart,Bharat QuickCommerce,cust_npci_01683,Gaurav Mehta,gaurav.mehta92@okpnb,+919874094285,378.48,INR,RECOVERED,RECOVERED,TECHNICAL_DECLINE,U30,Beneficiary Bank Timeout After Debit (Ambiguous),Punjab National Bank,PNB,STATUS_POLL_VERIFICATION,0.2125,LOW,8,0,1,3,2026-08-08T18:11:39.525281
pay_npci_01684,mer_quick_kart,Bharat QuickCommerce,cust_npci_01684,Aditi Sharma,aditi.sharma42@sbi,+919877922473,282.55,INR,RECOVERED,RECOVERED,BUSINESS_DECLINE,ZM,Invalid MPIN Entered by Customer,State Bank of India,SBI,CUSTOMER_WHATSAPP_NUDGE,0.2739,LOW,18,0,1,3,2026-08-10T17:59:53.884634
pay_npci_01685,mer_demo_apex,Apex Retail India Ltd,cust_npci_01685,Manish Chatterjee,manish.chatterjee41@ibl,+919827587811,244.84,INR,RECOVERED,RECOVERED,TECHNICAL_DECLINE,U30,Beneficiary Bank Timeout After Debit (Ambiguous),Yes Bank / PhonePe,YESB,STATUS_POLL_VERIFICATION,0.1507,LOW,16,0,1,3,2026-08-24T10:53:29.841900
pay_npci_01686,mer_tech_bazaar,Croma TechBazaar,cust_npci_01686,Aditi Patel,aditi.patel74@oksbi,+919877270195,46594.25,INR,FAILED,PENDING,BUSINESS_DECLINE,ZA,Insufficient Funds in Customer Account,State Bank of India,SBI,SMART_PAYMENT_LINK,0.4474,MEDIUM,9,0,2,3,2026-08-22T17:14:47.512311
pay_npci_01687,mer_demo_apex,Apex Retail India Ltd,cust_npci_01687,Sneha Chopra,sneha.chopra96@paytm,+919896287598,476.83,INR,FAILED,PENDING,BUSINESS_DECLINE,XH,Customer Account Blocked / Frozen / Dormant,Paytm Payments Bank,PYTM,ESCALATE_TO_HUMAN,0.5787,MEDIUM,10,0,1,3,2026-09-02T13:30:12.118959
pay_npci_01688,mer_demo_apex,Apex Retail India Ltd,cust_npci_01688,Manish Nair,manish.nair85@sbi,+919860812110,3546.75,INR,FAILED,IN_REVIEW,BUSINESS_DECLINE,K1,Suspected Fraud / Excessive Velocity Anomaly,State Bank of India,SBI,QUARANTINE_FOR_REVIEW,0.98,HIGH,9,1,0,3,2026-08-23T19:05:02.439567
pay_npci_01689,mer_demo_apex,Apex Retail India Ltd,cust_npci_01689,Aditi Rao,aditi.rao36@okpnb,+919835910183,4383.79,INR,RECOVERED,RECOVERED,TECHNICAL_DECLINE,U69,Remitter Bank System Unavailable / Switch Error,Punjab National Bank,PNB,DIRECT_GATEWAY_RETRY,0.2911,LOW,14,1,1,3,2026-08-10T21:32:26.177897
pay_npci_01690,mer_quick_kart,Bharat QuickCommerce,cust_npci_01690,Ananya Kulkarni,ananya.kulkarni28@sbi,+919834016064,1733.97,INR,RECOVERED,RECOVERED,BUSINESS_DECLINE,ZA,Insufficient Funds in Customer Account,State Bank of India,SBI,SMART_PAYMENT_LINK,0.2809,LOW,8,0,1,3,2026-08-20T21:23:08.900986
pay_npci_01691,mer_tech_bazaar,Croma TechBazaar,cust_npci_01691,Ananya Reddy,ananya.reddy96@hdfcbank,+919857148679,428.99,INR,RECOVERED,RECOVERED,BUSINESS_DECLINE,ZM,Invalid MPIN Entered by Customer,HDFC Bank,HDFC,CUSTOMER_WHATSAPP_NUDGE,0.2262,LOW,9,0,1,3,2026-08-31T09:38:44.143106
pay_npci_01692,mer_demo_apex,Apex Retail India Ltd,cust_npci_01692,Deepak Verma,deepak.verma88@okicici,+919879827606,262.29,INR,FAILED,PENDING,BUSINESS_DECLINE,ZA,Insufficient Funds in Customer Account,ICICI Bank,ICICI,SMART_PAYMENT_LINK,0.4486,MEDIUM,5,0,1,3,2026-08-27T11:03:39.197107
pay_npci_01693,mer_quick_kart,Bharat QuickCommerce,cust_npci_01693,Aarav Singh,aarav.singh64@sbi,+919845742335,33378.01,INR,FAILED,PENDING,BUSINESS_DECLINE,U19,Daily Per-Transaction or Cumulative Limit Exceeded,State Bank of India,SBI,SMART_PAYMENT_LINK,0.4896,MEDIUM,10,0,1,3,2026-08-27T19:47:00.359270
pay_npci_01694,mer_swiggy_inst,Swiggy Instamart Partner,cust_npci_01694,Isha Joshi,isha.joshi37@paytm,+919826618296,1617.85,INR,FAILED,PENDING,BUSINESS_DECLINE,ZA,Insufficient Funds in Customer Account,Paytm Payments Bank,PYTM,SMART_PAYMENT_LINK,0.4076,MEDIUM,3,0,0,3,2026-08-07T19:40:23.824065
pay_npci_01695,mer_demo_apex,Apex Retail India Ltd,cust_npci_01695,Pooja Joshi,pooja.joshi61@okhdfcbank,+919894957234,50.69,INR,RECOVERED,RECOVERED,BUSINESS_DECLINE,ZA,Insufficient Funds in Customer Account,HDFC Bank,HDFC,SMART_PAYMENT_LINK,0.2886,LOW,14,0,1,3,2026-08-17T15:13:08.118044
pay_npci_01696,mer_swiggy_inst,Swiggy Instamart Partner,cust_npci_01696,Zoya Banerjee,zoya.banerjee46@sbi,+919844907300,164.53,INR,RECOVERED,RECOVERED,TECHNICAL_DECLINE,U30,Beneficiary Bank Timeout After Debit (Ambiguous),State Bank of India,SBI,STATUS_POLL_VERIFICATION,0.1827,LOW,13,0,1,3,2026-08-16T09:43:57.419623
pay_npci_01697,mer_tech_bazaar,Croma TechBazaar,cust_npci_01697,Sunil Mehta,sunil.mehta13@ybl,+919835199388,83.41,INR,RECOVERED,RECOVERED,BUSINESS_DECLINE,U19,Daily Per-Transaction or Cumulative Limit Exceeded,Yes Bank / PhonePe,YESB,SMART_PAYMENT_LINK,0.3011,LOW,14,0,1,3,2026-08-23T19:29:57.179672
pay_npci_01698,mer_kirana_net,Desi Kirana Network,cust_npci_01698,Amit Gupta,amit.gupta77@okaxis,+919887988780,3101.18,INR,RECOVERED,RECOVERED,TECHNICAL_DECLINE,U30,Beneficiary Bank Timeout After Debit (Ambiguous),Axis Bank,AXIS,STATUS_POLL_VERIFICATION,0.3026,LOW,0,0,1,3,2026-08-26T10:23:25.225144
pay_npci_01699,mer_kirana_net,Desi Kirana Network,cust_npci_01699,Gaurav Sharma,gaurav.sharma59@unionbank,+919887169686,2425.12,INR,RECOVERED,RECOVERED,TECHNICAL_DECLINE,U69,Remitter Bank System Unavailable / Switch Error,Union Bank of India,UBI,DIRECT_GATEWAY_RETRY,0.1212,LOW,1,0,1,3,2026-08-20T19:21:16.764545
pay_npci_01700,mer_kirana_net,Desi Kirana Network,cust_npci_01700,Tanvi Rao,tanvi.rao95@unionbank,+919837760939,106.38,INR,FAILED,PENDING,BUSINESS_DECLINE,XH,Customer Account Blocked / Frozen / Dormant,Union Bank of India,UBI,ESCALATE_TO_HUMAN,0.5897,MEDIUM,9,0,0,3,2026-08-14T16:09:20.690209
pay_npci_01701,mer_demo_apex,Apex Retail India Ltd,cust_npci_01701,Amit Chopra,amit.chopra83@okpnb,+919898925546,97.23,INR,RECOVERED,RECOVERED,TECHNICAL_DECLINE,BT,Issuer Switch Timeout During 2FA Verification,Punjab National Bank,PNB,DIRECT_GATEWAY_RETRY,0.02,LOW,10,0,1,3,2026-08-14T09:30:15.281121
pay_npci_01702,mer_demo_apex,Apex Retail India Ltd,cust_npci_01702,Isha Sharma,isha.sharma61@sbi,+919895967356,1151.37,INR,RECOVERED,RECOVERED,BUSINESS_DECLINE,ZM,Invalid MPIN Entered by Customer,State Bank of India,SBI,CUSTOMER_WHATSAPP_NUDGE,0.2862,LOW,9,0,1,3,2026-08-31T23:51:57.115691
pay_npci_01703,mer_kirana_net,Desi Kirana Network,cust_npci_01703,Sneha Chatterjee,sneha.chatterjee65@paytm,+919867167255,243.43,INR,RECOVERED,RECOVERED,BUSINESS_DECLINE,ZA,Insufficient Funds in Customer Account,Paytm Payments Bank,PYTM,SMART_PAYMENT_LINK,0.3198,LOW,11,0,1,3,2026-08-13T19:06:59.189469
pay_npci_01704,mer_demo_apex,Apex Retail India Ltd,cust_npci_01704,Tanvi Nair,tanvi.nair34@kmbl,+919811070333,3611.05,INR,FAILED,PENDING,BUSINESS_DECLINE,ZM,Invalid MPIN Entered by Customer,Kotak Mahindra Bank,KKBK,CUSTOMER_WHATSAPP_NUDGE,0.3945,MEDIUM,1,0,2,3,2026-08-10T21:44:18.361996
pay_npci_01705,mer_demo_apex,Apex Retail India Ltd,cust_npci_01705,Varun Kulkarni,varun.kulkarni33@sbi,+919856581688,1283.6,INR,FAILED,PENDING,TECHNICAL_DECLINE,U69,Remitter Bank System Unavailable / Switch Error,State Bank of India,SBI,DIRECT_GATEWAY_RETRY,0.1377,LOW,2,0,2,3,2026-08-15T20:44:55.626447
pay_npci_01706,mer_kirana_net,Desi Kirana Network,cust_npci_01706,Aarav Chatterjee,aarav.chatterjee70@ibl,+919842031773,2939.73,INR,FAILED,PENDING,BUSINESS_DECLINE,ZA,Insufficient Funds in Customer Account,Yes Bank / PhonePe,YESB,SMART_PAYMENT_LINK,0.6251,MEDIUM,6,1,2,3,2026-08-21T18:44:57.503143
pay_npci_01707,mer_quick_kart,Bharat QuickCommerce,cust_npci_01707,Sunil Desai,sunil.desai67@unionbank,+919856947726,39299.06,INR,FAILED,PENDING,BUSINESS_DECLINE,ZA,Insufficient Funds in Customer Account,Union Bank of India,UBI,SMART_PAYMENT_LINK,0.4989,MEDIUM,8,0,2,3,2026-09-04T12:18:59.941179
pay_npci_01708,mer_tech_bazaar,Croma TechBazaar,cust_npci_01708,Pranav Kulkarni,pranav.kulkarni65@okaxis,+919862762605,973.18,INR,FAILED,PENDING,BUSINESS_DECLINE,ZM,Invalid MPIN Entered by Customer,Axis Bank,AXIS,CUSTOMER_WHATSAPP_NUDGE,0.3479,LOW,0,0,0,3,2026-08-18T10:10:30.953634
pay_npci_01709,mer_demo_apex,Apex Retail India Ltd,cust_npci_01709,Rahul Desai,rahul.desai55@paytm,+919883676715,282.87,INR,FAILED,PENDING,BUSINESS_DECLINE,ZA,Insufficient Funds in Customer Account,Paytm Payments Bank,PYTM,SMART_PAYMENT_LINK,0.4439,MEDIUM,4,0,1,3,2026-09-02T20:48:49.346965
pay_npci_01710,mer_quick_kart,Bharat QuickCommerce,cust_npci_01710,Sneha Reddy,sneha.reddy23@icici,+919890662292,2243.76,INR,RECOVERED,RECOVERED,TECHNICAL_DECLINE,BT,Issuer Switch Timeout During 2FA Verification,ICICI Bank,ICICI,DIRECT_GATEWAY_RETRY,0.02,LOW,14,0,1,3,2026-08-28T22:10:38.978426
pay_npci_01711,mer_swiggy_inst,Swiggy Instamart Partner,cust_npci_01711,Kiran Rao,kiran.rao91@okaxis,+919838940050,345.67,INR,RECOVERED,RECOVERED,TECHNICAL_DECLINE,U69,Remitter Bank System Unavailable / Switch Error,Axis Bank,AXIS,DIRECT_GATEWAY_RETRY,0.1157,LOW,2,0,1,3,2026-08-21T11:13:00.027091
pay_npci_01712,mer_swiggy_inst,Swiggy Instamart Partner,cust_npci_01712,Kiran Verma,kiran.verma31@oksbi,+919810909562,153.39,INR,FAILED,PENDING,BUSINESS_DECLINE,ZA,Insufficient Funds in Customer Account,State Bank of India,SBI,SMART_PAYMENT_LINK,0.4191,MEDIUM,3,0,0,3,2026-08-08T08:47:41.810600
pay_npci_01713,mer_tech_bazaar,Croma TechBazaar,cust_npci_01713,Neha Rao,neha.rao21@sbi,+919828571157,306.14,INR,RECOVERED,RECOVERED,BUSINESS_DECLINE,ZA,Insufficient Funds in Customer Account,State Bank of India,SBI,SMART_PAYMENT_LINK,0.3257,LOW,9,0,1,3,2026-08-26T09:26:57.319023
pay_npci_01714,mer_kirana_net,Desi Kirana Network,cust_npci_01714,Aarav Nair,aarav.nair23@sbi,+919823272075,484.2,INR,FAILED,PENDING,TECHNICAL_DECLINE,U69,Remitter Bank System Unavailable / Switch Error,State Bank of India,SBI,DIRECT_GATEWAY_RETRY,0.02,LOW,18,0,2,3,2026-08-12T19:00:02.534013
pay_npci_01715,mer_tech_bazaar,Croma TechBazaar,cust_npci_01715,Sanjay Chopra,sanjay.chopra87@oksbi,+919874755019,335.0,INR,RECOVERED,RECOVERED,TECHNICAL_DECLINE,U69,Remitter Bank System Unavailable / Switch Error,State Bank of India,SBI,DIRECT_GATEWAY_RETRY,0.1035,LOW,5,0,1,3,2026-08-18T12:34:18.225348
pay_npci_01716,mer_demo_apex,Apex Retail India Ltd,cust_npci_01716,Rahul Sharma,rahul.sharma61@hdfcbank,+919830735824,42103.59,INR,FAILED,PENDING,TECHNICAL_DECLINE,BT,Issuer Switch Timeout During 2FA Verification,HDFC Bank,HDFC,DIRECT_GATEWAY_RETRY,0.5742,MEDIUM,15,1,2,3,2026-08-17T11:24:58.044989
pay_npci_01717,mer_quick_kart,Bharat QuickCommerce,cust_npci_01717,Manish Verma,manish.verma65@kmbl,+919833370900,24463.05,INR,FAILED,IN_REVIEW,BUSINESS_DECLINE,ZA,Insufficient Funds in Customer Account,Kotak Mahindra Bank,KKBK,SMART_PAYMENT_LINK,0.7421,HIGH,2,1,0,3,2026-08-13T21:49:04.933024
pay_npci_01718,mer_kirana_net,Desi Kirana Network,cust_npci_01718,Pranav Mehta,pranav.mehta90@kmbl,+919842705628,337.99,INR,RECOVERED,RECOVERED,TECHNICAL_DECLINE,BT,Issuer Switch Timeout During 2FA Verification,Kotak Mahindra Bank,KKBK,DIRECT_GATEWAY_RETRY,0.0282,LOW,11,0,1,3,2026-08-14T10:03:41.136809
pay_npci_01719,mer_swiggy_inst,Swiggy Instamart Partner,cust_npci_01719,Kavita Singh,kavita.singh11@kotak,+919842702948,812.31,INR,FAILED,PENDING,BUSINESS_DECLINE,ZM,Invalid MPIN Entered by Customer,Kotak Mahindra Bank,KKBK,CUSTOMER_WHATSAPP_NUDGE,0.3423,LOW,2,0,2,3,2026-08-27T11:26:22.817632
pay_npci_01720,mer_kirana_net,Desi Kirana Network,cust_npci_01720,Sneha Kumar,sneha.kumar87@icici,+919851879339,421.44,INR,RECOVERED,RECOVERED,BUSINESS_DECLINE,ZA,Insufficient Funds in Customer Account,ICICI Bank,ICICI,SMART_PAYMENT_LINK,0.2895,LOW,13,0,1,3,2026-08-19T12:19:06.239386
pay_npci_01721,mer_kirana_net,Desi Kirana Network,cust_npci_01721,Rohan Banerjee,rohan.banerjee90@oksbi,+919834893066,19224.86,INR,FAILED,IN_REVIEW,BUSINESS_DECLINE,K1,Suspected Fraud / Excessive Velocity Anomaly,State Bank of India,SBI,QUARANTINE_FOR_REVIEW,0.98,HIGH,0,1,1,3,2026-08-23T20:14:30.649956
pay_npci_01722,mer_demo_apex,Apex Retail India Ltd,cust_npci_01722,Deepak Gupta,deepak.gupta80@unionbank,+919819118842,176.85,INR,RECOVERED,RECOVERED,BUSINESS_DECLINE,ZM,Invalid MPIN Entered by Customer,Union Bank of India,UBI,CUSTOMER_WHATSAPP_NUDGE,0.2999,LOW,14,0,1,3,2026-08-12T09:09:39.124690
pay_npci_01723,mer_swiggy_inst,Swiggy Instamart Partner,cust_npci_01723,Pranav Gupta,pranav.gupta28@kotak,+919843115936,390.65,INR,FAILED,PENDING,BUSINESS_DECLINE,ZA,Insufficient Funds in Customer Account,Kotak Mahindra Bank,KKBK,SMART_PAYMENT_LINK,0.3882,MEDIUM,5,0,1,3,2026-08-19T20:04:17.506566
pay_npci_01724,mer_swiggy_inst,Swiggy Instamart Partner,cust_npci_01724,Manish Reddy,manish.reddy86@hdfcbank,+919812966140,107.05,INR,FAILED,PENDING,BUSINESS_DECLINE,XH,Customer Account Blocked / Frozen / Dormant,HDFC Bank,HDFC,ESCALATE_TO_HUMAN,0.5894,MEDIUM,6,0,2,3,2026-08-13T08:53:06.604096
pay_npci_01725,mer_swiggy_inst,Swiggy Instamart Partner,cust_npci_01725,Aditi Singh,aditi.singh85@hdfcbank,+919822859187,295.54,INR,RECOVERED,RECOVERED,BUSINESS_DECLINE,ZM,Invalid MPIN Entered by Customer,HDFC Bank,HDFC,CUSTOMER_WHATSAPP_NUDGE,0.2423,LOW,10,0,1,3,2026-08-10T20:54:57.199365
pay_npci_01726,mer_kirana_net,Desi Kirana Network,cust_npci_01726,Priya Mehta,priya.mehta35@paytm,+919831481753,119.36,INR,FAILED,PENDING,BUSINESS_DECLINE,ZA,Insufficient Funds in Customer Account,Paytm Payments Bank,PYTM,SMART_PAYMENT_LINK,0.3942,MEDIUM,2,0,0,3,2026-08-12T12:52:32.351518
pay_npci_01727,mer_tech_bazaar,Croma TechBazaar,cust_npci_01727,Vikram Sharma,vikram.sharma62@oksbi,+919811765965,464.34,INR,RECOVERED,RECOVERED,BUSINESS_DECLINE,U19,Daily Per-Transaction or Cumulative Limit Exceeded,State Bank of India,SBI,SMART_PAYMENT_LINK,0.3166,LOW,8,0,1,3,2026-08-30T20:29:15.661146
pay_npci_01728,mer_demo_apex,Apex Retail India Ltd,cust_npci_01728,Sanjay Verma,sanjay.verma61@sbi,+919897021288,452.47,INR,FAILED,PENDING,BUSINESS_DECLINE,XH,Customer Account Blocked / Frozen / Dormant,State Bank of India,SBI,ESCALATE_TO_HUMAN,0.5366,MEDIUM,7,0,0,3,2026-09-03T22:32:07.594734
pay_npci_01729,mer_tech_bazaar,Croma TechBazaar,cust_npci_01729,Sunil Banerjee,sunil.banerjee52@barodampay,+919829808902,322.81,INR,FAILED,PENDING,TECHNICAL_DECLINE,BT,Issuer Switch Timeout During 2FA Verification,Bank of Baroda,BOB,DIRECT_GATEWAY_RETRY,0.1421,LOW,3,0,0,3,2026-08-28T10:09:41.617005
pay_npci_01730,mer_tech_bazaar,Croma TechBazaar,cust_npci_01730,Pooja Kumar,pooja.kumar43@axisbank,+919884665991,39.14,INR,RECOVERED,RECOVERED,TECHNICAL_DECLINE,BT,Issuer Switch Timeout During 2FA Verification,Axis Bank,AXIS,DIRECT_GATEWAY_RETRY,0.0444,LOW,11,0,1,3,2026-08-10T13:33:33.610456
pay_npci_01731,mer_tech_bazaar,Croma TechBazaar,cust_npci_01731,Pooja Banerjee,pooja.banerjee25@kmbl,+919868786210,2622.1,INR,RECOVERED,RECOVERED,BUSINESS_DECLINE,ZM,Invalid MPIN Entered by Customer,Kotak Mahindra Bank,KKBK,CUSTOMER_WHATSAPP_NUDGE,0.2526,LOW,15,0,1,3,2026-08-25T14:20:15.495161
pay_npci_01732,mer_kirana_net,Desi Kirana Network,cust_npci_01732,Pranav Banerjee,pranav.banerjee95@ybl,+919841790176,2920.11,INR,RECOVERED,RECOVERED,TECHNICAL_DECLINE,BT,Issuer Switch Timeout During 2FA Verification,Yes Bank / PhonePe,YESB,DIRECT_GATEWAY_RETRY,0.0556,LOW,10,0,1,3,2026-08-26T12:17:52.986586
pay_npci_01733,mer_quick_kart,Bharat QuickCommerce,cust_npci_01733,Zoya Chopra,zoya.chopra44@hdfcbank,+919823985606,4667.6,INR,RECOVERED,RECOVERED,BUSINESS_DECLINE,U19,Daily Per-Transaction or Cumulative Limit Exceeded,HDFC Bank,HDFC,SMART_PAYMENT_LINK,0.3014,LOW,17,0,1,3,2026-09-04T12:33:13.230275
pay_npci_01734,mer_tech_bazaar,Croma TechBazaar,cust_npci_01734,Vivek Singh,vivek.singh92@okhdfcbank,+919817032809,170.36,INR,RECOVERED,RECOVERED,BUSINESS_DECLINE,ZA,Insufficient Funds in Customer Account,HDFC Bank,HDFC,SMART_PAYMENT_LINK,0.3178,LOW,11,0,1,3,2026-08-11T16:22:37.267845
pay_npci_01735,mer_swiggy_inst,Swiggy Instamart Partner,cust_npci_01735,Pooja Kumar,pooja.kumar16@sbi,+919815605532,405.3,INR,FAILED,PENDING,BUSINESS_DECLINE,ZM,Invalid MPIN Entered by Customer,State Bank of India,SBI,CUSTOMER_WHATSAPP_NUDGE,0.4017,MEDIUM,5,0,2,3,2026-08-08T23:54:13.595288
pay_npci_01736,mer_demo_apex,Apex Retail India Ltd,cust_npci_01736,Varun Desai,varun.desai97@icici,+919831175066,3392.7,INR,FAILED,PENDING,BUSINESS_DECLINE,ZA,Insufficient Funds in Customer Account,ICICI Bank,ICICI,SMART_PAYMENT_LINK,0.4552,MEDIUM,2,0,2,3,2026-08-19T17:18:05.400943
pay_npci_01737,mer_quick_kart,Bharat QuickCommerce,cust_npci_01737,Isha Banerjee,isha.banerjee76@okhdfcbank,+919814291661,2005.99,INR,RECOVERED,RECOVERED,TECHNICAL_DECLINE,SWITCH_DOWN,NPCI Central Switch Queue Congestion,HDFC Bank,HDFC,BACKOFF_RETRY,0.1439,LOW,2,0,1,3,2026-08-22T09:12:14.002547
pay_npci_01738,mer_swiggy_inst,Swiggy Instamart Partner,cust_npci_01738,Kiran Chopra,kiran.chopra10@okhdfcbank,+919838415960,130.88,INR,RECOVERED,RECOVERED,TECHNICAL_DECLINE,BT,Issuer Switch Timeout During 2FA Verification,HDFC Bank,HDFC,DIRECT_GATEWAY_RETRY,0.139,LOW,2,0,1,3,2026-08-28T20:01:54.655184
pay_npci_01739,mer_kirana_net,Desi Kirana Network,cust_npci_01739,Vikram Sharma,vikram.sharma41@hdfcbank,+919895390303,283.2,INR,RECOVERED,RECOVERED,TECHNICAL_DECLINE,U69,Remitter Bank System Unavailable / Switch Error,HDFC Bank,HDFC,DIRECT_GATEWAY_RETRY,0.02,LOW,18,0,1,3,2026-08-28T17:27:35.157147
pay_npci_01740,mer_tech_bazaar,Croma TechBazaar,cust_npci_01740,Isha Banerjee,isha.banerjee44@ibl,+919851080113,3521.87,INR,RECOVERED,RECOVERED,BUSINESS_DECLINE,ZA,Insufficient Funds in Customer Account,Yes Bank / PhonePe,YESB,SMART_PAYMENT_LINK,0.2618,LOW,6,0,1,3,2026-08-30T19:32:09.532079
pay_npci_01741,mer_kirana_net,Desi Kirana Network,cust_npci_01741,Neha Kulkarni,neha.kulkarni81@barodampay,+919841968215,100.19,INR,FAILED,PENDING,BUSINESS_DECLINE,XH,Customer Account Blocked / Frozen / Dormant,Bank of Baroda,BOB,ESCALATE_TO_HUMAN,0.6517,MEDIUM,5,0,1,3,2026-08-12T21:11:37.077183
pay_npci_01742,mer_quick_kart,Bharat QuickCommerce,cust_npci_01742,Varun Singh,varun.singh98@barodampay,+919824306675,393.22,INR,FAILED,PENDING,TECHNICAL_DECLINE,U30,Beneficiary Bank Timeout After Debit (Ambiguous),Bank of Baroda,BOB,STATUS_POLL_VERIFICATION,0.1724,LOW,6,0,1,3,2026-08-25T17:28:42.675209
pay_npci_01743,mer_tech_bazaar,Croma TechBazaar,cust_npci_01743,Sanjay Joshi,sanjay.joshi62@oksbi,+919853114184,2856.85,INR,RECOVERED,RECOVERED,BUSINESS_DECLINE,ZA,Insufficient Funds in Customer Account,State Bank of India,SBI,SMART_PAYMENT_LINK,0.3354,LOW,8,0,1,3,2026-09-02T18:59:29.460575
pay_npci_01744,mer_swiggy_inst,Swiggy Instamart Partner,cust_npci_01744,Tanvi Chatterjee,tanvi.chatterjee69@okpnb,+919895200631,32840.77,INR,FAILED,PENDING,TECHNICAL_DECLINE,U30,Beneficiary Bank Timeout After Debit (Ambiguous),Punjab National Bank,PNB,STATUS_POLL_VERIFICATION,0.4513,MEDIUM,1,0,1,3,2026-08-15T20:40:43.351881
pay_npci_01745,mer_kirana_net,Desi Kirana Network,cust_npci_01745,Vivek Singh,vivek.singh97@paytm,+919815136731,161.85,INR,RECOVERED,RECOVERED,BUSINESS_DECLINE,ZA,Insufficient Funds in Customer Account,Paytm Payments Bank,PYTM,SMART_PAYMENT_LINK,0.3304,LOW,17,0,1,3,2026-08-18T12:24:45.088424
pay_npci_01746,mer_kirana_net,Desi Kirana Network,cust_npci_01746,Neha Chopra,neha.chopra59@paytm,+919841429968,3177.56,INR,RECOVERED,RECOVERED,BUSINESS_DECLINE,ZA,Insufficient Funds in Customer Account,Paytm Payments Bank,PYTM,SMART_PAYMENT_LINK,0.3167,LOW,12,0,1,3,2026-08-28T10:01:51.645472
pay_npci_01747,mer_kirana_net,Desi Kirana Network,cust_npci_01747,Aarav Gupta,aarav.gupta85@oksbi,+919884485175,186.77,INR,FAILED,PENDING,TECHNICAL_DECLINE,BT,Issuer Switch Timeout During 2FA Verification,State Bank of India,SBI,DIRECT_GATEWAY_RETRY,0.0566,LOW,8,0,1,3,2026-08-13T21:53:03.254115
pay_npci_01748,mer_demo_apex,Apex Retail India Ltd,cust_npci_01748,Manish Kumar,manish.kumar99@sbi,+919815576048,40.98,INR,RECOVERED,RECOVERED,TECHNICAL_DECLINE,BT,Issuer Switch Timeout During 2FA Verification,State Bank of India,SBI,DIRECT_GATEWAY_RETRY,0.02,LOW,6,0,1,3,2026-09-03T12:47:44.588144
pay_npci_01749,mer_tech_bazaar,Croma TechBazaar,cust_npci_01749,Rohan Verma,rohan.verma90@oksbi,+919872819150,128.2,INR,FAILED,PENDING,TECHNICAL_DECLINE,U30,Beneficiary Bank Timeout After Debit (Ambiguous),State Bank of India,SBI,STATUS_POLL_VERIFICATION,0.1956,LOW,11,0,0,3,2026-08-09T03:23:04.569577
pay_npci_01750,mer_quick_kart,Bharat QuickCommerce,cust_npci_01750,Priya Chatterjee,priya.chatterjee17@okicici,+919876072867,66088.37,INR,FAILED,PENDING,BUSINESS_DECLINE,ZA,Insufficient Funds in Customer Account,ICICI Bank,ICICI,SMART_PAYMENT_LINK,0.4501,MEDIUM,14,0,1,3,2026-08-13T20:00:58.426074
pay_npci_01751,mer_demo_apex,Apex Retail India Ltd,cust_npci_01751,Kiran Reddy,kiran.reddy56@barodampay,+919840571734,2424.29,INR,FAILED,PENDING,BUSINESS_DECLINE,ZA,Insufficient Funds in Customer Account,Bank of Baroda,BOB,SMART_PAYMENT_LINK,0.3024,LOW,14,0,1,3,2026-08-23T08:49:09.536391
pay_npci_01752,mer_demo_apex,Apex Retail India Ltd,cust_npci_01752,Aditi Banerjee,aditi.banerjee67@ibl,+919820229004,400.63,INR,RECOVERED,RECOVERED,TECHNICAL_DECLINE,BT,Issuer Switch Timeout During 2FA Verification,Yes Bank / PhonePe,YESB,DIRECT_GATEWAY_RETRY,0.1392,LOW,4,0,1,3,2026-08-09T12:59:54.238791
pay_npci_01753,mer_tech_bazaar,Croma TechBazaar,cust_npci_01753,Neha Joshi,neha.joshi59@axisbank,+919857019386,447.66,INR,FAILED,PENDING,BUSINESS_DECLINE,XH,Customer Account Blocked / Frozen / Dormant,Axis Bank,AXIS,ESCALATE_TO_HUMAN,0.5607,MEDIUM,17,0,2,3,2026-08-16T07:23:19.297183
pay_npci_01754,mer_demo_apex,Apex Retail India Ltd,cust_npci_01754,Sunil Chatterjee,sunil.chatterjee30@okicici,+919854301280,4379.31,INR,FAILED,PENDING,BUSINESS_DECLINE,ZA,Insufficient Funds in Customer Account,ICICI Bank,ICICI,SMART_PAYMENT_LINK,0.273,LOW,16,0,1,3,2026-08-15T14:40:47.228211
pay_npci_01755,mer_demo_apex,Apex Retail India Ltd,cust_npci_01755,Neha Patel,neha.patel41@ibl,+919888051158,21.15,INR,FAILED,PENDING,BUSINESS_DECLINE,ZA,Insufficient Funds in Customer Account,Yes Bank / PhonePe,YESB,SMART_PAYMENT_LINK,0.3999,MEDIUM,1,0,1,3,2026-08-10T18:35:15.176244
pay_npci_01756,mer_swiggy_inst,Swiggy Instamart Partner,cust_npci_01756,Aditi Kumar,aditi.kumar50@okicici,+919850538530,27.78,INR,FAILED,PENDING,BUSINESS_DECLINE,ZM,Invalid MPIN Entered by Customer,ICICI Bank,ICICI,CUSTOMER_WHATSAPP_NUDGE,0.403,MEDIUM,5,0,1,3,2026-08-22T10:48:40.955938
pay_npci_01757,mer_swiggy_inst,Swiggy Instamart Partner,cust_npci_01757,Varun Rao,varun.rao80@okpnb,+919863722255,98.07,INR,FAILED,PENDING,BUSINESS_DECLINE,ZA,Insufficient Funds in Customer Account,Punjab National Bank,PNB,SMART_PAYMENT_LINK,0.4045,MEDIUM,4,0,2,3,2026-09-01T16:49:14.275364
pay_npci_01758,mer_quick_kart,Bharat QuickCommerce,cust_npci_01758,Aarav Kulkarni,aarav.kulkarni34@hdfcbank,+919873495186,1195.99,INR,RECOVERED,RECOVERED,TECHNICAL_DECLINE,U69,Remitter Bank System Unavailable / Switch Error,HDFC Bank,HDFC,DIRECT_GATEWAY_RETRY,0.02,LOW,8,0,1,3,2026-08-10T13:29:07.914448
pay_npci_01759,mer_kirana_net,Desi Kirana Network,cust_npci_01759,Ananya Gupta,ananya.gupta89@sbi,+919857044278,487.06,INR,RECOVERED,RECOVERED,BUSINESS_DECLINE,ZA,Insufficient Funds in Customer Account,State Bank of India,SBI,SMART_PAYMENT_LINK,0.2906,LOW,12,0,1,3,2026-09-02T08:09:03.042359
pay_npci_01760,mer_tech_bazaar,Croma TechBazaar,cust_npci_01760,Isha Banerjee,isha.banerjee18@oksbi,+919813205763,484.94,INR,FAILED,PENDING,TECHNICAL_DECLINE,BT,Issuer Switch Timeout During 2FA Verification,State Bank of India,SBI,DIRECT_GATEWAY_RETRY,0.02,LOW,9,0,0,3,2026-08-18T20:03:06.080059
pay_npci_01761,mer_quick_kart,Bharat QuickCommerce,cust_npci_01761,Sneha Gupta,sneha.gupta43@sbi,+919815635547,471.49,INR,RECOVERED,RECOVERED,TECHNICAL_DECLINE,U69,Remitter Bank System Unavailable / Switch Error,State Bank of India,SBI,DIRECT_GATEWAY_RETRY,0.0645,LOW,2,0,1,3,2026-08-17T19:06:19.208619
pay_npci_01762,mer_demo_apex,Apex Retail India Ltd,cust_npci_01762,Pooja Desai,pooja.desai27@sbi,+919891534473,44326.9,INR,FAILED,PENDING,BUSINESS_DECLINE,U19,Daily Per-Transaction or Cumulative Limit Exceeded,State Bank of India,SBI,SMART_PAYMENT_LINK,0.5364,MEDIUM,13,0,2,3,2026-08-25T10:40:31.939161
pay_npci_01763,mer_kirana_net,Desi Kirana Network,cust_npci_01763,Vivek Sharma,vivek.sharma71@ybl,+919814325743,2470.22,INR,FAILED,PENDING,BUSINESS_DECLINE,U19,Daily Per-Transaction or Cumulative Limit Exceeded,Yes Bank / PhonePe,YESB,SMART_PAYMENT_LINK,0.4317,MEDIUM,3,0,2,3,2026-08-06T18:53:36.836681
pay_npci_01764,mer_kirana_net,Desi Kirana Network,cust_npci_01764,Neha Chatterjee,neha.chatterjee31@okaxis,+919818606581,2018.35,INR,RECOVERED,RECOVERED,BUSINESS_DECLINE,ZA,Insufficient Funds in Customer Account,Axis Bank,AXIS,SMART_PAYMENT_LINK,0.2662,LOW,6,0,1,3,2026-08-16T14:18:09.300086
pay_npci_01765,mer_swiggy_inst,Swiggy Instamart Partner,cust_npci_01765,Kavita Joshi,kavita.joshi51@okicici,+919854257280,59723.37,INR,FAILED,PENDING,BUSINESS_DECLINE,ZM,Invalid MPIN Entered by Customer,ICICI Bank,ICICI,CUSTOMER_WHATSAPP_NUDGE,0.4007,MEDIUM,15,0,2,3,2026-09-04T18:05:37.304291
pay_npci_01766,mer_demo_apex,Apex Retail India Ltd,cust_npci_01766,Aarav Mehta,aarav.mehta77@ybl,+919844230659,334.78,INR,RECOVERED,RECOVERED,TECHNICAL_DECLINE,U69,Remitter Bank System Unavailable / Switch Error,Yes Bank / PhonePe,YESB,DIRECT_GATEWAY_RETRY,0.02,LOW,10,0,1,3,2026-08-17T23:56:03.844099
pay_npci_01767,mer_quick_kart,Bharat QuickCommerce,cust_npci_01767,Amit Verma,amit.verma61@sbi,+919847816145,178.16,INR,RECOVERED,RECOVERED,TECHNICAL_DECLINE,BT,Issuer Switch Timeout During 2FA Verification,State Bank of India,SBI,DIRECT_GATEWAY_RETRY,0.02,LOW,6,0,1,3,2026-08-06T11:34:34.679887
pay_npci_01768,mer_kirana_net,Desi Kirana Network,cust_npci_01768,Zoya Gupta,zoya.gupta13@okaxis,+919897794903,300.04,INR,FAILED,PENDING,TECHNICAL_DECLINE,BT,Issuer Switch Timeout During 2FA Verification,Axis Bank,AXIS,DIRECT_GATEWAY_RETRY,0.1668,LOW,5,0,0,3,2026-08-28T17:45:31.451430
pay_npci_01769,mer_demo_apex,Apex Retail India Ltd,cust_npci_01769,Varun Reddy,varun.reddy46@okicici,+919875129088,4254.96,INR,RECOVERED,RECOVERED,TECHNICAL_DECLINE,U69,Remitter Bank System Unavailable / Switch Error,ICICI Bank,ICICI,DIRECT_GATEWAY_RETRY,0.0877,LOW,0,0,1,3,2026-08-11T20:24:28.165912
pay_npci_01770,mer_quick_kart,Bharat QuickCommerce,cust_npci_01770,Isha Banerjee,isha.banerjee14@sbi,+919824538928,201.99,INR,RECOVERED,RECOVERED,TECHNICAL_DECLINE,BT,Issuer Switch Timeout During 2FA Verification,State Bank of India,SBI,DIRECT_GATEWAY_RETRY,0.02,LOW,7,0,1,3,2026-08-06T07:58:48.395772
pay_npci_01771,mer_demo_apex,Apex Retail India Ltd,cust_npci_01771,Priya Mehta,priya.mehta58@okpnb,+919834398516,379.75,INR,FAILED,PENDING,BUSINESS_DECLINE,ZM,Invalid MPIN Entered by Customer,Punjab National Bank,PNB,CUSTOMER_WHATSAPP_NUDGE,0.3643,MEDIUM,0,0,2,3,2026-08-07T22:06:47.578623
pay_npci_01772,mer_kirana_net,Desi Kirana Network,cust_npci_01772,Gaurav Chatterjee,gaurav.chatterjee42@ybl,+919875889374,4082.82,INR,RECOVERED,RECOVERED,TECHNICAL_DECLINE,BT,Issuer Switch Timeout During 2FA Verification,Yes Bank / PhonePe,YESB,DIRECT_GATEWAY_RETRY,0.1716,LOW,1,0,1,3,2026-09-04T02:26:09.928502
pay_npci_01773,mer_demo_apex,Apex Retail India Ltd,cust_npci_01773,Neha Patel,neha.patel49@sbi,+919887130354,64970.81,INR,FAILED,IN_REVIEW,BUSINESS_DECLINE,XH,Customer Account Blocked / Frozen / Dormant,State Bank of India,SBI,ESCALATE_TO_HUMAN,0.7191,HIGH,13,0,1,3,2026-08-27T14:13:59.843938
pay_npci_01774,mer_swiggy_inst,Swiggy Instamart Partner,cust_npci_01774,Aditi Banerjee,aditi.banerjee56@oksbi,+919813171231,1671.18,INR,RECOVERED,RECOVERED,BUSINESS_DECLINE,ZM,Invalid MPIN Entered by Customer,State Bank of India,SBI,CUSTOMER_WHATSAPP_NUDGE,0.2398,LOW,12,0,1,3,2026-08-18T16:40:48.150532
pay_npci_01775,mer_kirana_net,Desi Kirana Network,cust_npci_01775,Aarav Desai,aarav.desai34@kmbl,+919869583819,192.67,INR,FAILED,PENDING,BUSINESS_DECLINE,ZM,Invalid MPIN Entered by Customer,Kotak Mahindra Bank,KKBK,CUSTOMER_WHATSAPP_NUDGE,0.242,LOW,17,0,1,3,2026-08-15T16:55:12.718295
pay_npci_01776,mer_kirana_net,Desi Kirana Network,cust_npci_01776,Rohan Verma,rohan.verma95@oksbi,+919844916010,317.22,INR,FAILED,PENDING,BUSINESS_DECLINE,ZM,Invalid MPIN Entered by Customer,State Bank of India,SBI,CUSTOMER_WHATSAPP_NUDGE,0.3655,MEDIUM,3,0,1,3,2026-08-09T12:23:12.813917
pay_npci_01777,mer_demo_apex,Apex Retail India Ltd,cust_npci_01777,Varun Mehta,varun.mehta78@unionbank,+919839322878,58.32,INR,RECOVERED,RECOVERED,TECHNICAL_DECLINE,U69,Remitter Bank System Unavailable / Switch Error,Union Bank of India,UBI,DIRECT_GATEWAY_RETRY,0.02,LOW,18,0,1,3,2026-08-21T07:49:22.292195
pay_npci_01778,mer_quick_kart,Bharat QuickCommerce,cust_npci_01778,Sneha Patel,sneha.patel18@kotak,+919861067950,245.19,INR,RECOVERED,RECOVERED,BUSINESS_DECLINE,ZM,Invalid MPIN Entered by Customer,Kotak Mahindra Bank,KKBK,CUSTOMER_WHATSAPP_NUDGE,0.2528,LOW,18,0,1,3,2026-08-09T18:56:05.584236
pay_npci_01779,mer_quick_kart,Bharat QuickCommerce,cust_npci_01779,Pooja Joshi,pooja.joshi10@sbi,+919881231532,2258.54,INR,FAILED,PENDING,BUSINESS_DECLINE,U19,Daily Per-Transaction or Cumulative Limit Exceeded,State Bank of India,SBI,SMART_PAYMENT_LINK,0.3563,MEDIUM,10,0,1,3,2026-09-01T05:30:12.209729
pay_npci_01780,mer_swiggy_inst,Swiggy Instamart Partner,cust_npci_01780,Neha Reddy,neha.reddy42@sbi,+919851973106,3575.4,INR,RECOVERED,RECOVERED,TECHNICAL_DECLINE,BT,Issuer Switch Timeout During 2FA Verification,State Bank of India,SBI,DIRECT_GATEWAY_RETRY,0.02,LOW,11,0,1,3,2026-09-02T16:48:00.613442
pay_npci_01781,mer_tech_bazaar,Croma TechBazaar,cust_npci_01781,Aditi Patel,aditi.patel72@hdfcbank,+919828934948,171.41,INR,RECOVERED,RECOVERED,BUSINESS_DECLINE,ZA,Insufficient Funds in Customer Account,HDFC Bank,HDFC,SMART_PAYMENT_LINK,0.3053,LOW,15,0,1,3,2026-08-14T18:28:51.702719
pay_npci_01782,mer_kirana_net,Desi Kirana Network,cust_npci_01782,Vivek Kumar,vivek.kumar25@unionbank,+919810730388,1248.2,INR,FAILED,PENDING,BUSINESS_DECLINE,ZM,Invalid MPIN Entered by Customer,Union Bank of India,UBI,CUSTOMER_WHATSAPP_NUDGE,0.2275,LOW,9,0,1,3,2026-08-17T14:11:56.591855
pay_npci_01783,mer_kirana_net,Desi Kirana Network,cust_npci_01783,Vivek Kumar,vivek.kumar44@okpnb,+919820562858,438.84,INR,RECOVERED,RECOVERED,BUSINESS_DECLINE,ZA,Insufficient Funds in Customer Account,Punjab National Bank,PNB,SMART_PAYMENT_LINK,0.2816,LOW,17,0,1,3,2026-08-23T23:06:11.851200
pay_npci_01784,mer_kirana_net,Desi Kirana Network,cust_npci_01784,Sneha Patel,sneha.patel69@oksbi,+919880571706,669.27,INR,FAILED,PENDING,BUSINESS_DECLINE,ZM,Invalid MPIN Entered by Customer,State Bank of India,SBI,CUSTOMER_WHATSAPP_NUDGE,0.4194,MEDIUM,2,0,0,3,2026-09-01T10:55:46.257918
pay_npci_01785,mer_tech_bazaar,Croma TechBazaar,cust_npci_01785,Deepak Joshi,deepak.joshi52@paytm,+919896479209,54392.67,INR,FAILED,PENDING,TECHNICAL_DECLINE,U30,Beneficiary Bank Timeout After Debit (Ambiguous),Paytm Payments Bank,PYTM,STATUS_POLL_VERIFICATION,0.3504,MEDIUM,12,0,0,3,2026-08-09T20:22:20.543272
pay_npci_01786,mer_kirana_net,Desi Kirana Network,cust_npci_01786,Sanjay Nair,sanjay.nair24@oksbi,+919836981239,44242.7,INR,FAILED,PENDING,BUSINESS_DECLINE,U19,Daily Per-Transaction or Cumulative Limit Exceeded,State Bank of India,SBI,SMART_PAYMENT_LINK,0.5372,MEDIUM,15,0,2,3,2026-08-30T14:02:01.427721
pay_npci_01787,mer_swiggy_inst,Swiggy Instamart Partner,cust_npci_01787,Sneha Nair,sneha.nair15@ibl,+919894866750,54.82,INR,FAILED,IN_REVIEW,BUSINESS_DECLINE,U19,Daily Per-Transaction or Cumulative Limit Exceeded,Yes Bank / PhonePe,YESB,SMART_PAYMENT_LINK,0.775,HIGH,4,1,1,3,2026-08-11T10:18:33.978646
pay_npci_01788,mer_quick_kart,Bharat QuickCommerce,cust_npci_01788,Rohan Kumar,rohan.kumar47@kotak,+919877212858,428.81,INR,RECOVERED,RECOVERED,BUSINESS_DECLINE,U19,Daily Per-Transaction or Cumulative Limit Exceeded,Kotak Mahindra Bank,KKBK,SMART_PAYMENT_LINK,0.3255,LOW,9,0,1,3,2026-08-30T02:15:29.710993
pay_npci_01789,mer_tech_bazaar,Croma TechBazaar,cust_npci_01789,Aarav Nair,aarav.nair62@oksbi,+919833728126,241.72,INR,FAILED,PENDING,BUSINESS_DECLINE,ZA,Insufficient Funds in Customer Account,State Bank of India,SBI,SMART_PAYMENT_LINK,0.4289,MEDIUM,3,0,0,3,2026-08-25T08:05:12.947337
pay_npci_01790,mer_tech_bazaar,Croma TechBazaar,cust_npci_01790,Zoya Gupta,zoya.gupta78@icici,+919821008025,4098.87,INR,RECOVERED,RECOVERED,TECHNICAL_DECLINE,U30,Beneficiary Bank Timeout After Debit (Ambiguous),ICICI Bank,ICICI,STATUS_POLL_VERIFICATION,0.214,LOW,11,0,1,3,2026-08-27T19:29:16.652165
pay_npci_01791,mer_tech_bazaar,Croma TechBazaar,cust_npci_01791,Neha Joshi,neha.joshi18@oksbi,+919891974572,3844.96,INR,RECOVERED,RECOVERED,TECHNICAL_DECLINE,U69,Remitter Bank System Unavailable / Switch Error,State Bank of India,SBI,DIRECT_GATEWAY_RETRY,0.0822,LOW,1,0,1,3,2026-08-14T10:13:10.101247
pay_npci_01792,mer_quick_kart,Bharat QuickCommerce,cust_npci_01792,Amit Chopra,amit.chopra30@okhdfcbank,+919875709429,348.74,INR,FAILED,PENDING,BUSINESS_DECLINE,ZA,Insufficient Funds in Customer Account,HDFC Bank,HDFC,SMART_PAYMENT_LINK,0.4024,MEDIUM,3,0,2,3,2026-08-16T09:34:16.387932
pay_npci_01793,mer_tech_bazaar,Croma TechBazaar,cust_npci_01793,Kavita Gupta,kavita.gupta19@sbi,+919872679691,199.29,INR,FAILED,PENDING,BUSINESS_DECLINE,XH,Customer Account Blocked / Frozen / Dormant,State Bank of India,SBI,ESCALATE_TO_HUMAN,0.6994,MEDIUM,4,0,1,3,2026-08-05T08:25:05.741765
pay_npci_01794,mer_demo_apex,Apex Retail India Ltd,cust_npci_01794,Ananya Singh,ananya.singh33@sbi,+919894980908,401.86,INR,RECOVERED,RECOVERED,TECHNICAL_DECLINE,U69,Remitter Bank System Unavailable / Switch Error,State Bank of India,SBI,DIRECT_GATEWAY_RETRY,0.02,LOW,13,0,1,3,2026-08-11T18:18:15.615495
pay_npci_01795,mer_tech_bazaar,Croma TechBazaar,cust_npci_01795,Varun Banerjee,varun.banerjee45@paytm,+919884556930,332.48,INR,RECOVERED,RECOVERED,BUSINESS_DECLINE,U19,Daily Per-Transaction or Cumulative Limit Exceeded,Paytm Payments Bank,PYTM,SMART_PAYMENT_LINK,0.3351,LOW,16,0,1,3,2026-08-19T11:06:29.521533
pay_npci_01796,mer_demo_apex,Apex Retail India Ltd,cust_npci_01796,Neha Patel,neha.patel80@barodampay,+919859429160,1908.94,INR,RECOVERED,RECOVERED,BUSINESS_DECLINE,ZA,Insufficient Funds in Customer Account,Bank of Baroda,BOB,SMART_PAYMENT_LINK,0.3101,LOW,12,0,1,3,2026-08-28T20:24:37.375829
pay_npci_01797,mer_swiggy_inst,Swiggy Instamart Partner,cust_npci_01797,Pranav Kumar,pranav.kumar95@ybl,+919855839163,294.26,INR,RECOVERED,RECOVERED,TECHNICAL_DECLINE,BT,Issuer Switch Timeout During 2FA Verification,Yes Bank / PhonePe,YESB,DIRECT_GATEWAY_RETRY,0.02,LOW,13,0,1,3,2026-08-12T05:42:40.831825
pay_npci_01798,mer_quick_kart,Bharat QuickCommerce,cust_npci_01798,Kavita Rao,kavita.rao52@hdfcbank,+919836702142,25149.42,INR,FAILED,PENDING,TECHNICAL_DECLINE,SWITCH_DOWN,NPCI Central Switch Queue Congestion,HDFC Bank,HDFC,BACKOFF_RETRY,0.1656,LOW,8,0,0,3,2026-08-27T16:38:22.727259
pay_npci_01799,mer_quick_kart,Bharat QuickCommerce,cust_npci_01799,Sneha Desai,sneha.desai33@oksbi,+919882859301,268.55,INR,FAILED,PENDING,BUSINESS_DECLINE,ZA,Insufficient Funds in Customer Account,State Bank of India,SBI,SMART_PAYMENT_LINK,0.4268,MEDIUM,3,0,0,3,2026-08-16T17:02:22.132249
pay_npci_01800,mer_quick_kart,Bharat QuickCommerce,cust_npci_01800,Zoya Rao,zoya.rao40@axisbank,+919849599810,389.89,INR,FAILED,IN_REVIEW,BUSINESS_DECLINE,K1,Suspected Fraud / Excessive Velocity Anomaly,Axis Bank,AXIS,QUARANTINE_FOR_REVIEW,0.98,HIGH,10,1,1,3,2026-09-03T19:41:01.909808
pay_npci_01801,mer_swiggy_inst,Swiggy Instamart Partner,cust_npci_01801,Zoya Sharma,zoya.sharma23@hdfcbank,+919854574666,358.27,INR,FAILED,PENDING,BUSINESS_DECLINE,ZM,Invalid MPIN Entered by Customer,HDFC Bank,HDFC,CUSTOMER_WHATSAPP_NUDGE,0.3541,MEDIUM,0,0,1,3,2026-08-21T22:40:34.723720
pay_npci_01802,mer_tech_bazaar,Croma TechBazaar,cust_npci_01802,Varun Gupta,varun.gupta94@ibl,+919897832745,34.3,INR,FAILED,PENDING,BUSINESS_DECLINE,ZM,Invalid MPIN Entered by Customer,Yes Bank / PhonePe,YESB,CUSTOMER_WHATSAPP_NUDGE,0.6082,MEDIUM,8,1,2,3,2026-08-23T00:30:47.423000
pay_npci_01803,mer_kirana_net,Desi Kirana Network,cust_npci_01803,Gaurav Sharma,gaurav.sharma18@kmbl,+919840719194,265.41,INR,FAILED,PENDING,BUSINESS_DECLINE,U19,Daily Per-Transaction or Cumulative Limit Exceeded,Kotak Mahindra Bank,KKBK,SMART_PAYMENT_LINK,0.3513,MEDIUM,13,0,1,3,2026-08-11T19:08:14.931575
pay_npci_01804,mer_tech_bazaar,Croma TechBazaar,cust_npci_01804,Zoya Chopra,zoya.chopra71@axisbank,+919811101972,925.95,INR,FAILED,PENDING,BUSINESS_DECLINE,ZM,Invalid MPIN Entered by Customer,Axis Bank,AXIS,CUSTOMER_WHATSAPP_NUDGE,0.6358,MEDIUM,8,1,2,3,2026-08-18T05:20:34.331984
pay_npci_01805,mer_quick_kart,Bharat QuickCommerce,cust_npci_01805,Vivek Reddy,vivek.reddy25@okicici,+919889650303,3544.81,INR,RECOVERED,RECOVERED,BUSINESS_DECLINE,ZA,Insufficient Funds in Customer Account,ICICI Bank,ICICI,SMART_PAYMENT_LINK,0.2911,LOW,14,0,1,3,2026-08-18T21:05:37.898598
pay_npci_01806,mer_kirana_net,Desi Kirana Network,cust_npci_01806,Pooja Kumar,pooja.kumar97@paytm,+919868545545,71738.09,INR,FAILED,PENDING,BUSINESS_DECLINE,ZM,Invalid MPIN Entered by Customer,Paytm Payments Bank,PYTM,CUSTOMER_WHATSAPP_NUDGE,0.468,MEDIUM,12,0,0,3,2026-08-18T11:26:55.026302
pay_npci_01807,mer_kirana_net,Desi Kirana Network,cust_npci_01807,Vivek Desai,vivek.desai52@icici,+919874595478,1914.83,INR,RECOVERED,RECOVERED,BUSINESS_DECLINE,ZM,Invalid MPIN Entered by Customer,ICICI Bank,ICICI,CUSTOMER_WHATSAPP_NUDGE,0.3407,LOW,1,0,1,3,2026-08-07T17:37:06.156787
pay_npci_01808,mer_quick_kart,Bharat QuickCommerce,cust_npci_01808,Pooja Desai,pooja.desai58@okpnb,+919891068254,190.07,INR,RECOVERED,RECOVERED,BUSINESS_DECLINE,ZA,Insufficient Funds in Customer Account,Punjab National Bank,PNB,SMART_PAYMENT_LINK,0.3231,LOW,7,0,1,3,2026-08-20T17:04:21.003207
pay_npci_01809,mer_demo_apex,Apex Retail India Ltd,cust_npci_01809,Zoya Verma,zoya.verma11@sbi,+919894366699,4339.14,INR,RECOVERED,RECOVERED,BUSINESS_DECLINE,ZA,Insufficient Funds in Customer Account,State Bank of India,SBI,SMART_PAYMENT_LINK,0.3364,LOW,11,0,1,3,2026-08-14T23:51:40.150016
pay_npci_01810,mer_quick_kart,Bharat QuickCommerce,cust_npci_01810,Tanvi Banerjee,tanvi.banerjee39@paytm,+919886352730,126.02,INR,RECOVERED,RECOVERED,BUSINESS_DECLINE,ZM,Invalid MPIN Entered by Customer,Paytm Payments Bank,PYTM,CUSTOMER_WHATSAPP_NUDGE,0.283,LOW,6,0,1,3,2026-08-22T15:13:05.263935
pay_npci_01811,mer_demo_apex,Apex Retail India Ltd,cust_npci_01811,Aarav Banerjee,aarav.banerjee10@okicici,+919824985593,51676.05,INR,FAILED,PENDING,BUSINESS_DECLINE,ZA,Insufficient Funds in Customer Account,ICICI Bank,ICICI,SMART_PAYMENT_LINK,0.4424,MEDIUM,14,0,0,3,2026-08-13T22:28:55.555128
pay_npci_01812,mer_quick_kart,Bharat QuickCommerce,cust_npci_01812,Sneha Nair,sneha.nair22@hdfcbank,+919812522358,148.43,INR,FAILED,PENDING,BUSINESS_DECLINE,U19,Daily Per-Transaction or Cumulative Limit Exceeded,HDFC Bank,HDFC,SMART_PAYMENT_LINK,0.2904,LOW,11,0,1,3,2026-08-23T20:51:05.596627
pay_npci_01813,mer_kirana_net,Desi Kirana Network,cust_npci_01813,Vivek Reddy,vivek.reddy31@okpnb,+919863740804,337.12,INR,FAILED,PENDING,TECHNICAL_DECLINE,BT,Issuer Switch Timeout During 2FA Verification,Punjab National Bank,PNB,DIRECT_GATEWAY_RETRY,0.02,LOW,8,0,0,3,2026-08-11T22:14:42.626624
pay_npci_01814,mer_demo_apex,Apex Retail India Ltd,cust_npci_01814,Deepak Rao,deepak.rao16@okaxis,+919826324793,247.3,INR,RECOVERED,RECOVERED,BUSINESS_DECLINE,ZA,Insufficient Funds in Customer Account,Axis Bank,AXIS,SMART_PAYMENT_LINK,0.3231,LOW,9,0,1,3,2026-08-16T15:29:21.269240
pay_npci_01815,mer_kirana_net,Desi Kirana Network,cust_npci_01815,Gaurav Chatterjee,gaurav.chatterjee16@axisbank,+919810856032,22998.96,INR,RECOVERED,RECOVERED,BUSINESS_DECLINE,ZM,Invalid MPIN Entered by Customer,Axis Bank,AXIS,CUSTOMER_WHATSAPP_NUDGE,0.2334,LOW,13,0,1,3,2026-08-29T20:20:11.203755
pay_npci_01816,mer_kirana_net,Desi Kirana Network,cust_npci_01816,Varun Gupta,varun.gupta20@sbi,+919884622590,1069.26,INR,RECOVERED,RECOVERED,BUSINESS_DECLINE,U19,Daily Per-Transaction or Cumulative Limit Exceeded,State Bank of India,SBI,SMART_PAYMENT_LINK,0.318,LOW,17,0,1,3,2026-08-25T19:28:36.886569
pay_npci_01817,mer_tech_bazaar,Croma TechBazaar,cust_npci_01817,Amit Desai,amit.desai24@okpnb,+919813161802,4677.82,INR,RECOVERED,RECOVERED,BUSINESS_DECLINE,ZA,Insufficient Funds in Customer Account,Punjab National Bank,PNB,SMART_PAYMENT_LINK,0.2807,LOW,13,0,1,3,2026-08-18T02:14:32.843788
pay_npci_01818,mer_kirana_net,Desi Kirana Network,cust_npci_01818,Pranav Nair,pranav.nair18@ibl,+919811015913,449.62,INR,RECOVERED,RECOVERED,TECHNICAL_DECLINE,BT,Issuer Switch Timeout During 2FA Verification,Yes Bank / PhonePe,YESB,DIRECT_GATEWAY_RETRY,0.02,LOW,7,0,1,3,2026-08-07T20:08:35.779213
pay_npci_01819,mer_demo_apex,Apex Retail India Ltd,cust_npci_01819,Ananya Gupta,ananya.gupta74@hdfcbank,+919843160843,1594.79,INR,RECOVERED,RECOVERED,BUSINESS_DECLINE,ZM,Invalid MPIN Entered by Customer,HDFC Bank,HDFC,CUSTOMER_WHATSAPP_NUDGE,0.2672,LOW,16,0,1,3,2026-08-10T16:46:46.536422
pay_npci_01820,mer_tech_bazaar,Croma TechBazaar,cust_npci_01820,Varun Sharma,varun.sharma31@sbi,+919897646177,2095.48,INR,RECOVERED,RECOVERED,BUSINESS_DECLINE,ZA,Insufficient Funds in Customer Account,State Bank of India,SBI,SMART_PAYMENT_LINK,0.3098,LOW,16,0,1,3,2026-08-13T19:21:55.204697
pay_npci_01821,mer_kirana_net,Desi Kirana Network,cust_npci_01821,Zoya Banerjee,zoya.banerjee33@sbi,+919891299926,4477.1,INR,RECOVERED,RECOVERED,TECHNICAL_DECLINE,U69,Remitter Bank System Unavailable / Switch Error,State Bank of India,SBI,DIRECT_GATEWAY_RETRY,0.0847,LOW,1,0,1,3,2026-09-03T10:28:01.780106
pay_npci_01822,mer_kirana_net,Desi Kirana Network,cust_npci_01822,Vikram Kulkarni,vikram.kulkarni78@oksbi,+919868780959,20.89,INR,FAILED,PENDING,BUSINESS_DECLINE,ZM,Invalid MPIN Entered by Customer,State Bank of India,SBI,CUSTOMER_WHATSAPP_NUDGE,0.3976,MEDIUM,3,0,2,3,2026-08-20T21:47:24.083178
pay_npci_01823,mer_quick_kart,Bharat QuickCommerce,cust_npci_01823,Zoya Patel,zoya.patel49@unionbank,+919834180746,76.33,INR,RECOVERED,RECOVERED,BUSINESS_DECLINE,ZA,Insufficient Funds in Customer Account,Union Bank of India,UBI,SMART_PAYMENT_LINK,0.3384,LOW,14,0,1,3,2026-08-27T21:10:07.210416
pay_npci_01824,mer_tech_bazaar,Croma TechBazaar,cust_npci_01824,Sneha Joshi,sneha.joshi76@okhdfcbank,+919847247101,101.67,INR,RECOVERED,RECOVERED,TECHNICAL_DECLINE,U69,Remitter Bank System Unavailable / Switch Error,HDFC Bank,HDFC,DIRECT_GATEWAY_RETRY,0.02,LOW,6,0,1,3,2026-08-14T08:01:01.073976
pay_npci_01825,mer_kirana_net,Desi Kirana Network,cust_npci_01825,Varun Banerjee,varun.banerjee87@unionbank,+919875686377,299.97,INR,FAILED,IN_REVIEW,BUSINESS_DECLINE,K1,Suspected Fraud / Excessive Velocity Anomaly,Union Bank of India,UBI,QUARANTINE_FOR_REVIEW,0.98,HIGH,18,1,2,3,2026-08-17T16:53:05.705497
pay_npci_01826,mer_tech_bazaar,Croma TechBazaar,cust_npci_01826,Zoya Sharma,zoya.sharma60@okpnb,+919869011713,4009.28,INR,RECOVERED,RECOVERED,BUSINESS_DECLINE,ZA,Insufficient Funds in Customer Account,Punjab National Bank,PNB,SMART_PAYMENT_LINK,0.2889,LOW,7,0,1,3,2026-08-30T17:35:40.415887
pay_npci_01827,mer_swiggy_inst,Swiggy Instamart Partner,cust_npci_01827,Tanvi Singh,tanvi.singh86@unionbank,+919817912731,331.03,INR,FAILED,IN_REVIEW,BUSINESS_DECLINE,K1,Suspected Fraud / Excessive Velocity Anomaly,Union Bank of India,UBI,QUARANTINE_FOR_REVIEW,0.98,HIGH,8,1,0,3,2026-08-20T12:51:50.901896
pay_npci_01828,mer_quick_kart,Bharat QuickCommerce,cust_npci_01828,Sanjay Reddy,sanjay.reddy87@icici,+919874281536,263.32,INR,RECOVERED,RECOVERED,BUSINESS_DECLINE,ZA,Insufficient Funds in Customer Account,ICICI Bank,ICICI,SMART_PAYMENT_LINK,0.2925,LOW,11,0,1,3,2026-08-24T23:51:26.617759
pay_npci_01829,mer_swiggy_inst,Swiggy Instamart Partner,cust_npci_01829,Kiran Banerjee,kiran.banerjee18@oksbi,+919881135292,2962.01,INR,RECOVERED,RECOVERED,BUSINESS_DECLINE,ZA,Insufficient Funds in Customer Account,State Bank of India,SBI,SMART_PAYMENT_LINK,0.3259,LOW,15,0,1,3,2026-09-02T20:44:44.048310
pay_npci_01830,mer_demo_apex,Apex Retail India Ltd,cust_npci_01830,Rahul Desai,rahul.desai32@okpnb,+919896010868,45451.84,INR,FAILED,PENDING,BUSINESS_DECLINE,ZM,Invalid MPIN Entered by Customer,Punjab National Bank,PNB,CUSTOMER_WHATSAPP_NUDGE,0.555,MEDIUM,4,0,1,3,2026-08-31T08:19:55.778577
pay_npci_01831,mer_demo_apex,Apex Retail India Ltd,cust_npci_01831,Manish Chopra,manish.chopra83@okhdfcbank,+919899493792,268.97,INR,FAILED,PENDING,TECHNICAL_DECLINE,U30,Beneficiary Bank Timeout After Debit (Ambiguous),HDFC Bank,HDFC,STATUS_POLL_VERIFICATION,0.5595,MEDIUM,15,1,0,3,2026-08-17T12:13:24.029994
pay_npci_01832,mer_kirana_net,Desi Kirana Network,cust_npci_01832,Vikram Gupta,vikram.gupta31@kmbl,+919859237395,20237.12,INR,FAILED,PENDING,BUSINESS_DECLINE,ZA,Insufficient Funds in Customer Account,Kotak Mahindra Bank,KKBK,SMART_PAYMENT_LINK,0.3971,MEDIUM,0,0,1,3,2026-08-17T15:49:08.057660
pay_npci_01833,mer_quick_kart,Bharat QuickCommerce,cust_npci_01833,Rahul Singh,rahul.singh25@okicici,+919837549497,261.53,INR,FAILED,PENDING,BUSINESS_DECLINE,ZA,Insufficient Funds in Customer Account,ICICI Bank,ICICI,SMART_PAYMENT_LINK,0.4201,MEDIUM,3,0,1,3,2026-08-18T01:31:50.540189
pay_npci_01834,mer_kirana_net,Desi Kirana Network,cust_npci_01834,Aarav Verma,aarav.verma99@okpnb,+919866820458,65.96,INR,RECOVERED,RECOVERED,TECHNICAL_DECLINE,U69,Remitter Bank System Unavailable / Switch Error,Punjab National Bank,PNB,DIRECT_GATEWAY_RETRY,0.02,LOW,10,0,1,3,2026-08-29T12:03:42.204291
pay_npci_01835,mer_quick_kart,Bharat QuickCommerce,cust_npci_01835,Sanjay Verma,sanjay.verma44@paytm,+919845569485,1398.74,INR,FAILED,PENDING,BUSINESS_DECLINE,ZM,Invalid MPIN Entered by Customer,Paytm Payments Bank,PYTM,CUSTOMER_WHATSAPP_NUDGE,0.3853,MEDIUM,5,0,1,3,2026-08-24T16:42:05.050246
pay_npci_01836,mer_demo_apex,Apex Retail India Ltd,cust_npci_01836,Sanjay Reddy,sanjay.reddy57@sbi,+919822402617,179.54,INR,FAILED,PENDING,BUSINESS_DECLINE,ZA,Insufficient Funds in Customer Account,State Bank of India,SBI,SMART_PAYMENT_LINK,0.4076,MEDIUM,0,0,1,3,2026-08-06T20:46:35.662215
pay_npci_01837,mer_tech_bazaar,Croma TechBazaar,cust_npci_01837,Ananya Rao,ananya.rao98@okicici,+919852554574,24.54,INR,FAILED,PENDING,BUSINESS_DECLINE,ZA,Insufficient Funds in Customer Account,ICICI Bank,ICICI,SMART_PAYMENT_LINK,0.3811,MEDIUM,2,0,2,3,2026-08-21T20:55:46.660849
pay_npci_01838,mer_demo_apex,Apex Retail India Ltd,cust_npci_01838,Varun Patel,varun.patel32@barodampay,+919829202695,491.1,INR,FAILED,PENDING,BUSINESS_DECLINE,XH,Customer Account Blocked / Frozen / Dormant,Bank of Baroda,BOB,ESCALATE_TO_HUMAN,0.5839,MEDIUM,6,0,1,3,2026-08-08T10:06:08.775432
pay_npci_01839,mer_kirana_net,Desi Kirana Network,cust_npci_01839,Vikram Kumar,vikram.kumar11@okaxis,+919815694080,25.11,INR,FAILED,PENDING,BUSINESS_DECLINE,ZA,Insufficient Funds in Customer Account,Axis Bank,AXIS,SMART_PAYMENT_LINK,0.4266,MEDIUM,5,0,1,3,2026-08-20T17:21:12.504011
pay_npci_01840,mer_kirana_net,Desi Kirana Network,cust_npci_01840,Kavita Desai,kavita.desai57@barodampay,+919831261395,52256.5,INR,RECOVERED,RECOVERED,TECHNICAL_DECLINE,BT,Issuer Switch Timeout During 2FA Verification,Bank of Baroda,BOB,DIRECT_GATEWAY_RETRY,0.3346,LOW,2,0,1,3,2026-08-19T22:48:59.542854
pay_npci_01841,mer_tech_bazaar,Croma TechBazaar,cust_npci_01841,Priya Verma,priya.verma76@ibl,+919832128562,295.75,INR,FAILED,IN_REVIEW,BUSINESS_DECLINE,XH,Customer Account Blocked / Frozen / Dormant,Yes Bank / PhonePe,YESB,ESCALATE_TO_HUMAN,0.7001,HIGH,2,0,2,3,2026-09-04T08:33:06.263901
pay_npci_01842,mer_swiggy_inst,Swiggy Instamart Partner,cust_npci_01842,Kiran Patel,kiran.patel98@axisbank,+919829795817,2046.81,INR,RECOVERED,RECOVERED,BUSINESS_DECLINE,ZA,Insufficient Funds in Customer Account,Axis Bank,AXIS,SMART_PAYMENT_LINK,0.2792,LOW,11,0,1,3,2026-08-20T12:15:34.668400
pay_npci_01843,mer_tech_bazaar,Croma TechBazaar,cust_npci_01843,Manish Banerjee,manish.banerjee41@paytm,+919878490956,336.78,INR,RECOVERED,RECOVERED,TECHNICAL_DECLINE,U69,Remitter Bank System Unavailable / Switch Error,Paytm Payments Bank,PYTM,DIRECT_GATEWAY_RETRY,0.0737,LOW,5,0,1,3,2026-09-04T17:00:38.598351
pay_npci_01844,mer_kirana_net,Desi Kirana Network,cust_npci_01844,Sunil Verma,sunil.verma84@hdfcbank,+919826132433,498.68,INR,RECOVERED,RECOVERED,TECHNICAL_DECLINE,U30,Beneficiary Bank Timeout After Debit (Ambiguous),HDFC Bank,HDFC,STATUS_POLL_VERIFICATION,0.317,LOW,5,0,1,3,2026-08-16T20:30:09.763837
pay_npci_01845,mer_quick_kart,Bharat QuickCommerce,cust_npci_01845,Ananya Banerjee,ananya.banerjee74@okicici,+919840093539,383.64,INR,RECOVERED,RECOVERED,BUSINESS_DECLINE,ZA,Insufficient Funds in Customer Account,ICICI Bank,ICICI,SMART_PAYMENT_LINK,0.3017,LOW,14,0,1,3,2026-08-21T13:24:46.013916
pay_npci_01846,mer_swiggy_inst,Swiggy Instamart Partner,cust_npci_01846,Kavita Sharma,kavita.sharma42@okhdfcbank,+919865240095,466.79,INR,RECOVERED,RECOVERED,BUSINESS_DECLINE,ZA,Insufficient Funds in Customer Account,HDFC Bank,HDFC,SMART_PAYMENT_LINK,0.2913,LOW,16,0,1,3,2026-08-21T14:22:27.176629
pay_npci_01847,mer_demo_apex,Apex Retail India Ltd,cust_npci_01847,Pranav Singh,pranav.singh34@axisbank,+919861314325,3615.26,INR,FAILED,IN_REVIEW,BUSINESS_DECLINE,U19,Daily Per-Transaction or Cumulative Limit Exceeded,Axis Bank,AXIS,SMART_PAYMENT_LINK,0.8159,HIGH,3,1,0,3,2026-08-10T20:02:56.401549
pay_npci_01848,mer_demo_apex,Apex Retail India Ltd,cust_npci_01848,Varun Verma,varun.verma24@sbi,+919879836243,90.63,INR,RECOVERED,RECOVERED,BUSINESS_DECLINE,ZA,Insufficient Funds in Customer Account,State Bank of India,SBI,SMART_PAYMENT_LINK,0.3298,LOW,10,0,1,3,2026-08-26T13:54:32.516732
pay_npci_01849,mer_demo_apex,Apex Retail India Ltd,cust_npci_01849,Vivek Reddy,vivek.reddy42@axisbank,+919832997371,1645.49,INR,RECOVERED,RECOVERED,BUSINESS_DECLINE,ZM,Invalid MPIN Entered by Customer,Axis Bank,AXIS,CUSTOMER_WHATSAPP_NUDGE,0.2579,LOW,6,0,1,3,2026-08-20T20:47:05.665571
pay_npci_01850,mer_kirana_net,Desi Kirana Network,cust_npci_01850,Sunil Joshi,sunil.joshi70@paytm,+919855384637,1674.62,INR,RECOVERED,RECOVERED,TECHNICAL_DECLINE,U69,Remitter Bank System Unavailable / Switch Error,Paytm Payments Bank,PYTM,DIRECT_GATEWAY_RETRY,0.1183,LOW,2,0,1,3,2026-08-21T16:21:25.435427
pay_npci_01851,mer_swiggy_inst,Swiggy Instamart Partner,cust_npci_01851,Pooja Singh,pooja.singh23@kmbl,+919854307490,355.97,INR,FAILED,PENDING,BUSINESS_DECLINE,ZA,Insufficient Funds in Customer Account,Kotak Mahindra Bank,KKBK,SMART_PAYMENT_LINK,0.4333,MEDIUM,5,0,1,3,2026-08-19T20:00:25.409405
pay_npci_01852,mer_tech_bazaar,Croma TechBazaar,cust_npci_01852,Aditi Chopra,aditi.chopra81@okhdfcbank,+919886581850,489.23,INR,RECOVERED,RECOVERED,BUSINESS_DECLINE,ZA,Insufficient Funds in Customer Account,HDFC Bank,HDFC,SMART_PAYMENT_LINK,0.2667,LOW,14,0,1,3,2026-08-18T15:11:59.544814
pay_npci_01853,mer_kirana_net,Desi Kirana Network,cust_npci_01853,Aditi Banerjee,aditi.banerjee56@ibl,+919877498902,4595.66,INR,FAILED,PENDING,BUSINESS_DECLINE,ZA,Insufficient Funds in Customer Account,Yes Bank / PhonePe,YESB,SMART_PAYMENT_LINK,0.6593,MEDIUM,17,1,0,3,2026-08-22T16:18:43.041583
pay_npci_01854,mer_tech_bazaar,Croma TechBazaar,cust_npci_01854,Neha Joshi,neha.joshi41@sbi,+919823007542,642.66,INR,RECOVERED,RECOVERED,TECHNICAL_DECLINE,BT,Issuer Switch Timeout During 2FA Verification,State Bank of India,SBI,DIRECT_GATEWAY_RETRY,0.02,LOW,8,0,1,3,2026-08-27T17:34:28.808933
pay_npci_01855,mer_swiggy_inst,Swiggy Instamart Partner,cust_npci_01855,Aarav Nair,aarav.nair81@okpnb,+919887360306,3566.67,INR,FAILED,PENDING,BUSINESS_DECLINE,XH,Customer Account Blocked / Frozen / Dormant,Punjab National Bank,PNB,ESCALATE_TO_HUMAN,0.5949,MEDIUM,12,0,0,3,2026-08-13T18:04:04.843742
pay_npci_01856,mer_tech_bazaar,Croma TechBazaar,cust_npci_01856,Tanvi Nair,tanvi.nair97@barodampay,+919881434173,28.45,INR,FAILED,PENDING,TECHNICAL_DECLINE,U69,Remitter Bank System Unavailable / Switch Error,Bank of Baroda,BOB,DIRECT_GATEWAY_RETRY,0.4876,MEDIUM,1,1,1,3,2026-08-11T14:28:10.989253
pay_npci_01857,mer_swiggy_inst,Swiggy Instamart Partner,cust_npci_01857,Kiran Chatterjee,kiran.chatterjee48@okicici,+919812807737,6954.39,INR,RECOVERED,RECOVERED,TECHNICAL_DECLINE,U69,Remitter Bank System Unavailable / Switch Error,ICICI Bank,ICICI,DIRECT_GATEWAY_RETRY,0.0926,LOW,2,0,1,3,2026-08-22T20:27:14.549639
pay_npci_01858,mer_swiggy_inst,Swiggy Instamart Partner,cust_npci_01858,Deepak Mehta,deepak.mehta86@okicici,+919861645544,1347.32,INR,FAILED,IN_REVIEW,BUSINESS_DECLINE,K1,Suspected Fraud / Excessive Velocity Anomaly,ICICI Bank,ICICI,QUARANTINE_FOR_REVIEW,0.98,HIGH,15,1,2,3,2026-08-22T19:17:16.937449
pay_npci_01859,mer_kirana_net,Desi Kirana Network,cust_npci_01859,Isha Kulkarni,isha.kulkarni23@unionbank,+919824966043,393.68,INR,RECOVERED,RECOVERED,BUSINESS_DECLINE,U19,Daily Per-Transaction or Cumulative Limit Exceeded,Union Bank of India,UBI,SMART_PAYMENT_LINK,0.3196,LOW,13,0,1,3,2026-08-20T23:51:03.365000
pay_npci_01860,mer_demo_apex,Apex Retail India Ltd,cust_npci_01860,Rohan Mehta,rohan.mehta28@sbi,+919828041242,3521.41,INR,RECOVERED,RECOVERED,TECHNICAL_DECLINE,U30,Beneficiary Bank Timeout After Debit (Ambiguous),State Bank of India,SBI,STATUS_POLL_VERIFICATION,0.1819,LOW,9,0,1,3,2026-08-11T10:24:56.293187
pay_npci_01861,mer_quick_kart,Bharat QuickCommerce,cust_npci_01861,Rohan Desai,rohan.desai74@oksbi,+919858077197,239.2,INR,RECOVERED,RECOVERED,BUSINESS_DECLINE,ZA,Insufficient Funds in Customer Account,State Bank of India,SBI,SMART_PAYMENT_LINK,0.337,LOW,8,0,1,3,2026-08-20T18:12:16.456680
pay_npci_01862,mer_demo_apex,Apex Retail India Ltd,cust_npci_01862,Aditi Reddy,aditi.reddy24@barodampay,+919843551586,583.8,INR,RECOVERED,RECOVERED,TECHNICAL_DECLINE,U69,Remitter Bank System Unavailable / Switch Error,Bank of Baroda,BOB,DIRECT_GATEWAY_RETRY,0.02,LOW,14,0,1,3,2026-08-29T15:16:57.333975
pay_npci_01863,mer_swiggy_inst,Swiggy Instamart Partner,cust_npci_01863,Pranav Joshi,pranav.joshi19@unionbank,+919860818434,1587.77,INR,RECOVERED,RECOVERED,TECHNICAL_DECLINE,BT,Issuer Switch Timeout During 2FA Verification,Union Bank of India,UBI,DIRECT_GATEWAY_RETRY,0.0506,LOW,18,0,1,3,2026-08-15T12:11:50.853317
pay_npci_01864,mer_swiggy_inst,Swiggy Instamart Partner,cust_npci_01864,Rohan Rao,rohan.rao56@oksbi,+919819146069,3927.18,INR,RECOVERED,RECOVERED,BUSINESS_DECLINE,U19,Daily Per-Transaction or Cumulative Limit Exceeded,State Bank of India,SBI,SMART_PAYMENT_LINK,0.3489,LOW,14,0,1,3,2026-08-25T01:42:12.523652
pay_npci_01865,mer_swiggy_inst,Swiggy Instamart Partner,cust_npci_01865,Aditi Chatterjee,aditi.chatterjee77@okpnb,+919845315394,3304.03,INR,RECOVERED,RECOVERED,BUSINESS_DECLINE,ZM,Invalid MPIN Entered by Customer,Punjab National Bank,PNB,CUSTOMER_WHATSAPP_NUDGE,0.2703,LOW,18,0,1,3,2026-09-01T13:49:12.039184
pay_npci_01866,mer_demo_apex,Apex Retail India Ltd,cust_npci_01866,Aarav Kulkarni,aarav.kulkarni90@ybl,+919838409150,394.56,INR,RECOVERED,RECOVERED,TECHNICAL_DECLINE,BT,Issuer Switch Timeout During 2FA Verification,Yes Bank / PhonePe,YESB,DIRECT_GATEWAY_RETRY,0.0344,LOW,14,0,1,3,2026-08-27T20:08:44.434283
pay_npci_01867,mer_quick_kart,Bharat QuickCommerce,cust_npci_01867,Sneha Sharma,sneha.sharma47@kotak,+919835735384,424.72,INR,RECOVERED,RECOVERED,BUSINESS_DECLINE,ZA,Insufficient Funds in Customer Account,Kotak Mahindra Bank,KKBK,SMART_PAYMENT_LINK,0.2941,LOW,18,0,1,3,2026-08-29T09:42:34.333650
pay_npci_01868,mer_quick_kart,Bharat QuickCommerce,cust_npci_01868,Pranav Rao,pranav.rao63@unionbank,+919821422295,158.69,INR,FAILED,IN_REVIEW,BUSINESS_DECLINE,K1,Suspected Fraud / Excessive Velocity Anomaly,Union Bank of India,UBI,QUARANTINE_FOR_REVIEW,0.98,HIGH,12,1,1,3,2026-08-17T18:08:09.876004
pay_npci_01869,mer_tech_bazaar,Croma TechBazaar,cust_npci_01869,Priya Kulkarni,priya.kulkarni19@ybl,+919869948777,3014.59,INR,RECOVERED,RECOVERED,BUSINESS_DECLINE,ZM,Invalid MPIN Entered by Customer,Yes Bank / PhonePe,YESB,CUSTOMER_WHATSAPP_NUDGE,0.2645,LOW,6,0,1,3,2026-08-08T20:09:12.012349
pay_npci_01870,mer_kirana_net,Desi Kirana Network,cust_npci_01870,Deepak Sharma,deepak.sharma33@icici,+919860641254,387.65,INR,FAILED,PENDING,BUSINESS_DECLINE,ZA,Insufficient Funds in Customer Account,ICICI Bank,ICICI,SMART_PAYMENT_LINK,0.4488,MEDIUM,1,0,1,3,2026-08-28T21:42:47.947040
pay_npci_01871,mer_demo_apex,Apex Retail India Ltd,cust_npci_01871,Neha Chopra,neha.chopra93@oksbi,+919843037959,393.4,INR,RECOVERED,RECOVERED,TECHNICAL_DECLINE,U69,Remitter Bank System Unavailable / Switch Error,State Bank of India,SBI,DIRECT_GATEWAY_RETRY,0.02,LOW,8,0,1,3,2026-08-25T11:26:10.438304
pay_npci_01872,mer_quick_kart,Bharat QuickCommerce,cust_npci_01872,Priya Desai,priya.desai40@ibl,+919816801210,10034.45,INR,RECOVERED,RECOVERED,TECHNICAL_DECLINE,BT,Issuer Switch Timeout During 2FA Verification,Yes Bank / PhonePe,YESB,DIRECT_GATEWAY_RETRY,0.1601,LOW,5,0,1,3,2026-08-15T22:29:44.177220
pay_npci_01873,mer_quick_kart,Bharat QuickCommerce,cust_npci_01873,Tanvi Banerjee,tanvi.banerjee64@oksbi,+919875709590,110.1,INR,FAILED,PENDING,BUSINESS_DECLINE,ZM,Invalid MPIN Entered by Customer,State Bank of India,SBI,CUSTOMER_WHATSAPP_NUDGE,0.4149,MEDIUM,1,0,1,3,2026-08-18T18:23:39.919988
pay_npci_01874,mer_kirana_net,Desi Kirana Network,cust_npci_01874,Vivek Chopra,vivek.chopra65@hdfcbank,+919846207864,477.52,INR,RECOVERED,RECOVERED,BUSINESS_DECLINE,ZM,Invalid MPIN Entered by Customer,HDFC Bank,HDFC,CUSTOMER_WHATSAPP_NUDGE,0.2485,LOW,6,0,1,3,2026-08-21T20:25:15.927561
pay_npci_01875,mer_demo_apex,Apex Retail India Ltd,cust_npci_01875,Ananya Joshi,ananya.joshi55@ibl,+919850568736,1743.59,INR,RECOVERED,RECOVERED,BUSINESS_DECLINE,ZM,Invalid MPIN Entered by Customer,Yes Bank / PhonePe,YESB,CUSTOMER_WHATSAPP_NUDGE,0.2457,LOW,12,0,1,3,2026-08-21T13:17:40.856099
pay_npci_01876,mer_kirana_net,Desi Kirana Network,cust_npci_01876,Pooja Chopra,pooja.chopra38@okpnb,+919872256358,2889.24,INR,RECOVERED,RECOVERED,TECHNICAL_DECLINE,U69,Remitter Bank System Unavailable / Switch Error,Punjab National Bank,PNB,DIRECT_GATEWAY_RETRY,0.02,LOW,16,0,1,3,2026-08-28T21:24:14.679456
pay_npci_01877,mer_kirana_net,Desi Kirana Network,cust_npci_01877,Pooja Nair,pooja.nair34@paytm,+919810183021,115.71,INR,RECOVERED,RECOVERED,TECHNICAL_DECLINE,U69,Remitter Bank System Unavailable / Switch Error,Paytm Payments Bank,PYTM,DIRECT_GATEWAY_RETRY,0.076,LOW,5,0,1,3,2026-09-03T13:32:48.010049
pay_npci_01878,mer_kirana_net,Desi Kirana Network,cust_npci_01878,Aditi Reddy,aditi.reddy41@sbi,+919864068217,496.22,INR,RECOVERED,RECOVERED,BUSINESS_DECLINE,ZA,Insufficient Funds in Customer Account,State Bank of India,SBI,SMART_PAYMENT_LINK,0.26,LOW,16,0,1,3,2026-08-31T19:18:35.035873
pay_npci_01879,mer_swiggy_inst,Swiggy Instamart Partner,cust_npci_01879,Amit Gupta,amit.gupta11@unionbank,+919876147354,235.06,INR,FAILED,PENDING,BUSINESS_DECLINE,ZA,Insufficient Funds in Customer Account,Union Bank of India,UBI,SMART_PAYMENT_LINK,0.4301,MEDIUM,5,0,0,3,2026-08-21T12:26:37.314877
pay_npci_01880,mer_tech_bazaar,Croma TechBazaar,cust_npci_01880,Isha Chopra,isha.chopra74@oksbi,+919843366150,39639.15,INR,FAILED,IN_REVIEW,BUSINESS_DECLINE,K1,Suspected Fraud / Excessive Velocity Anomaly,State Bank of India,SBI,QUARANTINE_FOR_REVIEW,0.98,HIGH,12,1,0,3,2026-08-22T14:43:49.649345
pay_npci_01881,mer_quick_kart,Bharat QuickCommerce,cust_npci_01881,Rahul Gupta,rahul.gupta24@oksbi,+919832921497,3910.21,INR,RECOVERED,RECOVERED,BUSINESS_DECLINE,ZM,Invalid MPIN Entered by Customer,State Bank of India,SBI,CUSTOMER_WHATSAPP_NUDGE,0.2809,LOW,10,0,1,3,2026-08-16T19:48:38.479199
pay_npci_01882,mer_tech_bazaar,Croma TechBazaar,cust_npci_01882,Isha Mehta,isha.mehta43@okpnb,+919888347327,360.0,INR,FAILED,PENDING,BUSINESS_DECLINE,ZA,Insufficient Funds in Customer Account,Punjab National Bank,PNB,SMART_PAYMENT_LINK,0.4112,MEDIUM,2,0,1,3,2026-08-16T13:44:02.315061
pay_npci_01883,mer_tech_bazaar,Croma TechBazaar,cust_npci_01883,Deepak Nair,deepak.nair91@ibl,+919850727860,2965.85,INR,FAILED,PENDING,BUSINESS_DECLINE,ZA,Insufficient Funds in Customer Account,Yes Bank / PhonePe,YESB,SMART_PAYMENT_LINK,0.3898,MEDIUM,2,0,0,3,2026-08-23T08:02:01.886109
pay_npci_01884,mer_quick_kart,Bharat QuickCommerce,cust_npci_01884,Manish Banerjee,manish.banerjee83@kmbl,+919834439098,3294.75,INR,FAILED,PENDING,BUSINESS_DECLINE,XH,Customer Account Blocked / Frozen / Dormant,Kotak Mahindra Bank,KKBK,ESCALATE_TO_HUMAN,0.6812,MEDIUM,0,0,1,3,2026-08-12T10:33:19.044403
pay_npci_01885,mer_tech_bazaar,Croma TechBazaar,cust_npci_01885,Aarav Nair,aarav.nair90@okpnb,+919898075271,4211.22,INR,RECOVERED,RECOVERED,TECHNICAL_DECLINE,BT,Issuer Switch Timeout During 2FA Verification,Punjab National Bank,PNB,DIRECT_GATEWAY_RETRY,0.02,LOW,13,0,1,3,2026-08-06T14:29:28.212224
pay_npci_01886,mer_swiggy_inst,Swiggy Instamart Partner,cust_npci_01886,Aditi Chopra,aditi.chopra84@unionbank,+919843604198,33965.03,INR,RECOVERED,RECOVERED,TECHNICAL_DECLINE,U69,Remitter Bank System Unavailable / Switch Error,Union Bank of India,UBI,DIRECT_GATEWAY_RETRY,0.3013,LOW,3,0,1,3,2026-08-09T22:08:16.812113
pay_npci_01887,mer_swiggy_inst,Swiggy Instamart Partner,cust_npci_01887,Gaurav Joshi,gaurav.joshi15@okaxis,+919832485052,312.65,INR,FAILED,PENDING,BUSINESS_DECLINE,ZM,Invalid MPIN Entered by Customer,Axis Bank,AXIS,CUSTOMER_WHATSAPP_NUDGE,0.298,LOW,18,0,2,3,2026-08-09T21:07:56.840512
pay_npci_01888,mer_tech_bazaar,Croma TechBazaar,cust_npci_01888,Ananya Rao,ananya.rao43@okpnb,+919887371041,84.36,INR,RECOVERED,RECOVERED,BUSINESS_DECLINE,ZM,Invalid MPIN Entered by Customer,Punjab National Bank,PNB,CUSTOMER_WHATSAPP_NUDGE,0.2574,LOW,13,0,1,3,2026-09-01T19:29:06.646211
pay_npci_01889,mer_quick_kart,Bharat QuickCommerce,cust_npci_01889,Gaurav Mehta,gaurav.mehta79@ybl,+919886425828,23.15,INR,RECOVERED,RECOVERED,TECHNICAL_DECLINE,U69,Remitter Bank System Unavailable / Switch Error,Yes Bank / PhonePe,YESB,DIRECT_GATEWAY_RETRY,0.02,LOW,17,0,1,3,2026-09-03T19:44:16.475458
pay_npci_01890,mer_demo_apex,Apex Retail India Ltd,cust_npci_01890,Aarav Singh,aarav.singh52@okhdfcbank,+919820082360,95.3,INR,FAILED,PENDING,BUSINESS_DECLINE,XH,Customer Account Blocked / Frozen / Dormant,HDFC Bank,HDFC,ESCALATE_TO_HUMAN,0.5986,MEDIUM,15,0,0,3,2026-08-07T17:53:45.121333
pay_npci_01891,mer_kirana_net,Desi Kirana Network,cust_npci_01891,Aditi Kumar,aditi.kumar48@okaxis,+919894060278,3143.94,INR,RECOVERED,RECOVERED,TECHNICAL_DECLINE,U69,Remitter Bank System Unavailable / Switch Error,Axis Bank,AXIS,DIRECT_GATEWAY_RETRY,0.02,LOW,14,0,1,3,2026-08-18T08:04:51.917408
pay_npci_01892,mer_kirana_net,Desi Kirana Network,cust_npci_01892,Tanvi Kumar,tanvi.kumar57@ybl,+919820046662,3598.19,INR,FAILED,PENDING,TECHNICAL_DECLINE,U69,Remitter Bank System Unavailable / Switch Error,Yes Bank / PhonePe,YESB,DIRECT_GATEWAY_RETRY,0.1132,LOW,1,0,2,3,2026-08-09T08:53:30.983614
pay_npci_01893,mer_kirana_net,Desi Kirana Network,cust_npci_01893,Pooja Rao,pooja.rao35@ybl,+919843041358,730.29,INR,RECOVERED,RECOVERED,BUSINESS_DECLINE,ZM,Invalid MPIN Entered by Customer,Yes Bank / PhonePe,YESB,CUSTOMER_WHATSAPP_NUDGE,0.2526,LOW,15,0,1,3,2026-08-23T19:55:08.561753
pay_npci_01894,mer_kirana_net,Desi Kirana Network,cust_npci_01894,Isha Kulkarni,isha.kulkarni85@ibl,+919862710716,56.8,INR,FAILED,PENDING,BUSINESS_DECLINE,ZA,Insufficient Funds in Customer Account,Yes Bank / PhonePe,YESB,SMART_PAYMENT_LINK,0.3938,MEDIUM,2,0,0,3,2026-08-26T13:07:33.446598
pay_npci_01895,mer_tech_bazaar,Croma TechBazaar,cust_npci_01895,Kavita Kulkarni,kavita.kulkarni88@paytm,+919865918226,4644.56,INR,RECOVERED,RECOVERED,TECHNICAL_DECLINE,BT,Issuer Switch Timeout During 2FA Verification,Paytm Payments Bank,PYTM,DIRECT_GATEWAY_RETRY,0.0343,LOW,8,0,1,3,2026-09-03T06:19:26.090660
pay_npci_01896,mer_demo_apex,Apex Retail India Ltd,cust_npci_01896,Manish Kulkarni,manish.kulkarni60@okhdfcbank,+919842365229,210.98,INR,FAILED,PENDING,BUSINESS_DECLINE,ZA,Insufficient Funds in Customer Account,HDFC Bank,HDFC,SMART_PAYMENT_LINK,0.2771,LOW,16,0,1,3,2026-08-09T06:19:01.605844
pay_npci_01897,mer_kirana_net,Desi Kirana Network,cust_npci_01897,Ananya Kulkarni,ananya.kulkarni14@paytm,+919888913522,26806.88,INR,RECOVERED,RECOVERED,TECHNICAL_DECLINE,BT,Issuer Switch Timeout During 2FA Verification,Paytm Payments Bank,PYTM,DIRECT_GATEWAY_RETRY,0.1703,LOW,11,0,1,3,2026-08-11T16:55:37.731058
pay_npci_01898,mer_tech_bazaar,Croma TechBazaar,cust_npci_01898,Sunil Chatterjee,sunil.chatterjee15@okicici,+919825125119,22938.85,INR,FAILED,IN_REVIEW,BUSINESS_DECLINE,U19,Daily Per-Transaction or Cumulative Limit Exceeded,ICICI Bank,ICICI,SMART_PAYMENT_LINK,0.8125,HIGH,5,1,2,3,2026-08-25T18:11:29.958423
pay_npci_01899,mer_demo_apex,Apex Retail India Ltd,cust_npci_01899,Pooja Kulkarni,pooja.kulkarni14@oksbi,+919885107051,166.12,INR,RECOVERED,RECOVERED,BUSINESS_DECLINE,ZA,Insufficient Funds in Customer Account,State Bank of India,SBI,SMART_PAYMENT_LINK,0.3388,LOW,10,0,1,3,2026-08-19T12:31:59.548326
pay_npci_01900,mer_tech_bazaar,Croma TechBazaar,cust_npci_01900,Vivek Chopra,vivek.chopra92@okhdfcbank,+919861813508,34769.48,INR,FAILED,PENDING,BUSINESS_DECLINE,ZA,Insufficient Funds in Customer Account,HDFC Bank,HDFC,SMART_PAYMENT_LINK,0.4995,MEDIUM,11,0,2,3,2026-08-07T07:09:08.994031
pay_npci_01901,mer_demo_apex,Apex Retail India Ltd,cust_npci_01901,Ananya Chatterjee,ananya.chatterjee33@oksbi,+919862140268,633.87,INR,RECOVERED,RECOVERED,BUSINESS_DECLINE,ZM,Invalid MPIN Entered by Customer,State Bank of India,SBI,CUSTOMER_WHATSAPP_NUDGE,0.2237,LOW,13,0,1,3,2026-08-15T19:10:14.335469
pay_npci_01902,mer_swiggy_inst,Swiggy Instamart Partner,cust_npci_01902,Sunil Joshi,sunil.joshi81@hdfcbank,+919810199646,60.57,INR,RECOVERED,RECOVERED,BUSINESS_DECLINE,ZA,Insufficient Funds in Customer Account,HDFC Bank,HDFC,SMART_PAYMENT_LINK,0.3228,LOW,12,0,1,3,2026-08-24T20:32:46.531589
pay_npci_01903,mer_quick_kart,Bharat QuickCommerce,cust_npci_01903,Aditi Patel,aditi.patel58@sbi,+919890739591,374.06,INR,FAILED,PENDING,BUSINESS_DECLINE,ZA,Insufficient Funds in Customer Account,State Bank of India,SBI,SMART_PAYMENT_LINK,0.4553,MEDIUM,5,0,2,3,2026-08-17T15:06:07.424373
pay_npci_01904,mer_tech_bazaar,Croma TechBazaar,cust_npci_01904,Manish Gupta,manish.gupta81@paytm,+919858965895,446.69,INR,FAILED,PENDING,BUSINESS_DECLINE,ZA,Insufficient Funds in Customer Account,Paytm Payments Bank,PYTM,SMART_PAYMENT_LINK,0.3138,LOW,9,0,0,3,2026-08-31T08:30:59.527643
pay_npci_01905,mer_quick_kart,Bharat QuickCommerce,cust_npci_01905,Pooja Gupta,pooja.gupta85@oksbi,+919850147023,3504.36,INR,FAILED,PENDING,BUSINESS_DECLINE,XH,Customer Account Blocked / Frozen / Dormant,State Bank of India,SBI,ESCALATE_TO_HUMAN,0.6442,MEDIUM,0,0,0,3,2026-09-01T05:31:02.649177
pay_npci_01906,mer_tech_bazaar,Croma TechBazaar,cust_npci_01906,Pranav Desai,pranav.desai71@oksbi,+919856770716,227.84,INR,RECOVERED,RECOVERED,BUSINESS_DECLINE,ZA,Insufficient Funds in Customer Account,State Bank of India,SBI,SMART_PAYMENT_LINK,0.299,LOW,12,0,1,3,2026-08-20T20:25:44.098884
pay_npci_01907,mer_swiggy_inst,Swiggy Instamart Partner,cust_npci_01907,Kavita Patel,kavita.patel71@sbi,+919891211415,3417.45,INR,FAILED,PENDING,BUSINESS_DECLINE,ZA,Insufficient Funds in Customer Account,State Bank of India,SBI,SMART_PAYMENT_LINK,0.4223,MEDIUM,3,0,1,3,2026-08-09T17:52:27.987621
pay_npci_01908,mer_tech_bazaar,Croma TechBazaar,cust_npci_01908,Vivek Joshi,vivek.joshi18@oksbi,+919812487403,436.08,INR,RECOVERED,RECOVERED,TECHNICAL_DECLINE,SWITCH_DOWN,NPCI Central Switch Queue Congestion,State Bank of India,SBI,BACKOFF_RETRY,0.02,LOW,13,0,1,3,2026-08-20T21:08:08.327777
pay_npci_01909,mer_swiggy_inst,Swiggy Instamart Partner,cust_npci_01909,Rohan Verma,rohan.verma94@kotak,+919894493858,469.8,INR,RECOVERED,RECOVERED,BUSINESS_DECLINE,ZA,Insufficient Funds in Customer Account,Kotak Mahindra Bank,KKBK,SMART_PAYMENT_LINK,0.2618,LOW,18,0,1,3,2026-08-08T11:08:38.040079
pay_npci_01910,mer_tech_bazaar,Croma TechBazaar,cust_npci_01910,Rohan Kulkarni,rohan.kulkarni78@sbi,+919815366781,151.39,INR,RECOVERED,RECOVERED,BUSINESS_DECLINE,U19,Daily Per-Transaction or Cumulative Limit Exceeded,State Bank of India,SBI,SMART_PAYMENT_LINK,0.3391,LOW,8,0,1,3,2026-08-15T05:05:07.666239
pay_npci_01911,mer_demo_apex,Apex Retail India Ltd,cust_npci_01911,Tanvi Chatterjee,tanvi.chatterjee44@axisbank,+919894853351,3390.35,INR,RECOVERED,RECOVERED,BUSINESS_DECLINE,ZM,Invalid MPIN Entered by Customer,Axis Bank,AXIS,CUSTOMER_WHATSAPP_NUDGE,0.2826,LOW,11,0,1,3,2026-08-25T21:59:49.352119
pay_npci_01912,mer_quick_kart,Bharat QuickCommerce,cust_npci_01912,Aarav Banerjee,aarav.banerjee92@axisbank,+919844830447,417.93,INR,FAILED,PENDING,BUSINESS_DECLINE,ZM,Invalid MPIN Entered by Customer,Axis Bank,AXIS,CUSTOMER_WHATSAPP_NUDGE,0.3649,MEDIUM,0,0,2,3,2026-08-26T20:20:36.408815
pay_npci_01913,mer_demo_apex,Apex Retail India Ltd,cust_npci_01913,Kavita Kulkarni,kavita.kulkarni39@barodampay,+919872046067,105.82,INR,FAILED,PENDING,BUSINESS_DECLINE,ZM,Invalid MPIN Entered by Customer,Bank of Baroda,BOB,CUSTOMER_WHATSAPP_NUDGE,0.4189,MEDIUM,1,0,1,3,2026-08-25T21:23:20.757990
pay_npci_01914,mer_kirana_net,Desi Kirana Network,cust_npci_01914,Neha Banerjee,neha.banerjee21@hdfcbank,+919826076641,4346.22,INR,RECOVERED,RECOVERED,BUSINESS_DECLINE,ZA,Insufficient Funds in Customer Account,HDFC Bank,HDFC,SMART_PAYMENT_LINK,0.3275,LOW,11,0,1,3,2026-08-08T17:01:47.120572
pay_npci_01915,mer_tech_bazaar,Croma TechBazaar,cust_npci_01915,Neha Patel,neha.patel44@okhdfcbank,+919873026722,427.09,INR,RECOVERED,RECOVERED,TECHNICAL_DECLINE,U69,Remitter Bank System Unavailable / Switch Error,HDFC Bank,HDFC,DIRECT_GATEWAY_RETRY,0.02,LOW,13,0,1,3,2026-08-22T17:30:50.412544
pay_npci_01916,mer_swiggy_inst,Swiggy Instamart Partner,cust_npci_01916,Isha Sharma,isha.sharma38@sbi,+919863300468,378.25,INR,RECOVERED,RECOVERED,BUSINESS_DECLINE,ZA,Insufficient Funds in Customer Account,State Bank of India,SBI,SMART_PAYMENT_LINK,0.2686,LOW,8,0,1,3,2026-09-02T16:01:33.502956
pay_npci_01917,mer_quick_kart,Bharat QuickCommerce,cust_npci_01917,Gaurav Banerjee,gaurav.banerjee10@axisbank,+919810732723,3348.32,INR,FAILED,PENDING,BUSINESS_DECLINE,ZA,Insufficient Funds in Customer Account,Axis Bank,AXIS,SMART_PAYMENT_LINK,0.3865,MEDIUM,1,0,2,3,2026-08-11T09:16:47.360063
pay_npci_01918,mer_demo_apex,Apex Retail India Ltd,cust_npci_01918,Deepak Kulkarni,deepak.kulkarni26@paytm,+919813101663,3951.05,INR,RECOVERED,RECOVERED,BUSINESS_DECLINE,U19,Daily Per-Transaction or Cumulative Limit Exceeded,Paytm Payments Bank,PYTM,SMART_PAYMENT_LINK,0.2981,LOW,18,0,1,3,2026-08-29T19:45:00.191527
pay_npci_01919,mer_kirana_net,Desi Kirana Network,cust_npci_01919,Ananya Chatterjee,ananya.chatterjee85@ybl,+919849636365,187.29,INR,FAILED,PENDING,BUSINESS_DECLINE,ZM,Invalid MPIN Entered by Customer,Yes Bank / PhonePe,YESB,CUSTOMER_WHATSAPP_NUDGE,0.268,LOW,16,0,0,3,2026-08-17T19:17:53.811968
pay_npci_01920,mer_swiggy_inst,Swiggy Instamart Partner,cust_npci_01920,Vivek Kumar,vivek.kumar59@unionbank,+919883916867,564.7,INR,RECOVERED,RECOVERED,BUSINESS_DECLINE,U19,Daily Per-Transaction or Cumulative Limit Exceeded,Union Bank of India,UBI,SMART_PAYMENT_LINK,0.2934,LOW,12,0,1,3,2026-08-07T09:20:40.254226
pay_npci_01921,mer_quick_kart,Bharat QuickCommerce,cust_npci_01921,Amit Kumar,amit.kumar47@okaxis,+919870626607,99.39,INR,FAILED,PENDING,BUSINESS_DECLINE,ZM,Invalid MPIN Entered by Customer,Axis Bank,AXIS,CUSTOMER_WHATSAPP_NUDGE,0.3742,MEDIUM,1,0,0,3,2026-08-13T19:04:32.075860
pay_npci_01922,mer_tech_bazaar,Croma TechBazaar,cust_npci_01922,Rahul Patel,rahul.patel34@sbi,+919879646961,493.6,INR,FAILED,PENDING,BUSINESS_DECLINE,ZA,Insufficient Funds in Customer Account,State Bank of India,SBI,SMART_PAYMENT_LINK,0.2877,LOW,6,0,0,3,2026-08-27T15:16:10.557885
pay_npci_01923,mer_quick_kart,Bharat QuickCommerce,cust_npci_01923,Manish Desai,manish.desai54@hdfcbank,+919852864266,363.84,INR,FAILED,PENDING,TECHNICAL_DECLINE,BT,Issuer Switch Timeout During 2FA Verification,HDFC Bank,HDFC,DIRECT_GATEWAY_RETRY,0.4025,MEDIUM,13,1,0,3,2026-08-05T07:42:03.778696
pay_npci_01924,mer_demo_apex,Apex Retail India Ltd,cust_npci_01924,Zoya Rao,zoya.rao29@ibl,+919822911696,435.65,INR,FAILED,IN_REVIEW,BUSINESS_DECLINE,ZM,Invalid MPIN Entered by Customer,Yes Bank / PhonePe,YESB,CUSTOMER_WHATSAPP_NUDGE,0.7262,HIGH,5,1,1,3,2026-08-06T16:39:56.310576
pay_npci_01925,mer_quick_kart,Bharat QuickCommerce,cust_npci_01925,Isha Nair,isha.nair62@okhdfcbank,+919886428003,3421.62,INR,RECOVERED,RECOVERED,BUSINESS_DECLINE,ZA,Insufficient Funds in Customer Account,HDFC Bank,HDFC,SMART_PAYMENT_LINK,0.2774,LOW,8,0,1,3,2026-08-07T21:16:08.251982
pay_npci_01926,mer_tech_bazaar,Croma TechBazaar,cust_npci_01926,Ananya Chatterjee,ananya.chatterjee44@okhdfcbank,+919814823365,156.5,INR,RECOVERED,RECOVERED,BUSINESS_DECLINE,ZA,Insufficient Funds in Customer Account,HDFC Bank,HDFC,SMART_PAYMENT_LINK,0.2734,LOW,10,0,1,3,2026-08-09T10:50:08.992123
pay_npci_01927,mer_tech_bazaar,Croma TechBazaar,cust_npci_01927,Amit Nair,amit.nair59@barodampay,+919884418478,7166.39,INR,FAILED,PENDING,BUSINESS_DECLINE,ZA,Insufficient Funds in Customer Account,Bank of Baroda,BOB,SMART_PAYMENT_LINK,0.3144,LOW,15,0,1,3,2026-08-19T14:08:26.426049
pay_npci_01928,mer_kirana_net,Desi Kirana Network,cust_npci_01928,Amit Gupta,amit.gupta27@oksbi,+919813944027,79.75,INR,RECOVERED,RECOVERED,TECHNICAL_DECLINE,U30,Beneficiary Bank Timeout After Debit (Ambiguous),State Bank of India,SBI,STATUS_POLL_VERIFICATION,0.2656,LOW,1,0,1,3,2026-08-06T22:27:52.330644
pay_npci_01929,mer_quick_kart,Bharat QuickCommerce,cust_npci_01929,Vivek Verma,vivek.verma54@okpnb,+919853989114,3216.41,INR,FAILED,PENDING,BUSINESS_DECLINE,ZM,Invalid MPIN Entered by Customer,Punjab National Bank,PNB,CUSTOMER_WHATSAPP_NUDGE,0.3968,MEDIUM,1,0,0,3,2026-08-18T22:14:54.671371
pay_npci_01930,mer_quick_kart,Bharat QuickCommerce,cust_npci_01930,Sunil Desai,sunil.desai14@axisbank,+919844831808,2443.84,INR,RECOVERED,RECOVERED,TECHNICAL_DECLINE,U69,Remitter Bank System Unavailable / Switch Error,Axis Bank,AXIS,DIRECT_GATEWAY_RETRY,0.0635,LOW,5,0,1,3,2026-08-29T16:50:39.427285
pay_npci_01931,mer_tech_bazaar,Croma TechBazaar,cust_npci_01931,Pooja Banerjee,pooja.banerjee41@hdfcbank,+919827553898,225.34,INR,RECOVERED,RECOVERED,BUSINESS_DECLINE,ZM,Invalid MPIN Entered by Customer,HDFC Bank,HDFC,CUSTOMER_WHATSAPP_NUDGE,0.2321,LOW,11,0,1,3,2026-08-30T08:14:45.918763
pay_npci_01932,mer_quick_kart,Bharat QuickCommerce,cust_npci_01932,Aarav Desai,aarav.desai31@okpnb,+919811543087,3281.57,INR,RECOVERED,RECOVERED,BUSINESS_DECLINE,ZA,Insufficient Funds in Customer Account,Punjab National Bank,PNB,SMART_PAYMENT_LINK,0.3269,LOW,11,0,1,3,2026-08-20T14:37:03.376218
pay_npci_01933,mer_swiggy_inst,Swiggy Instamart Partner,cust_npci_01933,Rohan Desai,rohan.desai25@oksbi,+919890969083,69708.59,INR,FAILED,PENDING,TECHNICAL_DECLINE,U30,Beneficiary Bank Timeout After Debit (Ambiguous),State Bank of India,SBI,STATUS_POLL_VERIFICATION,0.4646,MEDIUM,2,0,1,3,2026-08-14T22:06:40.870002
pay_npci_01934,mer_kirana_net,Desi Kirana Network,cust_npci_01934,Kiran Kulkarni,kiran.kulkarni99@kotak,+919825018496,246.96,INR,FAILED,PENDING,BUSINESS_DECLINE,ZM,Invalid MPIN Entered by Customer,Kotak Mahindra Bank,KKBK,CUSTOMER_WHATSAPP_NUDGE,0.2773,LOW,18,0,1,3,2026-08-09T15:14:48.419120
pay_npci_01935,mer_quick_kart,Bharat QuickCommerce,cust_npci_01935,Deepak Desai,deepak.desai68@paytm,+919882499806,190.55,INR,RECOVERED,RECOVERED,BUSINESS_DECLINE,ZM,Invalid MPIN Entered by Customer,Paytm Payments Bank,PYTM,CUSTOMER_WHATSAPP_NUDGE,0.2419,LOW,14,0,1,3,2026-08-22T11:41:37.234933
pay_npci_01936,mer_demo_apex,Apex Retail India Ltd,cust_npci_01936,Vivek Chatterjee,vivek.chatterjee27@icici,+919825036986,1739.06,INR,FAILED,PENDING,BUSINESS_DECLINE,ZA,Insufficient Funds in Customer Account,ICICI Bank,ICICI,SMART_PAYMENT_LINK,0.4516,MEDIUM,3,0,2,3,2026-08-17T20:26:50.226140
pay_npci_01937,mer_tech_bazaar,Croma TechBazaar,cust_npci_01937,Rohan Sharma,rohan.sharma97@okhdfcbank,+919869410916,457.13,INR,FAILED,PENDING,BUSINESS_DECLINE,ZA,Insufficient Funds in Customer Account,HDFC Bank,HDFC,SMART_PAYMENT_LINK,0.438,MEDIUM,0,0,2,3,2026-08-12T17:40:49.975763
pay_npci_01938,mer_kirana_net,Desi Kirana Network,cust_npci_01938,Vikram Singh,vikram.singh75@ibl,+919814615079,280.19,INR,RECOVERED,RECOVERED,BUSINESS_DECLINE,U19,Daily Per-Transaction or Cumulative Limit Exceeded,Yes Bank / PhonePe,YESB,SMART_PAYMENT_LINK,0.3343,LOW,17,0,1,3,2026-08-13T13:51:40.462563
pay_npci_01939,mer_quick_kart,Bharat QuickCommerce,cust_npci_01939,Rohan Chatterjee,rohan.chatterjee21@axisbank,+919818022482,163.31,INR,RECOVERED,RECOVERED,TECHNICAL_DECLINE,BT,Issuer Switch Timeout During 2FA Verification,Axis Bank,AXIS,DIRECT_GATEWAY_RETRY,0.02,LOW,12,0,1,3,2026-08-14T14:38:05.376998
pay_npci_01940,mer_demo_apex,Apex Retail India Ltd,cust_npci_01940,Zoya Desai,zoya.desai61@paytm,+919831928854,670.5,INR,FAILED,PENDING,BUSINESS_DECLINE,U19,Daily Per-Transaction or Cumulative Limit Exceeded,Paytm Payments Bank,PYTM,SMART_PAYMENT_LINK,0.4247,MEDIUM,5,0,0,3,2026-08-28T03:52:16.935302
pay_npci_01941,mer_kirana_net,Desi Kirana Network,cust_npci_01941,Gaurav Singh,gaurav.singh78@paytm,+919896629028,305.62,INR,FAILED,PENDING,BUSINESS_DECLINE,ZA,Insufficient Funds in Customer Account,Paytm Payments Bank,PYTM,SMART_PAYMENT_LINK,0.38,MEDIUM,2,0,0,3,2026-08-22T16:18:17.050060
pay_npci_01942,mer_tech_bazaar,Croma TechBazaar,cust_npci_01942,Neha Nair,neha.nair58@ibl,+919881069243,129.55,INR,FAILED,IN_REVIEW,BUSINESS_DECLINE,XH,Customer Account Blocked / Frozen / Dormant,Yes Bank / PhonePe,YESB,ESCALATE_TO_HUMAN,0.9027,HIGH,16,1,1,3,2026-08-19T09:33:25.134746
pay_npci_01943,mer_kirana_net,Desi Kirana Network,cust_npci_01943,Ananya Rao,ananya.rao10@axisbank,+919854696112,345.06,INR,FAILED,PENDING,BUSINESS_DECLINE,ZM,Invalid MPIN Entered by Customer,Axis Bank,AXIS,CUSTOMER_WHATSAPP_NUDGE,0.4032,MEDIUM,5,0,1,3,2026-08-12T21:38:58.984798
pay_npci_01944,mer_quick_kart,Bharat QuickCommerce,cust_npci_01944,Kiran Gupta,kiran.gupta65@kotak,+919839341375,182.36,INR,FAILED,PENDING,BUSINESS_DECLINE,ZA,Insufficient Funds in Customer Account,Kotak Mahindra Bank,KKBK,SMART_PAYMENT_LINK,0.4152,MEDIUM,2,0,0,3,2026-09-03T12:12:30.700200
pay_npci_01945,mer_tech_bazaar,Croma TechBazaar,cust_npci_01945,Sneha Chatterjee,sneha.chatterjee96@icici,+919815473966,442.29,INR,FAILED,PENDING,BUSINESS_DECLINE,ZA,Insufficient Funds in Customer Account,ICICI Bank,ICICI,SMART_PAYMENT_LINK,0.4523,MEDIUM,3,0,1,3,2026-08-05T16:49:51.363024
pay_npci_01946,mer_swiggy_inst,Swiggy Instamart Partner,cust_npci_01946,Pooja Desai,pooja.desai91@ybl,+919810215956,38204.26,INR,FAILED,PENDING,TECHNICAL_DECLINE,U30,Beneficiary Bank Timeout After Debit (Ambiguous),Yes Bank / PhonePe,YESB,STATUS_POLL_VERIFICATION,0.3878,MEDIUM,7,0,0,3,2026-08-22T17:39:29.154040
pay_npci_01947,mer_swiggy_inst,Swiggy Instamart Partner,cust_npci_01947,Rahul Nair,rahul.nair73@unionbank,+919822885747,2305.59,INR,RECOVERED,RECOVERED,BUSINESS_DECLINE,ZA,Insufficient Funds in Customer Account,Union Bank of India,UBI,SMART_PAYMENT_LINK,0.2779,LOW,6,0,1,3,2026-08-29T21:58:33.057223
pay_npci_01948,mer_demo_apex,Apex Retail India Ltd,cust_npci_01948,Deepak Desai,deepak.desai51@ibl,+919860757911,247.97,INR,RECOVERED,RECOVERED,TECHNICAL_DECLINE,U69,Remitter Bank System Unavailable / Switch Error,Yes Bank / PhonePe,YESB,DIRECT_GATEWAY_RETRY,0.02,LOW,18,0,1,3,2026-08-06T07:21:29.357005
pay_npci_01949,mer_kirana_net,Desi Kirana Network,cust_npci_01949,Rohan Patel,rohan.patel25@paytm,+919833275131,158.13,INR,FAILED,PENDING,BUSINESS_DECLINE,ZM,Invalid MPIN Entered by Customer,Paytm Payments Bank,PYTM,CUSTOMER_WHATSAPP_NUDGE,0.4159,MEDIUM,4,0,2,3,2026-08-11T06:07:07.815280
pay_npci_01950,mer_kirana_net,Desi Kirana Network,cust_npci_01950,Kiran Rao,kiran.rao33@ybl,+919865021454,449.28,INR,RECOVERED,RECOVERED,BUSINESS_DECLINE,ZA,Insufficient Funds in Customer Account,Yes Bank / PhonePe,YESB,SMART_PAYMENT_LINK,0.3333,LOW,11,0,1,3,2026-08-07T12:48:42.122845
pay_npci_01951,mer_kirana_net,Desi Kirana Network,cust_npci_01951,Sanjay Joshi,sanjay.joshi10@paytm,+919819108406,22.23,INR,RECOVERED,RECOVERED,TECHNICAL_DECLINE,U30,Beneficiary Bank Timeout After Debit (Ambiguous),Paytm Payments Bank,PYTM,STATUS_POLL_VERIFICATION,0.1819,LOW,9,0,1,3,2026-08-17T18:14:05.883039
pay_npci_01952,mer_quick_kart,Bharat QuickCommerce,cust_npci_01952,Vikram Mehta,vikram.mehta92@oksbi,+919852101747,482.87,INR,FAILED,PENDING,BUSINESS_DECLINE,ZM,Invalid MPIN Entered by Customer,State Bank of India,SBI,CUSTOMER_WHATSAPP_NUDGE,0.4031,MEDIUM,4,0,2,3,2026-08-08T18:02:45.625850
pay_npci_01953,mer_quick_kart,Bharat QuickCommerce,cust_npci_01953,Kiran Sharma,kiran.sharma71@icici,+919849328653,2065.46,INR,RECOVERED,RECOVERED,TECHNICAL_DECLINE,U69,Remitter Bank System Unavailable / Switch Error,ICICI Bank,ICICI,DIRECT_GATEWAY_RETRY,0.02,LOW,12,0,1,3,2026-08-23T19:05:16.730177
pay_npci_01954,mer_kirana_net,Desi Kirana Network,cust_npci_01954,Priya Verma,priya.verma12@sbi,+919873695637,53.9,INR,RECOVERED,RECOVERED,TECHNICAL_DECLINE,BT,Issuer Switch Timeout During 2FA Verification,State Bank of India,SBI,DIRECT_GATEWAY_RETRY,0.1463,LOW,0,0,1,3,2026-08-29T20:25:49.084824
pay_npci_01955,mer_demo_apex,Apex Retail India Ltd,cust_npci_01955,Vikram Gupta,vikram.gupta53@unionbank,+919831071399,347.17,INR,RECOVERED,RECOVERED,TECHNICAL_DECLINE,U69,Remitter Bank System Unavailable / Switch Error,Union Bank of India,UBI,DIRECT_GATEWAY_RETRY,0.106,LOW,5,0,1,3,2026-08-15T09:54:46.103548
pay_npci_01956,mer_swiggy_inst,Swiggy Instamart Partner,cust_npci_01956,Sneha Nair,sneha.nair84@oksbi,+919882677164,1787.56,INR,RECOVERED,RECOVERED,TECHNICAL_DECLINE,BT,Issuer Switch Timeout During 2FA Verification,State Bank of India,SBI,DIRECT_GATEWAY_RETRY,0.0599,LOW,11,0,1,3,2026-08-10T13:44:22.683594
pay_npci_01957,mer_kirana_net,Desi Kirana Network,cust_npci_01957,Vikram Banerjee,vikram.banerjee14@paytm,+919874234112,393.11,INR,RECOVERED,RECOVERED,BUSINESS_DECLINE,ZA,Insufficient Funds in Customer Account,Paytm Payments Bank,PYTM,SMART_PAYMENT_LINK,0.2992,LOW,9,0,1,3,2026-08-24T19:51:10.998993
pay_npci_01958,mer_demo_apex,Apex Retail India Ltd,cust_npci_01958,Deepak Singh,deepak.singh84@paytm,+919895488877,159.82,INR,FAILED,PENDING,BUSINESS_DECLINE,ZA,Insufficient Funds in Customer Account,Paytm Payments Bank,PYTM,SMART_PAYMENT_LINK,0.6891,MEDIUM,16,1,2,3,2026-08-13T10:16:51.237276
pay_npci_01959,mer_kirana_net,Desi Kirana Network,cust_npci_01959,Pranav Patel,pranav.patel56@hdfcbank,+919857223645,2501.17,INR,RECOVERED,RECOVERED,TECHNICAL_DECLINE,U30,Beneficiary Bank Timeout After Debit (Ambiguous),HDFC Bank,HDFC,STATUS_POLL_VERIFICATION,0.2159,LOW,18,0,1,3,2026-08-26T18:13:00.725641
pay_npci_01960,mer_quick_kart,Bharat QuickCommerce,cust_npci_01960,Zoya Desai,zoya.desai71@sbi,+919880185661,300.29,INR,RECOVERED,RECOVERED,BUSINESS_DECLINE,ZM,Invalid MPIN Entered by Customer,State Bank of India,SBI,CUSTOMER_WHATSAPP_NUDGE,0.2765,LOW,17,0,1,3,2026-08-23T07:54:54.842615
pay_npci_01961,mer_tech_bazaar,Croma TechBazaar,cust_npci_01961,Vivek Singh,vivek.singh56@okpnb,+919837443358,189.69,INR,RECOVERED,RECOVERED,TECHNICAL_DECLINE,U69,Remitter Bank System Unavailable / Switch Error,Punjab National Bank,PNB,DIRECT_GATEWAY_RETRY,0.1325,LOW,5,0,1,3,2026-08-31T16:59:31.794242
pay_npci_01962,mer_demo_apex,Apex Retail India Ltd,cust_npci_01962,Gaurav Rao,gaurav.rao91@okaxis,+919863655269,926.68,INR,FAILED,PENDING,BUSINESS_DECLINE,ZA,Insufficient Funds in Customer Account,Axis Bank,AXIS,SMART_PAYMENT_LINK,0.4531,MEDIUM,1,0,2,3,2026-09-02T18:55:20.609244
pay_npci_01963,mer_kirana_net,Desi Kirana Network,cust_npci_01963,Neha Banerjee,neha.banerjee20@icici,+919836471181,4078.54,INR,RECOVERED,RECOVERED,TECHNICAL_DECLINE,SWITCH_DOWN,NPCI Central Switch Queue Congestion,ICICI Bank,ICICI,BACKOFF_RETRY,0.02,LOW,18,0,1,3,2026-08-06T18:23:42.668529
pay_npci_01964,mer_quick_kart,Bharat QuickCommerce,cust_npci_01964,Varun Joshi,varun.joshi18@sbi,+919835952290,2520.28,INR,RECOVERED,RECOVERED,TECHNICAL_DECLINE,SWITCH_DOWN,NPCI Central Switch Queue Congestion,State Bank of India,SBI,BACKOFF_RETRY,0.02,LOW,10,0,1,3,2026-08-09T12:05:27.498487
pay_npci_01965,mer_swiggy_inst,Swiggy Instamart Partner,cust_npci_01965,Kiran Desai,kiran.desai26@icici,+919834387782,472.51,INR,RECOVERED,RECOVERED,TECHNICAL_DECLINE,BT,Issuer Switch Timeout During 2FA Verification,ICICI Bank,ICICI,DIRECT_GATEWAY_RETRY,0.1593,LOW,4,0,1,3,2026-09-03T21:57:55.928671
pay_npci_01966,mer_kirana_net,Desi Kirana Network,cust_npci_01966,Amit Chopra,amit.chopra85@unionbank,+919826399245,48886.64,INR,FAILED,PENDING,BUSINESS_DECLINE,ZM,Invalid MPIN Entered by Customer,Union Bank of India,UBI,CUSTOMER_WHATSAPP_NUDGE,0.4709,MEDIUM,9,0,1,3,2026-08-12T17:11:26.115206
pay_npci_01967,mer_demo_apex,Apex Retail India Ltd,cust_npci_01967,Sanjay Kulkarni,sanjay.kulkarni77@oksbi,+919888855369,3350.57,INR,RECOVERED,RECOVERED,BUSINESS_DECLINE,ZM,Invalid MPIN Entered by Customer,State Bank of India,SBI,CUSTOMER_WHATSAPP_NUDGE,0.2675,LOW,10,0,1,3,2026-08-08T22:32:32.252929
pay_npci_01968,mer_tech_bazaar,Croma TechBazaar,cust_npci_01968,Gaurav Verma,gaurav.verma51@hdfcbank,+919872744010,164.46,INR,RECOVERED,RECOVERED,BUSINESS_DECLINE,ZM,Invalid MPIN Entered by Customer,HDFC Bank,HDFC,CUSTOMER_WHATSAPP_NUDGE,0.2857,LOW,12,0,1,3,2026-08-30T10:46:39.056462
pay_npci_01969,mer_swiggy_inst,Swiggy Instamart Partner,cust_npci_01969,Sunil Mehta,sunil.mehta39@ibl,+919867833386,298.82,INR,FAILED,PENDING,BUSINESS_DECLINE,XH,Customer Account Blocked / Frozen / Dormant,Yes Bank / PhonePe,YESB,ESCALATE_TO_HUMAN,0.5803,MEDIUM,11,0,1,3,2026-09-03T11:59:15.052808
pay_npci_01970,mer_swiggy_inst,Swiggy Instamart Partner,cust_npci_01970,Varun Kumar,varun.kumar12@unionbank,+919892280996,455.72,INR,RECOVERED,RECOVERED,BUSINESS_DECLINE,ZA,Insufficient Funds in Customer Account,Union Bank of India,UBI,SMART_PAYMENT_LINK,0.3168,LOW,14,0,1,3,2026-08-10T22:01:16.899692
pay_npci_01971,mer_tech_bazaar,Croma TechBazaar,cust_npci_01971,Vivek Patel,vivek.patel65@oksbi,+919865273605,3114.84,INR,RECOVERED,RECOVERED,BUSINESS_DECLINE,ZA,Insufficient Funds in Customer Account,State Bank of India,SBI,SMART_PAYMENT_LINK,0.2983,LOW,15,0,1,3,2026-08-07T12:26:42.369370
pay_npci_01972,mer_tech_bazaar,Croma TechBazaar,cust_npci_01972,Sneha Kumar,sneha.kumar93@axisbank,+919825362533,460.5,INR,FAILED,PENDING,TECHNICAL_DECLINE,BT,Issuer Switch Timeout During 2FA Verification,Axis Bank,AXIS,DIRECT_GATEWAY_RETRY,0.0214,LOW,13,0,1,3,2026-08-12T07:57:47.331138
pay_npci_01973,mer_quick_kart,Bharat QuickCommerce,cust_npci_01973,Sanjay Rao,sanjay.rao87@unionbank,+919882609571,4162.97,INR,RECOVERED,RECOVERED,BUSINESS_DECLINE,ZA,Insufficient Funds in Customer Account,Union Bank of India,UBI,SMART_PAYMENT_LINK,0.3228,LOW,18,0,1,3,2026-08-11T17:31:40.952961
pay_npci_01974,mer_swiggy_inst,Swiggy Instamart Partner,cust_npci_01974,Kavita Sharma,kavita.sharma34@okhdfcbank,+919838133171,3434.67,INR,RECOVERED,RECOVERED,TECHNICAL_DECLINE,U30,Beneficiary Bank Timeout After Debit (Ambiguous),HDFC Bank,HDFC,STATUS_POLL_VERIFICATION,0.3115,LOW,4,0,1,3,2026-08-15T20:21:28.777321
pay_npci_01975,mer_kirana_net,Desi Kirana Network,cust_npci_01975,Vikram Sharma,vikram.sharma70@sbi,+919853116220,104.49,INR,FAILED,PENDING,TECHNICAL_DECLINE,U69,Remitter Bank System Unavailable / Switch Error,State Bank of India,SBI,DIRECT_GATEWAY_RETRY,0.02,LOW,7,0,0,3,2026-09-01T15:27:22.087548
pay_npci_01976,mer_swiggy_inst,Swiggy Instamart Partner,cust_npci_01976,Neha Kumar,neha.kumar37@okpnb,+919872709775,3694.33,INR,FAILED,PENDING,TECHNICAL_DECLINE,U30,Beneficiary Bank Timeout After Debit (Ambiguous),Punjab National Bank,PNB,STATUS_POLL_VERIFICATION,0.2694,LOW,1,0,2,3,2026-08-17T17:15:23.819096
pay_npci_01977,mer_swiggy_inst,Swiggy Instamart Partner,cust_npci_01977,Vivek Kulkarni,vivek.kulkarni72@okaxis,+919889873257,343.16,INR,FAILED,IN_REVIEW,BUSINESS_DECLINE,K1,Suspected Fraud / Excessive Velocity Anomaly,Axis Bank,AXIS,QUARANTINE_FOR_REVIEW,0.98,HIGH,1,1,0,3,2026-08-24T15:08:49.016410
pay_npci_01978,mer_swiggy_inst,Swiggy Instamart Partner,cust_npci_01978,Pranav Chopra,pranav.chopra43@okicici,+919839670365,268.96,INR,FAILED,PENDING,BUSINESS_DECLINE,ZA,Insufficient Funds in Customer Account,ICICI Bank,ICICI,SMART_PAYMENT_LINK,0.2802,LOW,13,0,2,3,2026-08-12T19:15:11.641839
pay_npci_01979,mer_quick_kart,Bharat QuickCommerce,cust_npci_01979,Varun Sharma,varun.sharma87@unionbank,+919825934038,1316.83,INR,RECOVERED,RECOVERED,BUSINESS_DECLINE,ZM,Invalid MPIN Entered by Customer,Union Bank of India,UBI,CUSTOMER_WHATSAPP_NUDGE,0.265,LOW,16,0,1,3,2026-08-27T16:55:14.575356
pay_npci_01980,mer_quick_kart,Bharat QuickCommerce,cust_npci_01980,Neha Kumar,neha.kumar78@sbi,+919888235284,483.49,INR,RECOVERED,RECOVERED,TECHNICAL_DECLINE,SWITCH_DOWN,NPCI Central Switch Queue Congestion,State Bank of India,SBI,BACKOFF_RETRY,0.02,LOW,9,0,1,3,2026-08-14T07:18:34.401836
pay_npci_01981,mer_demo_apex,Apex Retail India Ltd,cust_npci_01981,Priya Mehta,priya.mehta94@sbi,+919876905440,23.67,INR,RECOVERED,RECOVERED,TECHNICAL_DECLINE,BT,Issuer Switch Timeout During 2FA Verification,State Bank of India,SBI,DIRECT_GATEWAY_RETRY,0.02,LOW,8,0,1,3,2026-08-31T18:47:15.552724
pay_npci_01982,mer_kirana_net,Desi Kirana Network,cust_npci_01982,Aarav Nair,aarav.nair23@oksbi,+919810048779,41.08,INR,RECOVERED,RECOVERED,BUSINESS_DECLINE,ZA,Insufficient Funds in Customer Account,State Bank of India,SBI,SMART_PAYMENT_LINK,0.3186,LOW,15,0,1,3,2026-08-27T11:44:29.499159
pay_npci_01983,mer_swiggy_inst,Swiggy Instamart Partner,cust_npci_01983,Gaurav Reddy,gaurav.reddy15@oksbi,+919810809686,51895.83,INR,FAILED,PENDING,BUSINESS_DECLINE,ZM,Invalid MPIN Entered by Customer,State Bank of India,SBI,CUSTOMER_WHATSAPP_NUDGE,0.4686,MEDIUM,8,0,2,3,2026-08-20T20:24:24.488800
pay_npci_01984,mer_kirana_net,Desi Kirana Network,cust_npci_01984,Zoya Banerjee,zoya.banerjee80@sbi,+919862123920,190.27,INR,FAILED,PENDING,BUSINESS_DECLINE,XH,Customer Account Blocked / Frozen / Dormant,State Bank of India,SBI,ESCALATE_TO_HUMAN,0.5572,MEDIUM,6,0,0,3,2026-08-16T18:30:17.921640
pay_npci_01985,mer_kirana_net,Desi Kirana Network,cust_npci_01985,Priya Kumar,priya.kumar42@ibl,+919854428019,3750.0,INR,FAILED,PENDING,BUSINESS_DECLINE,U19,Daily Per-Transaction or Cumulative Limit Exceeded,Yes Bank / PhonePe,YESB,SMART_PAYMENT_LINK,0.3609,MEDIUM,15,0,2,3,2026-08-19T23:21:24.749596
pay_npci_01986,mer_quick_kart,Bharat QuickCommerce,cust_npci_01986,Sunil Kumar,sunil.kumar54@okaxis,+919827542058,83.2,INR,RECOVERED,RECOVERED,BUSINESS_DECLINE,U19,Daily Per-Transaction or Cumulative Limit Exceeded,Axis Bank,AXIS,SMART_PAYMENT_LINK,0.333,LOW,6,0,1,3,2026-08-23T18:28:25.730089
pay_npci_01987,mer_tech_bazaar,Croma TechBazaar,cust_npci_01987,Aarav Rao,aarav.rao17@okicici,+919859250635,138.52,INR,FAILED,PENDING,BUSINESS_DECLINE,ZM,Invalid MPIN Entered by Customer,ICICI Bank,ICICI,CUSTOMER_WHATSAPP_NUDGE,0.607,MEDIUM,11,1,0,3,2026-08-15T22:39:12.212308
pay_npci_01988,mer_demo_apex,Apex Retail India Ltd,cust_npci_01988,Sunil Kulkarni,sunil.kulkarni94@barodampay,+919821680649,2470.17,INR,RECOVERED,RECOVERED,BUSINESS_DECLINE,ZM,Invalid MPIN Entered by Customer,Bank of Baroda,BOB,CUSTOMER_WHATSAPP_NUDGE,0.347,LOW,1,0,1,3,2026-09-03T11:47:34.460286
pay_npci_01989,mer_kirana_net,Desi Kirana Network,cust_npci_01989,Vivek Desai,vivek.desai31@axisbank,+919826224170,2435.61,INR,FAILED,PENDING,BUSINESS_DECLINE,XH,Customer Account Blocked / Frozen / Dormant,Axis Bank,AXIS,ESCALATE_TO_HUMAN,0.5599,MEDIUM,12,0,0,3,2026-08-19T11:44:28.755612
pay_npci_01990,mer_kirana_net,Desi Kirana Network,cust_npci_01990,Zoya Verma,zoya.verma88@hdfcbank,+919886878440,421.28,INR,RECOVERED,RECOVERED,BUSINESS_DECLINE,ZA,Insufficient Funds in Customer Account,HDFC Bank,HDFC,SMART_PAYMENT_LINK,0.339,LOW,11,0,1,3,2026-08-19T08:38:13.066930
pay_npci_01991,mer_demo_apex,Apex Retail India Ltd,cust_npci_01991,Manish Kulkarni,manish.kulkarni39@okhdfcbank,+919880273466,2389.08,INR,FAILED,PENDING,BUSINESS_DECLINE,ZA,Insufficient Funds in Customer Account,HDFC Bank,HDFC,SMART_PAYMENT_LINK,0.4429,MEDIUM,4,0,2,3,2026-08-06T17:25:21.646847
pay_npci_01992,mer_swiggy_inst,Swiggy Instamart Partner,cust_npci_01992,Pooja Chopra,pooja.chopra59@okicici,+919828428490,210.26,INR,FAILED,PENDING,BUSINESS_DECLINE,XH,Customer Account Blocked / Frozen / Dormant,ICICI Bank,ICICI,ESCALATE_TO_HUMAN,0.6986,MEDIUM,3,0,2,3,2026-08-28T14:39:00.308460
pay_npci_01993,mer_demo_apex,Apex Retail India Ltd,cust_npci_01993,Priya Chopra,priya.chopra93@kmbl,+919828275937,764.87,INR,RECOVERED,RECOVERED,BUSINESS_DECLINE,ZA,Insufficient Funds in Customer Account,Kotak Mahindra Bank,KKBK,SMART_PAYMENT_LINK,0.3116,LOW,8,0,1,3,2026-08-08T22:22:01.221845
pay_npci_01994,mer_tech_bazaar,Croma TechBazaar,cust_npci_01994,Amit Sharma,amit.sharma42@sbi,+919839557218,29862.2,INR,FAILED,PENDING,BUSINESS_DECLINE,ZA,Insufficient Funds in Customer Account,State Bank of India,SBI,SMART_PAYMENT_LINK,0.5938,MEDIUM,0,0,1,3,2026-09-01T15:17:52.054899
pay_npci_01995,mer_quick_kart,Bharat QuickCommerce,cust_npci_01995,Sneha Rao,sneha.rao88@sbi,+919815957549,53460.04,INR,FAILED,PENDING,TECHNICAL_DECLINE,U30,Beneficiary Bank Timeout After Debit (Ambiguous),State Bank of India,SBI,STATUS_POLL_VERIFICATION,0.475,MEDIUM,2,0,2,3,2026-08-13T19:31:43.686511
pay_npci_01996,mer_demo_apex,Apex Retail India Ltd,cust_npci_01996,Amit Nair,amit.nair70@kotak,+919863306304,2228.22,INR,RECOVERED,RECOVERED,BUSINESS_DECLINE,ZM,Invalid MPIN Entered by Customer,Kotak Mahindra Bank,KKBK,CUSTOMER_WHATSAPP_NUDGE,0.2657,LOW,6,0,1,3,2026-09-01T14:11:14.182408
pay_npci_01997,mer_demo_apex,Apex Retail India Ltd,cust_npci_01997,Sanjay Sharma,sanjay.sharma56@okpnb,+919833860806,301.79,INR,RECOVERED,RECOVERED,BUSINESS_DECLINE,ZM,Invalid MPIN Entered by Customer,Punjab National Bank,PNB,CUSTOMER_WHATSAPP_NUDGE,0.2675,LOW,18,0,1,3,2026-08-20T20:49:44.962845
pay_npci_01998,mer_demo_apex,Apex Retail India Ltd,cust_npci_01998,Ananya Chatterjee,ananya.chatterjee19@ybl,+919813917619,57.63,INR,RECOVERED,RECOVERED,TECHNICAL_DECLINE,U69,Remitter Bank System Unavailable / Switch Error,Yes Bank / PhonePe,YESB,DIRECT_GATEWAY_RETRY,0.02,LOW,12,0,1,3,2026-08-06T12:29:38.908670
pay_npci_01999,mer_kirana_net,Desi Kirana Network,cust_npci_01999,Rahul Banerjee,rahul.banerjee98@sbi,+919811411537,1172.09,INR,FAILED,PENDING,BUSINESS_DECLINE,ZA,Insufficient Funds in Customer Account,State Bank of India,SBI,SMART_PAYMENT_LINK,0.3891,MEDIUM,1,0,1,3,2026-08-11T20:58:06.935413
pay_npci_02000,mer_kirana_net,Desi Kirana Network,cust_npci_02000,Tanvi Chatterjee,tanvi.chatterjee57@barodampay,+919883263523,2873.72,INR,FAILED,PENDING,TECHNICAL_DECLINE,BT,Issuer Switch Timeout During 2FA Verification,Bank of Baroda,BOB,DIRECT_GATEWAY_RETRY,0.3793,MEDIUM,17,1,1,3,2026-09-03T14:20:22.120276
pay_npci_02001,mer_demo_apex,Apex Retail India Ltd,cust_npci_02001,Manish Sharma,manish.sharma97@paytm,+919815060816,1576.54,INR,RECOVERED,RECOVERED,TECHNICAL_DECLINE,BT,Issuer Switch Timeout During 2FA Verification,Paytm Payments Bank,PYTM,DIRECT_GATEWAY_RETRY,0.02,LOW,14,0,1,3,2026-08-16T11:06:27.309565
pay_npci_02002,mer_demo_apex,Apex Retail India Ltd,cust_npci_02002,Ananya Verma,ananya.verma34@sbi,+919838109814,267.99,INR,FAILED,PENDING,BUSINESS_DECLINE,XH,Customer Account Blocked / Frozen / Dormant,State Bank of India,SBI,ESCALATE_TO_HUMAN,0.538,MEDIUM,8,0,1,3,2026-09-02T15:33:40.398035
pay_npci_02003,mer_demo_apex,Apex Retail India Ltd,cust_npci_02003,Aditi Patel,aditi.patel56@hdfcbank,+919898704242,1098.36,INR,FAILED,PENDING,BUSINESS_DECLINE,ZA,Insufficient Funds in Customer Account,HDFC Bank,HDFC,SMART_PAYMENT_LINK,0.4336,MEDIUM,1,0,2,3,2026-08-12T11:09:22.994928
pay_npci_02004,mer_demo_apex,Apex Retail India Ltd,cust_npci_02004,Neha Chatterjee,neha.chatterjee84@paytm,+919847288854,68.29,INR,RECOVERED,RECOVERED,TECHNICAL_DECLINE,BT,Issuer Switch Timeout During 2FA Verification,Paytm Payments Bank,PYTM,DIRECT_GATEWAY_RETRY,0.032,LOW,11,0,1,3,2026-08-18T18:44:04.200741
pay_npci_02005,mer_tech_bazaar,Croma TechBazaar,cust_npci_02005,Rohan Kulkarni,rohan.kulkarni28@okicici,+919829108301,344.93,INR,FAILED,PENDING,BUSINESS_DECLINE,ZA,Insufficient Funds in Customer Account,ICICI Bank,ICICI,SMART_PAYMENT_LINK,0.4079,MEDIUM,1,0,1,3,2026-08-13T19:46:57.004697
pay_npci_02006,mer_quick_kart,Bharat QuickCommerce,cust_npci_02006,Gaurav Joshi,gaurav.joshi41@axisbank,+919819705385,2566.91,INR,RECOVERED,RECOVERED,BUSINESS_DECLINE,U19,Daily Per-Transaction or Cumulative Limit Exceeded,Axis Bank,AXIS,SMART_PAYMENT_LINK,0.3482,LOW,17,0,1,3,2026-08-17T18:27:58.376891
pay_npci_02007,mer_tech_bazaar,Croma TechBazaar,cust_npci_02007,Rahul Gupta,rahul.gupta89@icici,+919847985328,2923.09,INR,FAILED,IN_REVIEW,BUSINESS_DECLINE,K1,Suspected Fraud / Excessive Velocity Anomaly,ICICI Bank,ICICI,QUARANTINE_FOR_REVIEW,0.98,HIGH,5,1,0,3,2026-08-06T19:40:01.929470
pay_npci_02008,mer_tech_bazaar,Croma TechBazaar,cust_npci_02008,Sunil Banerjee,sunil.banerjee16@sbi,+919847627129,12481.51,INR,RECOVERED,RECOVERED,BUSINESS_DECLINE,ZM,Invalid MPIN Entered by Customer,State Bank of India,SBI,CUSTOMER_WHATSAPP_NUDGE,0.2818,LOW,14,0,1,3,2026-08-26T22:38:32.363027
pay_npci_02009,mer_quick_kart,Bharat QuickCommerce,cust_npci_02009,Varun Patel,varun.patel17@hdfcbank,+919885679368,387.3,INR,FAILED,PENDING,BUSINESS_DECLINE,ZA,Insufficient Funds in Customer Account,HDFC Bank,HDFC,SMART_PAYMENT_LINK,0.6429,MEDIUM,13,1,2,3,2026-08-09T15:42:54.643019
pay_npci_02010,mer_quick_kart,Bharat QuickCommerce,cust_npci_02010,Vikram Joshi,vikram.joshi31@sbi,+919866391423,15431.08,INR,FAILED,PENDING,BUSINESS_DECLINE,ZM,Invalid MPIN Entered by Customer,State Bank of India,SBI,CUSTOMER_WHATSAPP_NUDGE,0.2448,LOW,15,0,2,3,2026-08-18T20:31:03.117872
pay_npci_02011,mer_kirana_net,Desi Kirana Network,cust_npci_02011,Sneha Singh,sneha.singh25@oksbi,+919827885276,71.86,INR,RECOVERED,RECOVERED,BUSINESS_DECLINE,U19,Daily Per-Transaction or Cumulative Limit Exceeded,State Bank of India,SBI,SMART_PAYMENT_LINK,0.3053,LOW,16,0,1,3,2026-08-05T18:24:48.526516
pay_npci_02012,mer_tech_bazaar,Croma TechBazaar,cust_npci_02012,Amit Sharma,amit.sharma97@paytm,+919862565576,423.15,INR,RECOVERED,RECOVERED,BUSINESS_DECLINE,ZA,Insufficient Funds in Customer Account,Paytm Payments Bank,PYTM,SMART_PAYMENT_LINK,0.2632,LOW,11,0,1,3,2026-08-15T18:05:08.081498
pay_npci_02013,mer_quick_kart,Bharat QuickCommerce,cust_npci_02013,Sunil Patel,sunil.patel65@unionbank,+919837155043,81.51,INR,RECOVERED,RECOVERED,BUSINESS_DECLINE,ZA,Insufficient Funds in Customer Account,Union Bank of India,UBI,SMART_PAYMENT_LINK,0.3358,LOW,10,0,1,3,2026-08-26T15:27:22.031987
pay_npci_02014,mer_quick_kart,Bharat QuickCommerce,cust_npci_02014,Zoya Chatterjee,zoya.chatterjee47@paytm,+919830215734,4210.53,INR,FAILED,PENDING,BUSINESS_DECLINE,ZM,Invalid MPIN Entered by Customer,Paytm Payments Bank,PYTM,CUSTOMER_WHATSAPP_NUDGE,0.2466,LOW,7,0,0,3,2026-08-31T10:25:29.837073
pay_npci_02015,mer_kirana_net,Desi Kirana Network,cust_npci_02015,Varun Chatterjee,varun.chatterjee33@ybl,+919832903833,1020.58,INR,FAILED,PENDING,BUSINESS_DECLINE,XH,Customer Account Blocked / Frozen / Dormant,Yes Bank / PhonePe,YESB,ESCALATE_TO_HUMAN,0.5662,MEDIUM,8,0,2,3,2026-08-23T22:33:00.082313
pay_npci_02016,mer_quick_kart,Bharat QuickCommerce,cust_npci_02016,Priya Chatterjee,priya.chatterjee65@axisbank,+919874661958,25488.6,INR,RECOVERED,RECOVERED,TECHNICAL_DECLINE,BT,Issuer Switch Timeout During 2FA Verification,Axis Bank,AXIS,DIRECT_GATEWAY_RETRY,0.2231,LOW,11,0,1,3,2026-08-17T22:53:43.716354
pay_npci_02017,mer_demo_apex,Apex Retail India Ltd,cust_npci_02017,Tanvi Reddy,tanvi.reddy14@oksbi,+919844027085,2086.58,INR,FAILED,PENDING,TECHNICAL_DECLINE,BT,Issuer Switch Timeout During 2FA Verification,State Bank of India,SBI,DIRECT_GATEWAY_RETRY,0.3611,MEDIUM,8,1,1,3,2026-08-19T12:59:34.205369
pay_npci_02018,mer_tech_bazaar,Croma TechBazaar,cust_npci_02018,Ananya Singh,ananya.singh67@okicici,+919854918940,479.54,INR,FAILED,PENDING,BUSINESS_DECLINE,ZA,Insufficient Funds in Customer Account,ICICI Bank,ICICI,SMART_PAYMENT_LINK,0.4376,MEDIUM,3,0,1,3,2026-08-10T21:51:17.085980
pay_npci_02019,mer_kirana_net,Desi Kirana Network,cust_npci_02019,Aarav Kulkarni,aarav.kulkarni23@paytm,+919834479616,267.63,INR,RECOVERED,RECOVERED,TECHNICAL_DECLINE,U69,Remitter Bank System Unavailable / Switch Error,Paytm Payments Bank,PYTM,DIRECT_GATEWAY_RETRY,0.02,LOW,7,0,1,3,2026-08-20T08:52:31.761637
pay_npci_02020,mer_quick_kart,Bharat QuickCommerce,cust_npci_02020,Isha Joshi,isha.joshi15@barodampay,+919898031338,395.37,INR,RECOVERED,RECOVERED,BUSINESS_DECLINE,ZA,Insufficient Funds in Customer Account,Bank of Baroda,BOB,SMART_PAYMENT_LINK,0.3344,LOW,15,0,1,3,2026-08-08T21:41:49.391962
pay_npci_02021,mer_tech_bazaar,Croma TechBazaar,cust_npci_02021,Priya Kumar,priya.kumar65@okaxis,+919844126140,308.36,INR,RECOVERED,RECOVERED,BUSINESS_DECLINE,ZA,Insufficient Funds in Customer Account,Axis Bank,AXIS,SMART_PAYMENT_LINK,0.3055,LOW,9,0,1,3,2026-08-21T17:34:27.127231
pay_npci_02022,mer_quick_kart,Bharat QuickCommerce,cust_npci_02022,Amit Patel,amit.patel77@okhdfcbank,+919870525098,1733.9,INR,FAILED,IN_REVIEW,BUSINESS_DECLINE,K1,Suspected Fraud / Excessive Velocity Anomaly,HDFC Bank,HDFC,QUARANTINE_FOR_REVIEW,0.98,HIGH,6,1,0,3,2026-09-02T16:17:27.549172
pay_npci_02023,mer_swiggy_inst,Swiggy Instamart Partner,cust_npci_02023,Pooja Gupta,pooja.gupta98@barodampay,+919888491872,1020.85,INR,RECOVERED,RECOVERED,BUSINESS_DECLINE,ZA,Insufficient Funds in Customer Account,Bank of Baroda,BOB,SMART_PAYMENT_LINK,0.3141,LOW,14,0,1,3,2026-08-14T10:44:32.111193
pay_npci_02024,mer_tech_bazaar,Croma TechBazaar,cust_npci_02024,Kavita Rao,kavita.rao27@icici,+919848774574,197.31,INR,FAILED,PENDING,BUSINESS_DECLINE,ZM,Invalid MPIN Entered by Customer,ICICI Bank,ICICI,CUSTOMER_WHATSAPP_NUDGE,0.378,MEDIUM,2,0,1,3,2026-08-29T12:05:47.623185
pay_npci_02025,mer_quick_kart,Bharat QuickCommerce,cust_npci_02025,Sunil Verma,sunil.verma68@okicici,+919828615017,866.71,INR,RECOVERED,RECOVERED,BUSINESS_DECLINE,ZM,Invalid MPIN Entered by Customer,ICICI Bank,ICICI,CUSTOMER_WHATSAPP_NUDGE,0.2826,LOW,17,0,1,3,2026-08-17T12:38:34.316364
pay_npci_02026,mer_tech_bazaar,Croma TechBazaar,cust_npci_02026,Gaurav Chopra,gaurav.chopra93@barodampay,+919868708113,197.92,INR,RECOVERED,RECOVERED,BUSINESS_DECLINE,ZA,Insufficient Funds in Customer Account,Bank of Baroda,BOB,SMART_PAYMENT_LINK,0.2794,LOW,7,0,1,3,2026-08-12T11:09:25.574391
pay_npci_02027,mer_swiggy_inst,Swiggy Instamart Partner,cust_npci_02027,Sanjay Verma,sanjay.verma97@oksbi,+919889701503,276.71,INR,FAILED,PENDING,TECHNICAL_DECLINE,BT,Issuer Switch Timeout During 2FA Verification,State Bank of India,SBI,DIRECT_GATEWAY_RETRY,0.0244,LOW,8,0,0,3,2026-08-08T10:14:23.357839
pay_npci_02028,mer_swiggy_inst,Swiggy Instamart Partner,cust_npci_02028,Zoya Kulkarni,zoya.kulkarni73@icici,+919894055475,3432.72,INR,RECOVERED,RECOVERED,TECHNICAL_DECLINE,BT,Issuer Switch Timeout During 2FA Verification,ICICI Bank,ICICI,DIRECT_GATEWAY_RETRY,0.02,LOW,16,0,1,3,2026-08-13T18:47:55.103126
pay_npci_02029,mer_swiggy_inst,Swiggy Instamart Partner,cust_npci_02029,Tanvi Gupta,tanvi.gupta64@axisbank,+919879660847,272.01,INR,RECOVERED,RECOVERED,TECHNICAL_DECLINE,U69,Remitter Bank System Unavailable / Switch Error,Axis Bank,AXIS,DIRECT_GATEWAY_RETRY,0.0853,LOW,3,0,1,3,2026-08-09T22:43:01.281641
pay_npci_02030,mer_tech_bazaar,Croma TechBazaar,cust_npci_02030,Isha Reddy,isha.reddy45@okhdfcbank,+919840522568,64.56,INR,RECOVERED,RECOVERED,BUSINESS_DECLINE,ZA,Insufficient Funds in Customer Account,HDFC Bank,HDFC,SMART_PAYMENT_LINK,0.3116,LOW,16,0,1,3,2026-08-13T20:40:46.479590
pay_npci_02031,mer_kirana_net,Desi Kirana Network,cust_npci_02031,Vivek Verma,vivek.verma43@icici,+919892413533,430.53,INR,RECOVERED,RECOVERED,TECHNICAL_DECLINE,U69,Remitter Bank System Unavailable / Switch Error,ICICI Bank,ICICI,DIRECT_GATEWAY_RETRY,0.02,LOW,8,0,1,3,2026-08-22T19:34:09.988300
pay_npci_02032,mer_demo_apex,Apex Retail India Ltd,cust_npci_02032,Vikram Patel,vikram.patel53@unionbank,+919868639612,4756.19,INR,FAILED,PENDING,TECHNICAL_DECLINE,U69,Remitter Bank System Unavailable / Switch Error,Union Bank of India,UBI,DIRECT_GATEWAY_RETRY,0.02,LOW,6,0,0,3,2026-08-14T10:25:24.870525
pay_npci_02033,mer_swiggy_inst,Swiggy Instamart Partner,cust_npci_02033,Neha Patel,neha.patel79@okhdfcbank,+919829599409,474.86,INR,RECOVERED,RECOVERED,BUSINESS_DECLINE,ZM,Invalid MPIN Entered by Customer,HDFC Bank,HDFC,CUSTOMER_WHATSAPP_NUDGE,0.2223,LOW,13,0,1,3,2026-09-03T18:27:59.792908
pay_npci_02034,mer_swiggy_inst,Swiggy Instamart Partner,cust_npci_02034,Gaurav Banerjee,gaurav.banerjee71@okaxis,+919892963877,3340.17,INR,RECOVERED,RECOVERED,TECHNICAL_DECLINE,U69,Remitter Bank System Unavailable / Switch Error,Axis Bank,AXIS,DIRECT_GATEWAY_RETRY,0.02,LOW,11,0,1,3,2026-08-22T06:42:00.050096
pay_npci_02035,mer_demo_apex,Apex Retail India Ltd,cust_npci_02035,Sneha Desai,sneha.desai93@okhdfcbank,+919880146430,392.12,INR,RECOVERED,RECOVERED,TECHNICAL_DECLINE,BT,Issuer Switch Timeout During 2FA Verification,HDFC Bank,HDFC,DIRECT_GATEWAY_RETRY,0.1148,LOW,0,0,1,3,2026-08-28T20:26:03.568474
pay_npci_02036,mer_kirana_net,Desi Kirana Network,cust_npci_02036,Amit Rao,amit.rao67@sbi,+919854434554,222.0,INR,RECOVERED,RECOVERED,BUSINESS_DECLINE,U19,Daily Per-Transaction or Cumulative Limit Exceeded,State Bank of India,SBI,SMART_PAYMENT_LINK,0.3227,LOW,9,0,1,3,2026-08-26T20:49:24.724181
pay_npci_02037,mer_tech_bazaar,Croma TechBazaar,cust_npci_02037,Kavita Rao,kavita.rao44@paytm,+919834305230,421.46,INR,RECOVERED,RECOVERED,BUSINESS_DECLINE,ZA,Insufficient Funds in Customer Account,Paytm Payments Bank,PYTM,SMART_PAYMENT_LINK,0.2744,LOW,16,0,1,3,2026-08-15T02:35:07.470446
pay_npci_02038,mer_kirana_net,Desi Kirana Network,cust_npci_02038,Gaurav Desai,gaurav.desai26@okicici,+919875711064,3574.45,INR,FAILED,PENDING,BUSINESS_DECLINE,XH,Customer Account Blocked / Frozen / Dormant,ICICI Bank,ICICI,ESCALATE_TO_HUMAN,0.5833,MEDIUM,7,0,2,3,2026-09-04T14:58:21.617049
pay_npci_02039,mer_swiggy_inst,Swiggy Instamart Partner,cust_npci_02039,Pranav Sharma,pranav.sharma13@barodampay,+919851319845,18402.65,INR,RECOVERED,RECOVERED,BUSINESS_DECLINE,ZM,Invalid MPIN Entered by Customer,Bank of Baroda,BOB,CUSTOMER_WHATSAPP_NUDGE,0.2694,LOW,7,0,1,3,2026-08-13T21:53:14.010371
pay_npci_02040,mer_demo_apex,Apex Retail India Ltd,cust_npci_02040,Amit Nair,amit.nair80@okicici,+919847922871,4076.43,INR,FAILED,PENDING,BUSINESS_DECLINE,U19,Daily Per-Transaction or Cumulative Limit Exceeded,ICICI Bank,ICICI,SMART_PAYMENT_LINK,0.4778,MEDIUM,1,0,0,3,2026-09-03T19:20:40.076795
pay_npci_02041,mer_quick_kart,Bharat QuickCommerce,cust_npci_02041,Priya Singh,priya.singh71@okpnb,+919895566833,263.71,INR,RECOVERED,RECOVERED,TECHNICAL_DECLINE,U69,Remitter Bank System Unavailable / Switch Error,Punjab National Bank,PNB,DIRECT_GATEWAY_RETRY,0.02,LOW,12,0,1,3,2026-08-23T14:20:25.745059
pay_npci_02042,mer_kirana_net,Desi Kirana Network,cust_npci_02042,Sneha Rao,sneha.rao82@hdfcbank,+919870172506,1840.35,INR,RECOVERED,RECOVERED,BUSINESS_DECLINE,ZA,Insufficient Funds in Customer Account,HDFC Bank,HDFC,SMART_PAYMENT_LINK,0.3145,LOW,8,0,1,3,2026-08-22T13:42:00.442662
pay_npci_02043,mer_swiggy_inst,Swiggy Instamart Partner,cust_npci_02043,Kavita Kumar,kavita.kumar55@kotak,+919838586833,362.34,INR,RECOVERED,RECOVERED,TECHNICAL_DECLINE,U69,Remitter Bank System Unavailable / Switch Error,Kotak Mahindra Bank,KKBK,DIRECT_GATEWAY_RETRY,0.02,LOW,6,0,1,3,2026-08-26T00:15:23.857700
pay_npci_02044,mer_kirana_net,Desi Kirana Network,cust_npci_02044,Rohan Reddy,rohan.reddy41@okaxis,+919887328084,243.74,INR,RECOVERED,RECOVERED,TECHNICAL_DECLINE,BT,Issuer Switch Timeout During 2FA Verification,Axis Bank,AXIS,DIRECT_GATEWAY_RETRY,0.02,LOW,10,0,1,3,2026-08-27T05:35:21.769085
pay_npci_02045,mer_quick_kart,Bharat QuickCommerce,cust_npci_02045,Tanvi Reddy,tanvi.reddy47@unionbank,+919862496349,204.62,INR,RECOVERED,RECOVERED,BUSINESS_DECLINE,ZM,Invalid MPIN Entered by Customer,Union Bank of India,UBI,CUSTOMER_WHATSAPP_NUDGE,0.2941,LOW,12,0,1,3,2026-08-18T10:10:49.716808
pay_npci_02046,mer_kirana_net,Desi Kirana Network,cust_npci_02046,Sneha Chopra,sneha.chopra14@axisbank,+919889813750,194.17,INR,RECOVERED,RECOVERED,TECHNICAL_DECLINE,BT,Issuer Switch Timeout During 2FA Verification,Axis Bank,AXIS,DIRECT_GATEWAY_RETRY,0.02,LOW,12,0,1,3,2026-08-05T10:26:08.727801
pay_npci_02047,mer_quick_kart,Bharat QuickCommerce,cust_npci_02047,Vivek Reddy,vivek.reddy88@okaxis,+919846805898,66.73,INR,RECOVERED,RECOVERED,TECHNICAL_DECLINE,U30,Beneficiary Bank Timeout After Debit (Ambiguous),Axis Bank,AXIS,STATUS_POLL_VERIFICATION,0.2138,LOW,6,0,1,3,2026-08-22T22:57:52.609513
pay_npci_02048,mer_demo_apex,Apex Retail India Ltd,cust_npci_02048,Pooja Verma,pooja.verma32@okpnb,+919846541382,114.78,INR,RECOVERED,RECOVERED,TECHNICAL_DECLINE,U69,Remitter Bank System Unavailable / Switch Error,Punjab National Bank,PNB,DIRECT_GATEWAY_RETRY,0.02,LOW,15,0,1,3,2026-09-03T23:33:55.170703
pay_npci_02049,mer_tech_bazaar,Croma TechBazaar,cust_npci_02049,Sneha Patel,sneha.patel74@hdfcbank,+919868802927,861.67,INR,RECOVERED,RECOVERED,BUSINESS_DECLINE,ZA,Insufficient Funds in Customer Account,HDFC Bank,HDFC,SMART_PAYMENT_LINK,0.331,LOW,7,0,1,3,2026-08-10T14:47:10.537436
pay_npci_02050,mer_demo_apex,Apex Retail India Ltd,cust_npci_02050,Sanjay Gupta,sanjay.gupta28@okicici,+919891810614,468.75,INR,RECOVERED,RECOVERED,TECHNICAL_DECLINE,BT,Issuer Switch Timeout During 2FA Verification,ICICI Bank,ICICI,DIRECT_GATEWAY_RETRY,0.1353,LOW,2,0,1,3,2026-09-02T07:28:02.241782
pay_npci_02051,mer_swiggy_inst,Swiggy Instamart Partner,cust_npci_02051,Pranav Chatterjee,pranav.chatterjee69@okpnb,+919814076841,406.75,INR,FAILED,PENDING,BUSINESS_DECLINE,XH,Customer Account Blocked / Frozen / Dormant,Punjab National Bank,PNB,ESCALATE_TO_HUMAN,0.6455,MEDIUM,4,0,0,3,2026-09-03T11:02:19.184257
pay_npci_02052,mer_tech_bazaar,Croma TechBazaar,cust_npci_02052,Deepak Desai,deepak.desai31@barodampay,+919826232429,778.14,INR,RECOVERED,RECOVERED,TECHNICAL_DECLINE,BT,Issuer Switch Timeout During 2FA Verification,Bank of Baroda,BOB,DIRECT_GATEWAY_RETRY,0.1112,LOW,4,0,1,3,2026-08-07T10:42:18.652766
pay_npci_02053,mer_swiggy_inst,Swiggy Instamart Partner,cust_npci_02053,Aarav Kumar,aarav.kumar67@okpnb,+919897361819,3290.95,INR,RECOVERED,RECOVERED,BUSINESS_DECLINE,ZA,Insufficient Funds in Customer Account,Punjab National Bank,PNB,SMART_PAYMENT_LINK,0.2771,LOW,7,0,1,3,2026-08-25T21:15:44.542906
pay_npci_02054,mer_quick_kart,Bharat QuickCommerce,cust_npci_02054,Isha Mehta,isha.mehta90@axisbank,+919872234401,3491.2,INR,RECOVERED,RECOVERED,TECHNICAL_DECLINE,U69,Remitter Bank System Unavailable / Switch Error,Axis Bank,AXIS,DIRECT_GATEWAY_RETRY,0.02,LOW,13,0,1,3,2026-08-09T13:55:24.819813
pay_npci_02055,mer_demo_apex,Apex Retail India Ltd,cust_npci_02055,Kiran Desai,kiran.desai60@unionbank,+919870917951,464.67,INR,RECOVERED,RECOVERED,TECHNICAL_DECLINE,U30,Beneficiary Bank Timeout After Debit (Ambiguous),Union Bank of India,UBI,STATUS_POLL_VERIFICATION,0.2838,LOW,0,0,1,3,2026-08-24T16:02:12.722475
pay_npci_02056,mer_swiggy_inst,Swiggy Instamart Partner,cust_npci_02056,Pooja Kumar,pooja.kumar21@paytm,+919834880224,67392.4,INR,FAILED,PENDING,BUSINESS_DECLINE,ZA,Insufficient Funds in Customer Account,Paytm Payments Bank,PYTM,SMART_PAYMENT_LINK,0.4922,MEDIUM,7,0,2,3,2026-08-10T23:57:04.101594
pay_npci_02057,mer_tech_bazaar,Croma TechBazaar,cust_npci_02057,Pranav Singh,pranav.singh52@barodampay,+919862674637,357.1,INR,RECOVERED,RECOVERED,BUSINESS_DECLINE,ZM,Invalid MPIN Entered by Customer,Bank of Baroda,BOB,CUSTOMER_WHATSAPP_NUDGE,0.2666,LOW,17,0,1,3,2026-09-01T06:47:12.890636
pay_npci_02058,mer_tech_bazaar,Croma TechBazaar,cust_npci_02058,Tanvi Gupta,tanvi.gupta92@hdfcbank,+919820671893,48061.61,INR,FAILED,PENDING,BUSINESS_DECLINE,ZM,Invalid MPIN Entered by Customer,HDFC Bank,HDFC,CUSTOMER_WHATSAPP_NUDGE,0.4522,MEDIUM,8,0,1,3,2026-08-23T12:30:24.266446
pay_npci_02059,mer_tech_bazaar,Croma TechBazaar,cust_npci_02059,Varun Rao,varun.rao19@ybl,+919859481697,82.2,INR,FAILED,IN_REVIEW,BUSINESS_DECLINE,K1,Suspected Fraud / Excessive Velocity Anomaly,Yes Bank / PhonePe,YESB,QUARANTINE_FOR_REVIEW,0.98,HIGH,9,1,2,3,2026-08-13T09:30:43.780747
pay_npci_02060,mer_kirana_net,Desi Kirana Network,cust_npci_02060,Sunil Chopra,sunil.chopra44@barodampay,+919854564038,285.39,INR,RECOVERED,RECOVERED,BUSINESS_DECLINE,ZA,Insufficient Funds in Customer Account,Bank of Baroda,BOB,SMART_PAYMENT_LINK,0.2704,LOW,8,0,1,3,2026-09-04T10:10:04.740195
pay_npci_02061,mer_demo_apex,Apex Retail India Ltd,cust_npci_02061,Neha Joshi,neha.joshi50@okpnb,+919866169759,160.37,INR,RECOVERED,RECOVERED,BUSINESS_DECLINE,ZA,Insufficient Funds in Customer Account,Punjab National Bank,PNB,SMART_PAYMENT_LINK,0.2968,LOW,9,0,1,3,2026-08-23T18:28:59.317135
pay_npci_02062,mer_tech_bazaar,Croma TechBazaar,cust_npci_02062,Vikram Nair,vikram.nair60@okicici,+919877547703,276.23,INR,RECOVERED,RECOVERED,BUSINESS_DECLINE,ZM,Invalid MPIN Entered by Customer,ICICI Bank,ICICI,CUSTOMER_WHATSAPP_NUDGE,0.29,LOW,17,0,1,3,2026-08-12T22:43:08.220212
pay_npci_02063,mer_demo_apex,Apex Retail India Ltd,cust_npci_02063,Pooja Chopra,pooja.chopra76@okpnb,+919838423534,45.64,INR,RECOVERED,RECOVERED,BUSINESS_DECLINE,ZA,Insufficient Funds in Customer Account,Punjab National Bank,PNB,SMART_PAYMENT_LINK,0.2838,LOW,11,0,1,3,2026-08-23T20:23:52.195011
pay_npci_02064,mer_quick_kart,Bharat QuickCommerce,cust_npci_02064,Neha Patel,neha.patel38@barodampay,+919844738686,322.45,INR,FAILED,PENDING,TECHNICAL_DECLINE,BT,Issuer Switch Timeout During 2FA Verification,Bank of Baroda,BOB,DIRECT_GATEWAY_RETRY,0.1557,LOW,0,0,1,3,2026-08-08T13:17:38.326423
pay_npci_02065,mer_kirana_net,Desi Kirana Network,cust_npci_02065,Rohan Desai,rohan.desai97@okicici,+919827948333,180.9,INR,RECOVERED,RECOVERED,BUSINESS_DECLINE,ZA,Insufficient Funds in Customer Account,ICICI Bank,ICICI,SMART_PAYMENT_LINK,0.2942,LOW,7,0,1,3,2026-08-09T11:24:35.873875
pay_npci_02066,mer_kirana_net,Desi Kirana Network,cust_npci_02066,Zoya Kumar,zoya.kumar63@icici,+919882218260,496.79,INR,FAILED,PENDING,BUSINESS_DECLINE,ZA,Insufficient Funds in Customer Account,ICICI Bank,ICICI,SMART_PAYMENT_LINK,0.4147,MEDIUM,3,0,2,3,2026-08-13T21:11:22.777452
pay_npci_02067,mer_swiggy_inst,Swiggy Instamart Partner,cust_npci_02067,Aditi Kumar,aditi.kumar74@barodampay,+919839735902,295.67,INR,RECOVERED,RECOVERED,BUSINESS_DECLINE,U19,Daily Per-Transaction or Cumulative Limit Exceeded,Bank of Baroda,BOB,SMART_PAYMENT_LINK,0.3208,LOW,9,0,1,3,2026-08-24T12:11:57.377001
pay_npci_02068,mer_demo_apex,Apex Retail India Ltd,cust_npci_02068,Sneha Joshi,sneha.joshi49@paytm,+919892021285,364.91,INR,FAILED,PENDING,BUSINESS_DECLINE,ZA,Insufficient Funds in Customer Account,Paytm Payments Bank,PYTM,SMART_PAYMENT_LINK,0.6172,MEDIUM,18,1,0,3,2026-08-14T16:57:58.472297
pay_npci_02069,mer_quick_kart,Bharat QuickCommerce,cust_npci_02069,Manish Kulkarni,manish.kulkarni29@sbi,+919893574938,242.59,INR,RECOVERED,RECOVERED,BUSINESS_DECLINE,ZA,Insufficient Funds in Customer Account,State Bank of India,SBI,SMART_PAYMENT_LINK,0.3257,LOW,18,0,1,3,2026-08-15T18:44:55.546512
pay_npci_02070,mer_demo_apex,Apex Retail India Ltd,cust_npci_02070,Sunil Banerjee,sunil.banerjee88@hdfcbank,+919850618369,264.26,INR,RECOVERED,RECOVERED,BUSINESS_DECLINE,ZA,Insufficient Funds in Customer Account,HDFC Bank,HDFC,SMART_PAYMENT_LINK,0.3174,LOW,15,0,1,3,2026-08-20T21:11:49.829896
pay_npci_02071,mer_tech_bazaar,Croma TechBazaar,cust_npci_02071,Aarav Kulkarni,aarav.kulkarni62@unionbank,+919868598706,4396.81,INR,RECOVERED,RECOVERED,BUSINESS_DECLINE,ZA,Insufficient Funds in Customer Account,Union Bank of India,UBI,SMART_PAYMENT_LINK,0.2815,LOW,7,0,1,3,2026-08-31T18:39:28.690459
pay_npci_02072,mer_quick_kart,Bharat QuickCommerce,cust_npci_02072,Sanjay Desai,sanjay.desai40@axisbank,+919827728977,192.97,INR,FAILED,PENDING,BUSINESS_DECLINE,ZA,Insufficient Funds in Customer Account,Axis Bank,AXIS,SMART_PAYMENT_LINK,0.4458,MEDIUM,2,0,1,3,2026-08-17T23:10:49.518427
pay_npci_02073,mer_tech_bazaar,Croma TechBazaar,cust_npci_02073,Pranav Banerjee,pranav.banerjee91@paytm,+919871591555,431.49,INR,RECOVERED,RECOVERED,BUSINESS_DECLINE,ZA,Insufficient Funds in Customer Account,Paytm Payments Bank,PYTM,SMART_PAYMENT_LINK,0.2735,LOW,9,0,1,3,2026-08-16T20:55:57.677783
pay_npci_02074,mer_demo_apex,Apex Retail India Ltd,cust_npci_02074,Sneha Chatterjee,sneha.chatterjee96@unionbank,+919878487951,350.92,INR,RECOVERED,RECOVERED,TECHNICAL_DECLINE,U30,Beneficiary Bank Timeout After Debit (Ambiguous),Union Bank of India,UBI,STATUS_POLL_VERIFICATION,0.2747,LOW,4,0,1,3,2026-08-22T12:51:57.216557
pay_npci_02075,mer_tech_bazaar,Croma TechBazaar,cust_npci_02075,Sanjay Sharma,sanjay.sharma24@axisbank,+919817435568,276.47,INR,RECOVERED,RECOVERED,TECHNICAL_DECLINE,U69,Remitter Bank System Unavailable / Switch Error,Axis Bank,AXIS,DIRECT_GATEWAY_RETRY,0.0787,LOW,3,0,1,3,2026-09-04T17:17:49.456071
pay_npci_02076,mer_kirana_net,Desi Kirana Network,cust_npci_02076,Kiran Joshi,kiran.joshi12@barodampay,+919810680218,1418.94,INR,RECOVERED,RECOVERED,TECHNICAL_DECLINE,BT,Issuer Switch Timeout During 2FA Verification,Bank of Baroda,BOB,DIRECT_GATEWAY_RETRY,0.02,LOW,16,0,1,3,2026-08-19T19:50:31.062180
pay_npci_02077,mer_demo_apex,Apex Retail India Ltd,cust_npci_02077,Neha Gupta,neha.gupta95@axisbank,+919872238935,2816.6,INR,RECOVERED,RECOVERED,TECHNICAL_DECLINE,BT,Issuer Switch Timeout During 2FA Verification,Axis Bank,AXIS,DIRECT_GATEWAY_RETRY,0.02,LOW,10,0,1,3,2026-08-23T10:21:54.957480
pay_npci_02078,mer_kirana_net,Desi Kirana Network,cust_npci_02078,Rohan Chatterjee,rohan.chatterjee67@unionbank,+919811717273,252.33,INR,FAILED,PENDING,BUSINESS_DECLINE,ZM,Invalid MPIN Entered by Customer,Union Bank of India,UBI,CUSTOMER_WHATSAPP_NUDGE,0.4112,MEDIUM,2,0,0,3,2026-08-20T14:38:29.679822
pay_npci_02079,mer_demo_apex,Apex Retail India Ltd,cust_npci_02079,Kavita Chatterjee,kavita.chatterjee48@paytm,+919895820268,68.45,INR,FAILED,PENDING,BUSINESS_DECLINE,ZA,Insufficient Funds in Customer Account,Paytm Payments Bank,PYTM,SMART_PAYMENT_LINK,0.4267,MEDIUM,1,0,2,3,2026-08-29T16:52:16.086293
pay_npci_02080,mer_quick_kart,Bharat QuickCommerce,cust_npci_02080,Pranav Verma,pranav.verma19@okpnb,+919867422361,259.21,INR,RECOVERED,RECOVERED,TECHNICAL_DECLINE,U69,Remitter Bank System Unavailable / Switch Error,Punjab National Bank,PNB,DIRECT_GATEWAY_RETRY,0.02,LOW,14,0,1,3,2026-08-24T16:59:58.086006
pay_npci_02081,mer_tech_bazaar,Croma TechBazaar,cust_npci_02081,Rohan Nair,rohan.nair48@sbi,+919855603316,486.4,INR,RECOVERED,RECOVERED,TECHNICAL_DECLINE,U69,Remitter Bank System Unavailable / Switch Error,State Bank of India,SBI,DIRECT_GATEWAY_RETRY,0.02,LOW,14,0,1,3,2026-08-18T11:44:26.735510
pay_npci_02082,mer_demo_apex,Apex Retail India Ltd,cust_npci_02082,Rahul Gupta,rahul.gupta92@barodampay,+919831397028,2452.66,INR,FAILED,PENDING,BUSINESS_DECLINE,ZA,Insufficient Funds in Customer Account,Bank of Baroda,BOB,SMART_PAYMENT_LINK,0.3825,MEDIUM,2,0,0,3,2026-08-07T12:24:07.498909
pay_npci_02083,mer_demo_apex,Apex Retail India Ltd,cust_npci_02083,Rohan Patel,rohan.patel27@hdfcbank,+919852800865,96.89,INR,RECOVERED,RECOVERED,TECHNICAL_DECLINE,U69,Remitter Bank System Unavailable / Switch Error,HDFC Bank,HDFC,DIRECT_GATEWAY_RETRY,0.1077,LOW,4,0,1,3,2026-08-13T01:22:01.876835
pay_npci_02084,mer_quick_kart,Bharat QuickCommerce,cust_npci_02084,Kiran Gupta,kiran.gupta49@barodampay,+919874748035,607.05,INR,FAILED,PENDING,BUSINESS_DECLINE,U19,Daily Per-Transaction or Cumulative Limit Exceeded,Bank of Baroda,BOB,SMART_PAYMENT_LINK,0.4589,MEDIUM,5,0,0,3,2026-08-21T15:33:25.024070
pay_npci_02085,mer_quick_kart,Bharat QuickCommerce,cust_npci_02085,Rohan Kumar,rohan.kumar91@sbi,+919897949376,399.38,INR,RECOVERED,RECOVERED,BUSINESS_DECLINE,ZM,Invalid MPIN Entered by Customer,State Bank of India,SBI,CUSTOMER_WHATSAPP_NUDGE,0.259,LOW,15,0,1,3,2026-08-29T23:29:34.804329
pay_npci_02086,mer_swiggy_inst,Swiggy Instamart Partner,cust_npci_02086,Sanjay Reddy,sanjay.reddy40@sbi,+919876275543,60378.41,INR,FAILED,PENDING,BUSINESS_DECLINE,ZA,Insufficient Funds in Customer Account,State Bank of India,SBI,SMART_PAYMENT_LINK,0.5701,MEDIUM,0,0,0,3,2026-08-11T12:43:53.847336
pay_npci_02087,mer_swiggy_inst,Swiggy Instamart Partner,cust_npci_02087,Zoya Sharma,zoya.sharma56@axisbank,+919825636972,185.3,INR,RECOVERED,RECOVERED,BUSINESS_DECLINE,U19,Daily Per-Transaction or Cumulative Limit Exceeded,Axis Bank,AXIS,SMART_PAYMENT_LINK,0.3223,LOW,6,0,1,3,2026-08-26T08:51:03.445455
pay_npci_02088,mer_kirana_net,Desi Kirana Network,cust_npci_02088,Manish Gupta,manish.gupta72@kotak,+919877278228,250.79,INR,RECOVERED,RECOVERED,TECHNICAL_DECLINE,BT,Issuer Switch Timeout During 2FA Verification,Kotak Mahindra Bank,KKBK,DIRECT_GATEWAY_RETRY,0.02,LOW,15,0,1,3,2026-08-23T08:15:28.135173
pay_npci_02089,mer_swiggy_inst,Swiggy Instamart Partner,cust_npci_02089,Zoya Gupta,zoya.gupta24@icici,+919897761109,3154.77,INR,RECOVERED,RECOVERED,TECHNICAL_DECLINE,SWITCH_DOWN,NPCI Central Switch Queue Congestion,ICICI Bank,ICICI,BACKOFF_RETRY,0.0367,LOW,17,0,1,3,2026-08-15T13:13:55.063516
pay_npci_02090,mer_swiggy_inst,Swiggy Instamart Partner,cust_npci_02090,Amit Singh,amit.singh36@kotak,+919894886339,2801.85,INR,RECOVERED,RECOVERED,BUSINESS_DECLINE,ZM,Invalid MPIN Entered by Customer,Kotak Mahindra Bank,KKBK,CUSTOMER_WHATSAPP_NUDGE,0.2964,LOW,16,0,1,3,2026-08-07T11:06:03.144171
pay_npci_02091,mer_demo_apex,Apex Retail India Ltd,cust_npci_02091,Sneha Sharma,sneha.sharma15@okaxis,+919855795688,280.56,INR,RECOVERED,RECOVERED,BUSINESS_DECLINE,U19,Daily Per-Transaction or Cumulative Limit Exceeded,Axis Bank,AXIS,SMART_PAYMENT_LINK,0.3292,LOW,14,0,1,3,2026-08-11T12:22:11.428421
pay_npci_02092,mer_demo_apex,Apex Retail India Ltd,cust_npci_02092,Zoya Verma,zoya.verma30@oksbi,+919864656614,66.35,INR,FAILED,PENDING,BUSINESS_DECLINE,ZM,Invalid MPIN Entered by Customer,State Bank of India,SBI,CUSTOMER_WHATSAPP_NUDGE,0.6232,MEDIUM,15,1,1,3,2026-08-25T11:24:31.528204
pay_npci_02093,mer_kirana_net,Desi Kirana Network,cust_npci_02093,Rahul Chatterjee,rahul.chatterjee25@unionbank,+919858151642,127.31,INR,RECOVERED,RECOVERED,TECHNICAL_DECLINE,U69,Remitter Bank System Unavailable / Switch Error,Union Bank of India,UBI,DIRECT_GATEWAY_RETRY,0.02,LOW,13,0,1,3,2026-09-01T14:24:07.850194
pay_npci_02094,mer_swiggy_inst,Swiggy Instamart Partner,cust_npci_02094,Pranav Singh,pranav.singh24@okicici,+919872938000,42.45,INR,RECOVERED,RECOVERED,TECHNICAL_DECLINE,BT,Issuer Switch Timeout During 2FA Verification,ICICI Bank,ICICI,DIRECT_GATEWAY_RETRY,0.1454,LOW,5,0,1,3,2026-08-15T12:03:15.461875
pay_npci_02095,mer_quick_kart,Bharat QuickCommerce,cust_npci_02095,Kavita Singh,kavita.singh56@barodampay,+919854406779,1636.53,INR,RECOVERED,RECOVERED,TECHNICAL_DECLINE,U69,Remitter Bank System Unavailable / Switch Error,Bank of Baroda,BOB,DIRECT_GATEWAY_RETRY,0.02,LOW,15,0,1,3,2026-08-20T06:11:53.731970
pay_npci_02096,mer_swiggy_inst,Swiggy Instamart Partner,cust_npci_02096,Vivek Banerjee,vivek.banerjee42@hdfcbank,+919896331085,343.16,INR,RECOVERED,RECOVERED,TECHNICAL_DECLINE,BT,Issuer Switch Timeout During 2FA Verification,HDFC Bank,HDFC,DIRECT_GATEWAY_RETRY,0.02,LOW,14,0,1,3,2026-08-31T21:19:00.863787
pay_npci_02097,mer_swiggy_inst,Swiggy Instamart Partner,cust_npci_02097,Isha Reddy,isha.reddy25@hdfcbank,+919819980693,2273.38,INR,FAILED,IN_REVIEW,BUSINESS_DECLINE,K1,Suspected Fraud / Excessive Velocity Anomaly,HDFC Bank,HDFC,QUARANTINE_FOR_REVIEW,0.98,HIGH,16,1,2,3,2026-08-23T10:11:36.867444
pay_npci_02098,mer_kirana_net,Desi Kirana Network,cust_npci_02098,Gaurav Patel,gaurav.patel67@barodampay,+919867754806,179.94,INR,FAILED,PENDING,BUSINESS_DECLINE,ZA,Insufficient Funds in Customer Account,Bank of Baroda,BOB,SMART_PAYMENT_LINK,0.4527,MEDIUM,0,0,2,3,2026-08-13T17:07:31.063148
pay_npci_02099,mer_quick_kart,Bharat QuickCommerce,cust_npci_02099,Pooja Kumar,pooja.kumar28@paytm,+919821733324,257.36,INR,RECOVERED,RECOVERED,BUSINESS_DECLINE,ZM,Invalid MPIN Entered by Customer,Paytm Payments Bank,PYTM,CUSTOMER_WHATSAPP_NUDGE,0.299,LOW,16,0,1,3,2026-09-02T15:41:26.550753
pay_npci_02100,mer_kirana_net,Desi Kirana Network,cust_npci_02100,Ananya Sharma,ananya.sharma60@unionbank,+919860308082,2334.45,INR,RECOVERED,RECOVERED,BUSINESS_DECLINE,ZA,Insufficient Funds in Customer Account,Union Bank of India,UBI,SMART_PAYMENT_LINK,0.2706,LOW,10,0,1,3,2026-08-23T17:26:56.938625
pay_npci_02101,mer_demo_apex,Apex Retail India Ltd,cust_npci_02101,Ananya Mehta,ananya.mehta69@hdfcbank,+919813379798,4146.12,INR,RECOVERED,RECOVERED,TECHNICAL_DECLINE,BT,Issuer Switch Timeout During 2FA Verification,HDFC Bank,HDFC,DIRECT_GATEWAY_RETRY,0.02,LOW,13,0,1,3,2026-09-01T20:09:13.740648
pay_npci_02102,mer_quick_kart,Bharat QuickCommerce,cust_npci_02102,Deepak Sharma,deepak.sharma45@oksbi,+919894015007,1326.28,INR,RECOVERED,RECOVERED,BUSINESS_DECLINE,ZA,Insufficient Funds in Customer Account,State Bank of India,SBI,SMART_PAYMENT_LINK,0.3272,LOW,9,0,1,3,2026-08-19T11:55:52.354439
pay_npci_02103,mer_tech_bazaar,Croma TechBazaar,cust_npci_02103,Amit Reddy,amit.reddy48@okicici,+919834820733,1770.19,INR,FAILED,PENDING,BUSINESS_DECLINE,ZM,Invalid MPIN Entered by Customer,ICICI Bank,ICICI,CUSTOMER_WHATSAPP_NUDGE,0.6264,MEDIUM,12,1,2,3,2026-08-07T12:22:04.128276
pay_npci_02104,mer_tech_bazaar,Croma TechBazaar,cust_npci_02104,Priya Reddy,priya.reddy22@kotak,+919829143167,2807.48,INR,FAILED,PENDING,BUSINESS_DECLINE,U19,Daily Per-Transaction or Cumulative Limit Exceeded,Kotak Mahindra Bank,KKBK,SMART_PAYMENT_LINK,0.4501,MEDIUM,0,0,2,3,2026-08-17T12:41:32.842353
pay_npci_02105,mer_kirana_net,Desi Kirana Network,cust_npci_02105,Isha Banerjee,isha.banerjee54@oksbi,+919848242238,2045.53,INR,RECOVERED,RECOVERED,BUSINESS_DECLINE,ZM,Invalid MPIN Entered by Customer,State Bank of India,SBI,CUSTOMER_WHATSAPP_NUDGE,0.2681,LOW,8,0,1,3,2026-08-11T18:51:49.327269
pay_npci_02106,mer_swiggy_inst,Swiggy Instamart Partner,cust_npci_02106,Zoya Banerjee,zoya.banerjee41@okhdfcbank,+919895267252,488.84,INR,RECOVERED,RECOVERED,BUSINESS_DECLINE,U19,Daily Per-Transaction or Cumulative Limit Exceeded,HDFC Bank,HDFC,SMART_PAYMENT_LINK,0.3226,LOW,10,0,1,3,2026-08-08T20:10:01.810795
pay_npci_02107,mer_swiggy_inst,Swiggy Instamart Partner,cust_npci_02107,Neha Joshi,neha.joshi84@oksbi,+919817703378,2809.48,INR,FAILED,PENDING,BUSINESS_DECLINE,ZA,Insufficient Funds in Customer Account,State Bank of India,SBI,SMART_PAYMENT_LINK,0.3951,MEDIUM,3,0,1,3,2026-09-04T10:31:23.281768
pay_npci_02108,mer_quick_kart,Bharat QuickCommerce,cust_npci_02108,Deepak Reddy,deepak.reddy17@sbi,+919826723823,351.52,INR,RECOVERED,RECOVERED,TECHNICAL_DECLINE,U30,Beneficiary Bank Timeout After Debit (Ambiguous),State Bank of India,SBI,STATUS_POLL_VERIFICATION,0.191,LOW,14,0,1,3,2026-09-04T21:30:25.905736
pay_npci_02109,mer_swiggy_inst,Swiggy Instamart Partner,cust_npci_02109,Varun Chopra,varun.chopra69@unionbank,+919891540296,373.98,INR,RECOVERED,RECOVERED,TECHNICAL_DECLINE,U69,Remitter Bank System Unavailable / Switch Error,Union Bank of India,UBI,DIRECT_GATEWAY_RETRY,0.02,LOW,12,0,1,3,2026-08-20T17:18:59.602999
pay_npci_02110,mer_tech_bazaar,Croma TechBazaar,cust_npci_02110,Isha Kulkarni,isha.kulkarni44@okaxis,+919812749756,444.66,INR,RECOVERED,RECOVERED,BUSINESS_DECLINE,ZA,Insufficient Funds in Customer Account,Axis Bank,AXIS,SMART_PAYMENT_LINK,0.3295,LOW,13,0,1,3,2026-09-02T13:20:53.579988
pay_npci_02111,mer_tech_bazaar,Croma TechBazaar,cust_npci_02111,Varun Patel,varun.patel61@unionbank,+919823618560,529.69,INR,RECOVERED,RECOVERED,TECHNICAL_DECLINE,U69,Remitter Bank System Unavailable / Switch Error,Union Bank of India,UBI,DIRECT_GATEWAY_RETRY,0.02,LOW,15,0,1,3,2026-08-27T12:56:43.828447
pay_npci_02112,mer_demo_apex,Apex Retail India Ltd,cust_npci_02112,Sneha Nair,sneha.nair42@sbi,+919863100145,2231.79,INR,RECOVERED,RECOVERED,BUSINESS_DECLINE,ZA,Insufficient Funds in Customer Account,State Bank of India,SBI,SMART_PAYMENT_LINK,0.303,LOW,17,0,1,3,2026-09-01T07:40:55.169636
pay_npci_02113,mer_quick_kart,Bharat QuickCommerce,cust_npci_02113,Aditi Reddy,aditi.reddy74@okaxis,+919859617973,401.54,INR,RECOVERED,RECOVERED,BUSINESS_DECLINE,U19,Daily Per-Transaction or Cumulative Limit Exceeded,Axis Bank,AXIS,SMART_PAYMENT_LINK,0.3371,LOW,6,0,1,3,2026-08-24T20:59:34.397202
pay_npci_02114,mer_swiggy_inst,Swiggy Instamart Partner,cust_npci_02114,Deepak Patel,deepak.patel97@oksbi,+919881751231,276.66,INR,FAILED,PENDING,BUSINESS_DECLINE,XH,Customer Account Blocked / Frozen / Dormant,State Bank of India,SBI,ESCALATE_TO_HUMAN,0.5216,MEDIUM,15,0,1,3,2026-08-30T15:07:12.790459
pay_npci_02115,mer_tech_bazaar,Croma TechBazaar,cust_npci_02115,Tanvi Kulkarni,tanvi.kulkarni21@hdfcbank,+919844612257,209.93,INR,RECOVERED,RECOVERED,TECHNICAL_DECLINE,U69,Remitter Bank System Unavailable / Switch Error,HDFC Bank,HDFC,DIRECT_GATEWAY_RETRY,0.02,LOW,6,0,1,3,2026-08-24T13:52:36.116384
pay_npci_02116,mer_kirana_net,Desi Kirana Network,cust_npci_02116,Kiran Joshi,kiran.joshi17@paytm,+919864612232,129.1,INR,FAILED,PENDING,BUSINESS_DECLINE,ZA,Insufficient Funds in Customer Account,Paytm Payments Bank,PYTM,SMART_PAYMENT_LINK,0.4273,MEDIUM,3,0,0,3,2026-08-25T16:31:40.213048
pay_npci_02117,mer_quick_kart,Bharat QuickCommerce,cust_npci_02117,Kavita Gupta,kavita.gupta97@okpnb,+919858661770,36363.76,INR,FAILED,PENDING,BUSINESS_DECLINE,ZM,Invalid MPIN Entered by Customer,Punjab National Bank,PNB,CUSTOMER_WHATSAPP_NUDGE,0.4765,MEDIUM,9,0,2,3,2026-08-10T11:08:53.078058
pay_npci_02118,mer_swiggy_inst,Swiggy Instamart Partner,cust_npci_02118,Rohan Chatterjee,rohan.chatterjee60@oksbi,+919838623798,454.26,INR,RECOVERED,RECOVERED,BUSINESS_DECLINE,ZA,Insufficient Funds in Customer Account,State Bank of India,SBI,SMART_PAYMENT_LINK,0.3289,LOW,16,0,1,3,2026-08-17T15:07:18.877784
pay_npci_02119,mer_tech_bazaar,Croma TechBazaar,cust_npci_02119,Vivek Singh,vivek.singh15@paytm,+919827456457,331.26,INR,RECOVERED,RECOVERED,TECHNICAL_DECLINE,U69,Remitter Bank System Unavailable / Switch Error,Paytm Payments Bank,PYTM,DIRECT_GATEWAY_RETRY,0.02,LOW,12,0,1,3,2026-08-12T10:58:03.528811
pay_npci_02120,mer_quick_kart,Bharat QuickCommerce,cust_npci_02120,Isha Kumar,isha.kumar40@okpnb,+919899783771,228.77,INR,RECOVERED,RECOVERED,TECHNICAL_DECLINE,U69,Remitter Bank System Unavailable / Switch Error,Punjab National Bank,PNB,DIRECT_GATEWAY_RETRY,0.02,LOW,6,0,1,3,2026-08-12T21:48:28.909826
pay_npci_02121,mer_kirana_net,Desi Kirana Network,cust_npci_02121,Zoya Desai,zoya.desai51@okicici,+919830749876,482.26,INR,FAILED,PENDING,BUSINESS_DECLINE,XH,Customer Account Blocked / Frozen / Dormant,ICICI Bank,ICICI,ESCALATE_TO_HUMAN,0.6581,MEDIUM,3,0,2,3,2026-08-11T11:07:17.061779
pay_npci_02122,mer_kirana_net,Desi Kirana Network,cust_npci_02122,Deepak Banerjee,deepak.banerjee36@ybl,+919817729611,216.18,INR,FAILED,PENDING,BUSINESS_DECLINE,ZA,Insufficient Funds in Customer Account,Yes Bank / PhonePe,YESB,SMART_PAYMENT_LINK,0.647,MEDIUM,13,1,1,3,2026-08-12T22:34:15.771609
pay_npci_02123,mer_tech_bazaar,Croma TechBazaar,cust_npci_02123,Aarav Joshi,aarav.joshi38@oksbi,+919882354138,401.1,INR,RECOVERED,RECOVERED,BUSINESS_DECLINE,ZA,Insufficient Funds in Customer Account,State Bank of India,SBI,SMART_PAYMENT_LINK,0.268,LOW,17,0,1,3,2026-08-25T12:42:42.578370
pay_npci_02124,mer_swiggy_inst,Swiggy Instamart Partner,cust_npci_02124,Zoya Rao,zoya.rao89@barodampay,+919828679126,55.59,INR,RECOVERED,RECOVERED,BUSINESS_DECLINE,ZA,Insufficient Funds in Customer Account,Bank of Baroda,BOB,SMART_PAYMENT_LINK,0.2732,LOW,13,0,1,3,2026-08-08T17:50:34.356198
pay_npci_02125,mer_tech_bazaar,Croma TechBazaar,cust_npci_02125,Manish Desai,manish.desai97@hdfcbank,+919868587441,2008.14,INR,RECOVERED,RECOVERED,BUSINESS_DECLINE,ZA,Insufficient Funds in Customer Account,HDFC Bank,HDFC,SMART_PAYMENT_LINK,0.3275,LOW,7,0,1,3,2026-08-26T08:52:54.911155
pay_npci_02126,mer_tech_bazaar,Croma TechBazaar,cust_npci_02126,Aditi Reddy,aditi.reddy26@paytm,+919828949237,2716.46,INR,RECOVERED,RECOVERED,TECHNICAL_DECLINE,U69,Remitter Bank System Unavailable / Switch Error,Paytm Payments Bank,PYTM,DIRECT_GATEWAY_RETRY,0.02,LOW,8,0,1,3,2026-08-16T08:52:21.019188
pay_npci_02127,mer_tech_bazaar,Croma TechBazaar,cust_npci_02127,Aarav Chopra,aarav.chopra22@oksbi,+919882466365,1650.16,INR,FAILED,PENDING,BUSINESS_DECLINE,ZM,Invalid MPIN Entered by Customer,State Bank of India,SBI,CUSTOMER_WHATSAPP_NUDGE,0.3604,MEDIUM,5,0,2,3,2026-08-11T18:44:43.207030
pay_npci_02128,mer_quick_kart,Bharat QuickCommerce,cust_npci_02128,Vivek Gupta,vivek.gupta28@paytm,+919828289149,1017.33,INR,FAILED,IN_REVIEW,BUSINESS_DECLINE,XH,Customer Account Blocked / Frozen / Dormant,Paytm Payments Bank,PYTM,ESCALATE_TO_HUMAN,0.7086,HIGH,5,0,0,3,2026-08-12T11:29:56.284084
pay_npci_02129,mer_tech_bazaar,Croma TechBazaar,cust_npci_02129,Rohan Chopra,rohan.chopra83@barodampay,+919889795198,1565.41,INR,RECOVERED,RECOVERED,TECHNICAL_DECLINE,BT,Issuer Switch Timeout During 2FA Verification,Bank of Baroda,BOB,DIRECT_GATEWAY_RETRY,0.02,LOW,13,0,1,3,2026-08-23T19:25:00.243613
pay_npci_02130,mer_quick_kart,Bharat QuickCommerce,cust_npci_02130,Zoya Nair,zoya.nair58@okaxis,+919860405411,258.01,INR,RECOVERED,RECOVERED,TECHNICAL_DECLINE,U69,Remitter Bank System Unavailable / Switch Error,Axis Bank,AXIS,DIRECT_GATEWAY_RETRY,0.0838,LOW,2,0,1,3,2026-08-26T22:52:55.597644
pay_npci_02131,mer_demo_apex,Apex Retail India Ltd,cust_npci_02131,Zoya Kumar,zoya.kumar14@okpnb,+919821665000,365.7,INR,RECOVERED,RECOVERED,TECHNICAL_DECLINE,U69,Remitter Bank System Unavailable / Switch Error,Punjab National Bank,PNB,DIRECT_GATEWAY_RETRY,0.02,LOW,6,0,1,3,2026-08-06T13:55:13.696548
pay_npci_02132,mer_quick_kart,Bharat QuickCommerce,cust_npci_02132,Priya Verma,priya.verma83@icici,+919894724645,67764.53,INR,RECOVERED,RECOVERED,TECHNICAL_DECLINE,U69,Remitter Bank System Unavailable / Switch Error,ICICI Bank,ICICI,DIRECT_GATEWAY_RETRY,0.2438,LOW,3,0,1,3,2026-08-23T10:03:08.681627
pay_npci_02133,mer_swiggy_inst,Swiggy Instamart Partner,cust_npci_02133,Kavita Rao,kavita.rao25@hdfcbank,+919829992031,320.39,INR,RECOVERED,RECOVERED,BUSINESS_DECLINE,ZA,Insufficient Funds in Customer Account,HDFC Bank,HDFC,SMART_PAYMENT_LINK,0.3376,LOW,17,0,1,3,2026-08-20T19:25:23.860293
pay_npci_02134,mer_kirana_net,Desi Kirana Network,cust_npci_02134,Amit Chatterjee,amit.chatterjee79@axisbank,+919894221651,170.97,INR,RECOVERED,RECOVERED,TECHNICAL_DECLINE,BT,Issuer Switch Timeout During 2FA Verification,Axis Bank,AXIS,DIRECT_GATEWAY_RETRY,0.1195,LOW,5,0,1,3,2026-09-04T22:37:30.357978
pay_npci_02135,mer_swiggy_inst,Swiggy Instamart Partner,cust_npci_02135,Vivek Singh,vivek.singh55@hdfcbank,+919820765282,43.47,INR,RECOVERED,RECOVERED,BUSINESS_DECLINE,ZA,Insufficient Funds in Customer Account,HDFC Bank,HDFC,SMART_PAYMENT_LINK,0.3203,LOW,8,0,1,3,2026-08-27T17:24:46.222175
pay_npci_02136,mer_kirana_net,Desi Kirana Network,cust_npci_02136,Zoya Reddy,zoya.reddy48@barodampay,+919882414015,3894.12,INR,RECOVERED,RECOVERED,TECHNICAL_DECLINE,U69,Remitter Bank System Unavailable / Switch Error,Bank of Baroda,BOB,DIRECT_GATEWAY_RETRY,0.02,LOW,10,0,1,3,2026-08-31T22:38:44.049148
pay_npci_02137,mer_tech_bazaar,Croma TechBazaar,cust_npci_02137,Varun Kumar,varun.kumar68@axisbank,+919861037852,26785.75,INR,FAILED,PENDING,BUSINESS_DECLINE,ZM,Invalid MPIN Entered by Customer,Axis Bank,AXIS,CUSTOMER_WHATSAPP_NUDGE,0.4428,MEDIUM,6,0,0,3,2026-08-29T17:18:15.633035
pay_npci_02138,mer_quick_kart,Bharat QuickCommerce,cust_npci_02138,Tanvi Reddy,tanvi.reddy77@oksbi,+919846642283,2396.06,INR,RECOVERED,RECOVERED,BUSINESS_DECLINE,ZA,Insufficient Funds in Customer Account,State Bank of India,SBI,SMART_PAYMENT_LINK,0.3354,LOW,9,0,1,3,2026-08-13T20:46:43.376494
pay_npci_02139,mer_tech_bazaar,Croma TechBazaar,cust_npci_02139,Kiran Sharma,kiran.sharma12@unionbank,+919826099329,2010.03,INR,FAILED,PENDING,BUSINESS_DECLINE,ZA,Insufficient Funds in Customer Account,Union Bank of India,UBI,SMART_PAYMENT_LINK,0.6439,MEDIUM,10,1,0,3,2026-08-21T12:45:50.579347
pay_npci_02140,mer_swiggy_inst,Swiggy Instamart Partner,cust_npci_02140,Pranav Kumar,pranav.kumar83@okpnb,+919850960141,1225.49,INR,FAILED,PENDING,BUSINESS_DECLINE,U19,Daily Per-Transaction or Cumulative Limit Exceeded,Punjab National Bank,PNB,SMART_PAYMENT_LINK,0.4373,MEDIUM,3,0,1,3,2026-08-07T10:40:19.816517
pay_npci_02141,mer_tech_bazaar,Croma TechBazaar,cust_npci_02141,Kavita Gupta,kavita.gupta72@oksbi,+919852221712,4785.58,INR,FAILED,PENDING,BUSINESS_DECLINE,ZA,Insufficient Funds in Customer Account,State Bank of India,SBI,SMART_PAYMENT_LINK,0.6554,MEDIUM,8,1,2,3,2026-08-15T19:46:56.634873
pay_npci_02142,mer_demo_apex,Apex Retail India Ltd,cust_npci_02142,Isha Joshi,isha.joshi57@okaxis,+919875578842,111.25,INR,FAILED,IN_REVIEW,BUSINESS_DECLINE,K1,Suspected Fraud / Excessive Velocity Anomaly,Axis Bank,AXIS,QUARANTINE_FOR_REVIEW,0.98,HIGH,1,1,0,3,2026-09-03T13:26:39.030706
pay_npci_02143,mer_quick_kart,Bharat QuickCommerce,cust_npci_02143,Vivek Banerjee,vivek.banerjee83@okaxis,+919885750500,4117.17,INR,RECOVERED,RECOVERED,TECHNICAL_DECLINE,BT,Issuer Switch Timeout During 2FA Verification,Axis Bank,AXIS,DIRECT_GATEWAY_RETRY,0.1161,LOW,0,0,1,3,2026-08-15T07:04:18.320012
pay_npci_02144,mer_tech_bazaar,Croma TechBazaar,cust_npci_02144,Zoya Gupta,zoya.gupta93@sbi,+919822373295,60010.01,INR,RECOVERED,RECOVERED,TECHNICAL_DECLINE,BT,Issuer Switch Timeout During 2FA Verification,State Bank of India,SBI,DIRECT_GATEWAY_RETRY,0.2157,LOW,11,0,1,3,2026-08-08T15:47:56.285633
pay_npci_02145,mer_tech_bazaar,Croma TechBazaar,cust_npci_02145,Rohan Sharma,rohan.sharma70@okicici,+919873923368,38.71,INR,FAILED,PENDING,BUSINESS_DECLINE,ZA,Insufficient Funds in Customer Account,ICICI Bank,ICICI,SMART_PAYMENT_LINK,0.3966,MEDIUM,5,0,1,3,2026-08-07T05:22:12.942094
pay_npci_02146,mer_kirana_net,Desi Kirana Network,cust_npci_02146,Rohan Nair,rohan.nair36@okicici,+919871288911,1454.84,INR,RECOVERED,RECOVERED,TECHNICAL_DECLINE,U69,Remitter Bank System Unavailable / Switch Error,ICICI Bank,ICICI,DIRECT_GATEWAY_RETRY,0.1315,LOW,3,0,1,3,2026-08-13T14:20:45.564057
pay_npci_02147,mer_quick_kart,Bharat QuickCommerce,cust_npci_02147,Aditi Kumar,aditi.kumar49@okhdfcbank,+919862049859,260.59,INR,FAILED,PENDING,BUSINESS_DECLINE,ZA,Insufficient Funds in Customer Account,HDFC Bank,HDFC,SMART_PAYMENT_LINK,0.3966,MEDIUM,1,0,0,3,2026-09-01T16:18:04.285086
pay_npci_02148,mer_tech_bazaar,Croma TechBazaar,cust_npci_02148,Kiran Verma,kiran.verma87@okpnb,+919815664435,3103.97,INR,FAILED,PENDING,BUSINESS_DECLINE,ZA,Insufficient Funds in Customer Account,Punjab National Bank,PNB,SMART_PAYMENT_LINK,0.339,LOW,10,0,1,3,2026-08-25T13:04:20.738692
pay_npci_02149,mer_tech_bazaar,Croma TechBazaar,cust_npci_02149,Amit Patel,amit.patel38@ybl,+919829774636,3504.31,INR,RECOVERED,RECOVERED,TECHNICAL_DECLINE,U69,Remitter Bank System Unavailable / Switch Error,Yes Bank / PhonePe,YESB,DIRECT_GATEWAY_RETRY,0.02,LOW,16,0,1,3,2026-08-06T14:15:47.126572
pay_npci_02150,mer_kirana_net,Desi Kirana Network,cust_npci_02150,Pooja Kumar,pooja.kumar47@okicici,+919854426771,456.6,INR,FAILED,PENDING,BUSINESS_DECLINE,ZA,Insufficient Funds in Customer Account,ICICI Bank,ICICI,SMART_PAYMENT_LINK,0.4329,MEDIUM,0,0,2,3,2026-08-07T10:43:13.466139
pay_npci_02151,mer_quick_kart,Bharat QuickCommerce,cust_npci_02151,Vivek Rao,vivek.rao30@okpnb,+919884096765,2198.06,INR,RECOVERED,RECOVERED,BUSINESS_DECLINE,ZA,Insufficient Funds in Customer Account,Punjab National Bank,PNB,SMART_PAYMENT_LINK,0.3177,LOW,18,0,1,3,2026-08-27T17:09:16.463638
pay_npci_02152,mer_tech_bazaar,Croma TechBazaar,cust_npci_02152,Amit Patel,amit.patel11@icici,+919878818066,67173.15,INR,RECOVERED,RECOVERED,TECHNICAL_DECLINE,BT,Issuer Switch Timeout During 2FA Verification,ICICI Bank,ICICI,DIRECT_GATEWAY_RETRY,0.1846,LOW,18,0,1,3,2026-08-10T09:37:27.187768
pay_npci_02153,mer_quick_kart,Bharat QuickCommerce,cust_npci_02153,Priya Kulkarni,priya.kulkarni84@barodampay,+919851420621,439.63,INR,RECOVERED,RECOVERED,BUSINESS_DECLINE,ZM,Invalid MPIN Entered by Customer,Bank of Baroda,BOB,CUSTOMER_WHATSAPP_NUDGE,0.2483,LOW,17,0,1,3,2026-08-26T14:01:39.483229
pay_npci_02154,mer_kirana_net,Desi Kirana Network,cust_npci_02154,Vivek Singh,vivek.singh64@okhdfcbank,+919835298103,74596.29,INR,FAILED,PENDING,BUSINESS_DECLINE,ZM,Invalid MPIN Entered by Customer,HDFC Bank,HDFC,CUSTOMER_WHATSAPP_NUDGE,0.5418,MEDIUM,0,0,1,3,2026-08-24T20:06:21.842586
pay_npci_02155,mer_demo_apex,Apex Retail India Ltd,cust_npci_02155,Sneha Kumar,sneha.kumar65@okpnb,+919875966574,68.32,INR,RECOVERED,RECOVERED,BUSINESS_DECLINE,ZA,Insufficient Funds in Customer Account,Punjab National Bank,PNB,SMART_PAYMENT_LINK,0.275,LOW,6,0,1,3,2026-08-06T12:57:39.334851
pay_npci_02156,mer_demo_apex,Apex Retail India Ltd,cust_npci_02156,Pooja Patel,pooja.patel45@sbi,+919826359874,4411.47,INR,RECOVERED,RECOVERED,TECHNICAL_DECLINE,U69,Remitter Bank System Unavailable / Switch Error,State Bank of India,SBI,DIRECT_GATEWAY_RETRY,0.02,LOW,9,0,1,3,2026-08-22T12:01:41.106950
pay_npci_02157,mer_kirana_net,Desi Kirana Network,cust_npci_02157,Rohan Chatterjee,rohan.chatterjee10@oksbi,+919877837930,4543.05,INR,FAILED,PENDING,BUSINESS_DECLINE,XH,Customer Account Blocked / Frozen / Dormant,State Bank of India,SBI,ESCALATE_TO_HUMAN,0.5989,MEDIUM,17,0,1,3,2026-08-14T12:12:49.389078
pay_npci_02158,mer_tech_bazaar,Croma TechBazaar,cust_npci_02158,Sanjay Singh,sanjay.singh79@sbi,+919855250349,2388.08,INR,RECOVERED,RECOVERED,TECHNICAL_DECLINE,U69,Remitter Bank System Unavailable / Switch Error,State Bank of India,SBI,DIRECT_GATEWAY_RETRY,0.02,LOW,13,0,1,3,2026-08-25T18:42:55.442404
pay_npci_02159,mer_demo_apex,Apex Retail India Ltd,cust_npci_02159,Varun Singh,varun.singh66@okicici,+919818784278,194.21,INR,FAILED,PENDING,BUSINESS_DECLINE,U19,Daily Per-Transaction or Cumulative Limit Exceeded,ICICI Bank,ICICI,SMART_PAYMENT_LINK,0.3617,MEDIUM,9,0,2,3,2026-08-20T16:23:37.138123
pay_npci_02160,mer_tech_bazaar,Croma TechBazaar,cust_npci_02160,Varun Nair,varun.nair77@okpnb,+919883871025,575.04,INR,RECOVERED,RECOVERED,BUSINESS_DECLINE,ZA,Insufficient Funds in Customer Account,Punjab National Bank,PNB,SMART_PAYMENT_LINK,0.2848,LOW,14,0,1,3,2026-08-25T18:06:57.283212
pay_npci_02161,mer_tech_bazaar,Croma TechBazaar,cust_npci_02161,Aarav Patel,aarav.patel73@okhdfcbank,+919838505690,1066.99,INR,FAILED,PENDING,BUSINESS_DECLINE,ZM,Invalid MPIN Entered by Customer,HDFC Bank,HDFC,CUSTOMER_WHATSAPP_NUDGE,0.3747,MEDIUM,5,0,0,3,2026-08-22T18:39:01.893811
pay_npci_02162,mer_kirana_net,Desi Kirana Network,cust_npci_02162,Kiran Kumar,kiran.kumar44@paytm,+919819359212,205.59,INR,RECOVERED,RECOVERED,TECHNICAL_DECLINE,U69,Remitter Bank System Unavailable / Switch Error,Paytm Payments Bank,PYTM,DIRECT_GATEWAY_RETRY,0.1376,LOW,0,0,1,3,2026-08-06T11:16:42.454217
pay_npci_02163,mer_tech_bazaar,Croma TechBazaar,cust_npci_02163,Priya Rao,priya.rao19@oksbi,+919810067625,89.31,INR,RECOVERED,RECOVERED,BUSINESS_DECLINE,U19,Daily Per-Transaction or Cumulative Limit Exceeded,State Bank of India,SBI,SMART_PAYMENT_LINK,0.3302,LOW,18,0,1,3,2026-08-10T18:45:42.821637
pay_npci_02164,mer_quick_kart,Bharat QuickCommerce,cust_npci_02164,Neha Nair,neha.nair99@okicici,+919872757277,37136.56,INR,RECOVERED,RECOVERED,TECHNICAL_DECLINE,U69,Remitter Bank System Unavailable / Switch Error,ICICI Bank,ICICI,DIRECT_GATEWAY_RETRY,0.1956,LOW,11,0,1,3,2026-08-28T05:14:57.512616
pay_npci_02165,mer_demo_apex,Apex Retail India Ltd,cust_npci_02165,Vivek Banerjee,vivek.banerjee94@ybl,+919882960532,4065.68,INR,RECOVERED,RECOVERED,TECHNICAL_DECLINE,U69,Remitter Bank System Unavailable / Switch Error,Yes Bank / PhonePe,YESB,DIRECT_GATEWAY_RETRY,0.02,LOW,13,0,1,3,2026-09-02T12:54:34.686190
pay_npci_02166,mer_swiggy_inst,Swiggy Instamart Partner,cust_npci_02166,Zoya Desai,zoya.desai61@okaxis,+919838435406,321.55,INR,FAILED,PENDING,BUSINESS_DECLINE,ZM,Invalid MPIN Entered by Customer,Axis Bank,AXIS,CUSTOMER_WHATSAPP_NUDGE,0.6911,MEDIUM,5,1,1,3,2026-09-01T17:40:25.189854
pay_npci_02167,mer_kirana_net,Desi Kirana Network,cust_npci_02167,Pooja Sharma,pooja.sharma60@icici,+919895900306,30590.45,INR,FAILED,PENDING,TECHNICAL_DECLINE,U69,Remitter Bank System Unavailable / Switch Error,ICICI Bank,ICICI,DIRECT_GATEWAY_RETRY,0.5192,MEDIUM,7,1,0,3,2026-08-08T13:48:28.271192
pay_npci_02168,mer_quick_kart,Bharat QuickCommerce,cust_npci_02168,Kiran Rao,kiran.rao42@barodampay,+919823406952,3419.76,INR,FAILED,PENDING,TECHNICAL_DECLINE,U69,Remitter Bank System Unavailable / Switch Error,Bank of Baroda,BOB,DIRECT_GATEWAY_RETRY,0.02,LOW,8,0,2,3,2026-08-19T11:50:54.838456
pay_npci_02169,mer_demo_apex,Apex Retail India Ltd,cust_npci_02169,Zoya Banerjee,zoya.banerjee14@sbi,+919816494555,141.21,INR,FAILED,PENDING,BUSINESS_DECLINE,ZA,Insufficient Funds in Customer Account,State Bank of India,SBI,SMART_PAYMENT_LINK,0.4554,MEDIUM,3,0,1,3,2026-08-13T19:37:57.781479
pay_npci_02170,mer_demo_apex,Apex Retail India Ltd,cust_npci_02170,Aditi Chatterjee,aditi.chatterjee20@okpnb,+919864566470,31.53,INR,FAILED,PENDING,BUSINESS_DECLINE,ZM,Invalid MPIN Entered by Customer,Punjab National Bank,PNB,CUSTOMER_WHATSAPP_NUDGE,0.284,LOW,11,0,2,3,2026-08-18T08:38:08.666485
pay_npci_02171,mer_swiggy_inst,Swiggy Instamart Partner,cust_npci_02171,Aarav Kulkarni,aarav.kulkarni36@unionbank,+919820277181,187.17,INR,RECOVERED,RECOVERED,BUSINESS_DECLINE,ZM,Invalid MPIN Entered by Customer,Union Bank of India,UBI,CUSTOMER_WHATSAPP_NUDGE,0.2746,LOW,8,0,1,3,2026-08-31T09:14:24.164895
pay_npci_02172,mer_quick_kart,Bharat QuickCommerce,cust_npci_02172,Rahul Verma,rahul.verma27@unionbank,+919847079050,74480.57,INR,RECOVERED,RECOVERED,TECHNICAL_DECLINE,BT,Issuer Switch Timeout During 2FA Verification,Union Bank of India,UBI,DIRECT_GATEWAY_RETRY,0.3141,LOW,1,0,1,3,2026-08-06T09:34:37.618448
pay_npci_02173,mer_tech_bazaar,Croma TechBazaar,cust_npci_02173,Deepak Desai,deepak.desai51@kotak,+919872600126,488.67,INR,FAILED,PENDING,BUSINESS_DECLINE,XH,Customer Account Blocked / Frozen / Dormant,Kotak Mahindra Bank,KKBK,ESCALATE_TO_HUMAN,0.5298,MEDIUM,7,0,1,3,2026-08-31T12:06:00.943067
pay_npci_02174,mer_tech_bazaar,Croma TechBazaar,cust_npci_02174,Rahul Sharma,rahul.sharma87@hdfcbank,+919820405564,2515.89,INR,FAILED,PENDING,BUSINESS_DECLINE,U19,Daily Per-Transaction or Cumulative Limit Exceeded,HDFC Bank,HDFC,SMART_PAYMENT_LINK,0.6923,MEDIUM,18,1,2,3,2026-09-03T10:42:12.059688
pay_npci_02175,mer_demo_apex,Apex Retail India Ltd,cust_npci_02175,Varun Verma,varun.verma82@okaxis,+919866748835,101.74,INR,RECOVERED,RECOVERED,BUSINESS_DECLINE,ZA,Insufficient Funds in Customer Account,Axis Bank,AXIS,SMART_PAYMENT_LINK,0.34,LOW,16,0,1,3,2026-08-26T11:30:25.598558
pay_npci_02176,mer_demo_apex,Apex Retail India Ltd,cust_npci_02176,Rohan Chatterjee,rohan.chatterjee56@unionbank,+919817738589,384.67,INR,FAILED,PENDING,BUSINESS_DECLINE,U19,Daily Per-Transaction or Cumulative Limit Exceeded,Union Bank of India,UBI,SMART_PAYMENT_LINK,0.4667,MEDIUM,2,0,0,3,2026-09-02T18:19:16.068528
pay_npci_02177,mer_demo_apex,Apex Retail India Ltd,cust_npci_02177,Gaurav Reddy,gaurav.reddy33@okaxis,+919884614612,58898.23,INR,FAILED,PENDING,BUSINESS_DECLINE,ZM,Invalid MPIN Entered by Customer,Axis Bank,AXIS,CUSTOMER_WHATSAPP_NUDGE,0.5683,MEDIUM,0,0,1,3,2026-08-27T09:20:15.528440
pay_npci_02178,mer_quick_kart,Bharat QuickCommerce,cust_npci_02178,Gaurav Kulkarni,gaurav.kulkarni55@paytm,+919810450515,254.54,INR,FAILED,PENDING,BUSINESS_DECLINE,ZA,Insufficient Funds in Customer Account,Paytm Payments Bank,PYTM,SMART_PAYMENT_LINK,0.2844,LOW,16,0,2,3,2026-08-11T09:38:56.714461
pay_npci_02179,mer_demo_apex,Apex Retail India Ltd,cust_npci_02179,Deepak Gupta,deepak.gupta65@hdfcbank,+919873568103,998.23,INR,RECOVERED,RECOVERED,BUSINESS_DECLINE,ZA,Insufficient Funds in Customer Account,HDFC Bank,HDFC,SMART_PAYMENT_LINK,0.2874,LOW,7,0,1,3,2026-09-04T14:18:02.985935
pay_npci_02180,mer_demo_apex,Apex Retail India Ltd,cust_npci_02180,Deepak Singh,deepak.singh95@sbi,+919854516125,1877.85,INR,RECOVERED,RECOVERED,BUSINESS_DECLINE,ZM,Invalid MPIN Entered by Customer,State Bank of India,SBI,CUSTOMER_WHATSAPP_NUDGE,0.3444,LOW,5,0,1,3,2026-08-27T12:32:11.452539
pay_npci_02181,mer_swiggy_inst,Swiggy Instamart Partner,cust_npci_02181,Pooja Kumar,pooja.kumar99@kmbl,+919885411803,1613.36,INR,FAILED,PENDING,BUSINESS_DECLINE,XH,Customer Account Blocked / Frozen / Dormant,Kotak Mahindra Bank,KKBK,ESCALATE_TO_HUMAN,0.5959,MEDIUM,14,0,2,3,2026-08-27T08:59:50.562781
pay_npci_02182,mer_tech_bazaar,Croma TechBazaar,cust_npci_02182,Vivek Chatterjee,vivek.chatterjee66@unionbank,+919883245658,854.68,INR,FAILED,PENDING,BUSINESS_DECLINE,ZA,Insufficient Funds in Customer Account,Union Bank of India,UBI,SMART_PAYMENT_LINK,0.6186,MEDIUM,8,1,0,3,2026-08-11T21:31:12.820244
pay_npci_02183,mer_swiggy_inst,Swiggy Instamart Partner,cust_npci_02183,Gaurav Reddy,gaurav.reddy18@barodampay,+919854682820,2313.19,INR,RECOVERED,RECOVERED,BUSINESS_DECLINE,ZA,Insufficient Funds in Customer Account,Bank of Baroda,BOB,SMART_PAYMENT_LINK,0.2773,LOW,7,0,1,3,2026-08-21T13:15:39.642749
pay_npci_02184,mer_swiggy_inst,Swiggy Instamart Partner,cust_npci_02184,Pranav Gupta,pranav.gupta21@oksbi,+919856882311,1906.36,INR,FAILED,PENDING,BUSINESS_DECLINE,ZA,Insufficient Funds in Customer Account,State Bank of India,SBI,SMART_PAYMENT_LINK,0.4022,MEDIUM,0,0,1,3,2026-08-29T18:48:31.181583
pay_npci_02185,mer_tech_bazaar,Croma TechBazaar,cust_npci_02185,Gaurav Sharma,gaurav.sharma15@kotak,+919893123308,62705.04,INR,FAILED,PENDING,TECHNICAL_DECLINE,U30,Beneficiary Bank Timeout After Debit (Ambiguous),Kotak Mahindra Bank,KKBK,STATUS_POLL_VERIFICATION,0.4634,MEDIUM,3,0,0,3,2026-08-15T14:12:30.722099
pay_npci_02186,mer_demo_apex,Apex Retail India Ltd,cust_npci_02186,Deepak Patel,deepak.patel10@oksbi,+919813944541,272.14,INR,RECOVERED,RECOVERED,TECHNICAL_DECLINE,U30,Beneficiary Bank Timeout After Debit (Ambiguous),State Bank of India,SBI,STATUS_POLL_VERIFICATION,0.1968,LOW,12,0,1,3,2026-08-21T20:30:29.924429
pay_npci_02187,mer_swiggy_inst,Swiggy Instamart Partner,cust_npci_02187,Rahul Kulkarni,rahul.kulkarni47@icici,+919811393356,221.17,INR,FAILED,IN_REVIEW,BUSINESS_DECLINE,K1,Suspected Fraud / Excessive Velocity Anomaly,ICICI Bank,ICICI,QUARANTINE_FOR_REVIEW,0.98,HIGH,10,1,0,3,2026-08-16T10:17:47.920881
pay_npci_02188,mer_quick_kart,Bharat QuickCommerce,cust_npci_02188,Aarav Kulkarni,aarav.kulkarni82@barodampay,+919839230978,932.61,INR,FAILED,IN_REVIEW,BUSINESS_DECLINE,K1,Suspected Fraud / Excessive Velocity Anomaly,Bank of Baroda,BOB,QUARANTINE_FOR_REVIEW,0.98,HIGH,6,1,0,3,2026-08-23T16:10:57.631694
pay_npci_02189,mer_tech_bazaar,Croma TechBazaar,cust_npci_02189,Sunil Kumar,sunil.kumar74@hdfcbank,+919825842150,1926.41,INR,RECOVERED,RECOVERED,TECHNICAL_DECLINE,U30,Beneficiary Bank Timeout After Debit (Ambiguous),HDFC Bank,HDFC,STATUS_POLL_VERIFICATION,0.15,LOW,14,0,1,3,2026-08-09T20:11:01.885800
pay_npci_02190,mer_quick_kart,Bharat QuickCommerce,cust_npci_02190,Kavita Patel,kavita.patel23@oksbi,+919890572485,479.77,INR,FAILED,PENDING,BUSINESS_DECLINE,ZA,Insufficient Funds in Customer Account,State Bank of India,SBI,SMART_PAYMENT_LINK,0.4594,MEDIUM,5,0,2,3,2026-08-30T10:02:34.419497
pay_npci_02191,mer_swiggy_inst,Swiggy Instamart Partner,cust_npci_02191,Varun Kumar,varun.kumar24@unionbank,+919884858769,27414.07,INR,RECOVERED,RECOVERED,TECHNICAL_DECLINE,BT,Issuer Switch Timeout During 2FA Verification,Union Bank of India,UBI,DIRECT_GATEWAY_RETRY,0.3272,LOW,0,0,1,3,2026-08-11T14:05:24.701161
pay_npci_02192,mer_kirana_net,Desi Kirana Network,cust_npci_02192,Zoya Kumar,zoya.kumar20@paytm,+919857930162,11157.15,INR,RECOVERED,RECOVERED,TECHNICAL_DECLINE,U69,Remitter Bank System Unavailable / Switch Error,Paytm Payments Bank,PYTM,DIRECT_GATEWAY_RETRY,0.02,LOW,11,0,1,3,2026-08-17T13:10:10.855786
pay_npci_02193,mer_kirana_net,Desi Kirana Network,cust_npci_02193,Tanvi Nair,tanvi.nair19@axisbank,+919857430227,238.7,INR,FAILED,PENDING,BUSINESS_DECLINE,ZA,Insufficient Funds in Customer Account,Axis Bank,AXIS,SMART_PAYMENT_LINK,0.4193,MEDIUM,5,0,2,3,2026-08-09T17:20:13.227325
pay_npci_02194,mer_quick_kart,Bharat QuickCommerce,cust_npci_02194,Gaurav Sharma,gaurav.sharma46@icici,+919875270596,125.34,INR,FAILED,IN_REVIEW,BUSINESS_DECLINE,ZM,Invalid MPIN Entered by Customer,ICICI Bank,ICICI,CUSTOMER_WHATSAPP_NUDGE,0.7344,HIGH,0,1,1,3,2026-08-25T19:47:39.407029
pay_npci_02195,mer_tech_bazaar,Croma TechBazaar,cust_npci_02195,Sanjay Joshi,sanjay.joshi49@oksbi,+919884809234,67.72,INR,RECOVERED,RECOVERED,BUSINESS_DECLINE,U19,Daily Per-Transaction or Cumulative Limit Exceeded,State Bank of India,SBI,SMART_PAYMENT_LINK,0.2903,LOW,14,0,1,3,2026-09-04T11:47:46.582054
pay_npci_02196,mer_swiggy_inst,Swiggy Instamart Partner,cust_npci_02196,Sneha Sharma,sneha.sharma17@okpnb,+919827794123,396.71,INR,RECOVERED,RECOVERED,BUSINESS_DECLINE,ZA,Insufficient Funds in Customer Account,Punjab National Bank,PNB,SMART_PAYMENT_LINK,0.3036,LOW,17,0,1,3,2026-08-12T17:13:20.274344
pay_npci_02197,mer_tech_bazaar,Croma TechBazaar,cust_npci_02197,Sneha Singh,sneha.singh19@sbi,+919821970034,490.2,INR,RECOVERED,RECOVERED,TECHNICAL_DECLINE,U69,Remitter Bank System Unavailable / Switch Error,State Bank of India,SBI,DIRECT_GATEWAY_RETRY,0.0882,LOW,5,0,1,3,2026-08-31T19:20:53.340594
pay_npci_02198,mer_demo_apex,Apex Retail India Ltd,cust_npci_02198,Sanjay Gupta,sanjay.gupta23@sbi,+919878218376,4170.07,INR,FAILED,PENDING,TECHNICAL_DECLINE,U30,Beneficiary Bank Timeout After Debit (Ambiguous),State Bank of India,SBI,STATUS_POLL_VERIFICATION,0.3288,LOW,5,0,1,3,2026-08-06T14:26:52.504928
pay_npci_02199,mer_kirana_net,Desi Kirana Network,cust_npci_02199,Vikram Patel,vikram.patel35@icici,+919812319146,2933.8,INR,FAILED,PENDING,BUSINESS_DECLINE,XH,Customer Account Blocked / Frozen / Dormant,ICICI Bank,ICICI,ESCALATE_TO_HUMAN,0.645,MEDIUM,5,0,2,3,2026-08-09T12:51:00.087065
pay_npci_02200,mer_demo_apex,Apex Retail India Ltd,cust_npci_02200,Kiran Chatterjee,kiran.chatterjee82@oksbi,+919849898997,280.73,INR,RECOVERED,RECOVERED,BUSINESS_DECLINE,ZA,Insufficient Funds in Customer Account,State Bank of India,SBI,SMART_PAYMENT_LINK,0.3358,LOW,12,0,1,3,2026-08-09T05:14:08.182721
pay_npci_02201,mer_tech_bazaar,Croma TechBazaar,cust_npci_02201,Aditi Reddy,aditi.reddy87@oksbi,+919880206261,57780.93,INR,FAILED,PENDING,TECHNICAL_DECLINE,U30,Beneficiary Bank Timeout After Debit (Ambiguous),State Bank of India,SBI,STATUS_POLL_VERIFICATION,0.4582,MEDIUM,0,0,2,3,2026-08-07T19:06:56.446706
pay_npci_02202,mer_swiggy_inst,Swiggy Instamart Partner,cust_npci_02202,Vivek Patel,vivek.patel67@okpnb,+919859067661,4688.97,INR,FAILED,IN_REVIEW,BUSINESS_DECLINE,ZA,Insufficient Funds in Customer Account,Punjab National Bank,PNB,SMART_PAYMENT_LINK,0.7876,HIGH,1,1,1,3,2026-08-26T20:53:50.933807
pay_npci_02203,mer_kirana_net,Desi Kirana Network,cust_npci_02203,Deepak Chatterjee,deepak.chatterjee98@hdfcbank,+919813794407,440.53,INR,RECOVERED,RECOVERED,BUSINESS_DECLINE,ZM,Invalid MPIN Entered by Customer,HDFC Bank,HDFC,CUSTOMER_WHATSAPP_NUDGE,0.3425,LOW,1,0,1,3,2026-08-31T12:31:39.252752
pay_npci_02204,mer_kirana_net,Desi Kirana Network,cust_npci_02204,Aditi Kumar,aditi.kumar21@okpnb,+919833917021,840.48,INR,RECOVERED,RECOVERED,BUSINESS_DECLINE,U19,Daily Per-Transaction or Cumulative Limit Exceeded,Punjab National Bank,PNB,SMART_PAYMENT_LINK,0.2901,LOW,11,0,1,3,2026-08-13T20:51:18.529310
pay_npci_02205,mer_kirana_net,Desi Kirana Network,cust_npci_02205,Tanvi Reddy,tanvi.reddy10@axisbank,+919845510799,4696.24,INR,RECOVERED,RECOVERED,TECHNICAL_DECLINE,U69,Remitter Bank System Unavailable / Switch Error,Axis Bank,AXIS,DIRECT_GATEWAY_RETRY,0.02,LOW,18,0,1,3,2026-09-04T19:14:51.950509
pay_npci_02206,mer_quick_kart,Bharat QuickCommerce,cust_npci_02206,Amit Verma,amit.verma23@okpnb,+919822187724,55888.86,INR,FAILED,PENDING,BUSINESS_DECLINE,ZA,Insufficient Funds in Customer Account,Punjab National Bank,PNB,SMART_PAYMENT_LINK,0.4526,MEDIUM,18,0,2,3,2026-09-02T16:03:03.801729
pay_npci_02207,mer_demo_apex,Apex Retail India Ltd,cust_npci_02207,Rohan Patel,rohan.patel19@barodampay,+919813524679,3448.23,INR,FAILED,PENDING,TECHNICAL_DECLINE,BT,Issuer Switch Timeout During 2FA Verification,Bank of Baroda,BOB,DIRECT_GATEWAY_RETRY,0.1462,LOW,3,0,1,3,2026-08-06T19:05:51.332985
pay_npci_02208,mer_demo_apex,Apex Retail India Ltd,cust_npci_02208,Rohan Verma,rohan.verma56@okpnb,+919868575326,4516.93,INR,RECOVERED,RECOVERED,BUSINESS_DECLINE,U19,Daily Per-Transaction or Cumulative Limit Exceeded,Punjab National Bank,PNB,SMART_PAYMENT_LINK,0.2974,LOW,8,0,1,3,2026-08-20T20:40:02.004170
pay_npci_02209,mer_kirana_net,Desi Kirana Network,cust_npci_02209,Pooja Verma,pooja.verma33@hdfcbank,+919881078356,111.7,INR,FAILED,PENDING,BUSINESS_DECLINE,ZM,Invalid MPIN Entered by Customer,HDFC Bank,HDFC,CUSTOMER_WHATSAPP_NUDGE,0.3833,MEDIUM,3,0,2,3,2026-08-05T16:18:02.155499
pay_npci_02210,mer_swiggy_inst,Swiggy Instamart Partner,cust_npci_02210,Rohan Nair,rohan.nair12@paytm,+919887449831,52.41,INR,FAILED,PENDING,BUSINESS_DECLINE,XH,Customer Account Blocked / Frozen / Dormant,Paytm Payments Bank,PYTM,ESCALATE_TO_HUMAN,0.5994,MEDIUM,11,0,2,3,2026-08-19T20:30:04.231172
pay_npci_02211,mer_kirana_net,Desi Kirana Network,cust_npci_02211,Neha Reddy,neha.reddy89@okicici,+919842014640,190.52,INR,RECOVERED,RECOVERED,BUSINESS_DECLINE,ZA,Insufficient Funds in Customer Account,ICICI Bank,ICICI,SMART_PAYMENT_LINK,0.2719,LOW,15,0,1,3,2026-08-12T08:25:05.764636
pay_npci_02212,mer_tech_bazaar,Croma TechBazaar,cust_npci_02212,Kiran Nair,kiran.nair18@ybl,+919860633743,469.66,INR,RECOVERED,RECOVERED,TECHNICAL_DECLINE,U30,Beneficiary Bank Timeout After Debit (Ambiguous),Yes Bank / PhonePe,YESB,STATUS_POLL_VERIFICATION,0.194,LOW,12,0,1,3,2026-08-23T20:37:26.610904
pay_npci_02213,mer_demo_apex,Apex Retail India Ltd,cust_npci_02213,Gaurav Joshi,gaurav.joshi18@hdfcbank,+919816236449,3112.07,INR,RECOVERED,RECOVERED,TECHNICAL_DECLINE,U69,Remitter Bank System Unavailable / Switch Error,HDFC Bank,HDFC,DIRECT_GATEWAY_RETRY,0.02,LOW,6,0,1,3,2026-08-30T13:03:18.018007
pay_npci_02214,mer_kirana_net,Desi Kirana Network,cust_npci_02214,Deepak Patel,deepak.patel66@okaxis,+919845789328,438.89,INR,RECOVERED,RECOVERED,BUSINESS_DECLINE,ZA,Insufficient Funds in Customer Account,Axis Bank,AXIS,SMART_PAYMENT_LINK,0.2818,LOW,10,0,1,3,2026-08-11T12:10:39.993267
pay_npci_02215,mer_swiggy_inst,Swiggy Instamart Partner,cust_npci_02215,Tanvi Singh,tanvi.singh65@oksbi,+919864908052,1421.77,INR,RECOVERED,RECOVERED,TECHNICAL_DECLINE,BT,Issuer Switch Timeout During 2FA Verification,State Bank of India,SBI,DIRECT_GATEWAY_RETRY,0.043,LOW,16,0,1,3,2026-08-19T21:06:51.869395
pay_npci_02216,mer_kirana_net,Desi Kirana Network,cust_npci_02216,Isha Desai,isha.desai28@paytm,+919881920510,169.3,INR,FAILED,PENDING,BUSINESS_DECLINE,XH,Customer Account Blocked / Frozen / Dormant,Paytm Payments Bank,PYTM,ESCALATE_TO_HUMAN,0.5547,MEDIUM,16,0,2,3,2026-08-25T17:20:14.240803
pay_npci_02217,mer_swiggy_inst,Swiggy Instamart Partner,cust_npci_02217,Deepak Nair,deepak.nair97@icici,+919821891174,3059.92,INR,RECOVERED,RECOVERED,TECHNICAL_DECLINE,BT,Issuer Switch Timeout During 2FA Verification,ICICI Bank,ICICI,DIRECT_GATEWAY_RETRY,0.02,LOW,12,0,1,3,2026-08-25T12:02:19.992947
pay_npci_02218,mer_tech_bazaar,Croma TechBazaar,cust_npci_02218,Vikram Reddy,vikram.reddy20@barodampay,+919824841132,4413.04,INR,RECOVERED,RECOVERED,TECHNICAL_DECLINE,BT,Issuer Switch Timeout During 2FA Verification,Bank of Baroda,BOB,DIRECT_GATEWAY_RETRY,0.1277,LOW,1,0,1,3,2026-08-19T20:27:21.691616
pay_npci_02219,mer_demo_apex,Apex Retail India Ltd,cust_npci_02219,Pranav Sharma,pranav.sharma38@sbi,+919884132340,2566.32,INR,RECOVERED,RECOVERED,BUSINESS_DECLINE,ZM,Invalid MPIN Entered by Customer,State Bank of India,SBI,CUSTOMER_WHATSAPP_NUDGE,0.2927,LOW,11,0,1,3,2026-08-14T13:10:30.438017
pay_npci_02220,mer_tech_bazaar,Croma TechBazaar,cust_npci_02220,Pooja Sharma,pooja.sharma51@okicici,+919814230268,176.74,INR,FAILED,PENDING,BUSINESS_DECLINE,XH,Customer Account Blocked / Frozen / Dormant,ICICI Bank,ICICI,ESCALATE_TO_HUMAN,0.5536,MEDIUM,8,0,0,3,2026-08-13T08:51:50.298394
pay_npci_02221,mer_kirana_net,Desi Kirana Network,cust_npci_02221,Manish Desai,manish.desai62@sbi,+919841831196,206.74,INR,FAILED,PENDING,BUSINESS_DECLINE,ZM,Invalid MPIN Entered by Customer,State Bank of India,SBI,CUSTOMER_WHATSAPP_NUDGE,0.3715,MEDIUM,1,0,0,3,2026-09-04T10:59:50.893287
pay_npci_02222,mer_swiggy_inst,Swiggy Instamart Partner,cust_npci_02222,Rahul Chopra,rahul.chopra51@sbi,+919847464547,309.41,INR,FAILED,PENDING,BUSINESS_DECLINE,ZA,Insufficient Funds in Customer Account,State Bank of India,SBI,SMART_PAYMENT_LINK,0.6723,MEDIUM,8,1,2,3,2026-08-16T19:11:37.942998
pay_npci_02223,mer_swiggy_inst,Swiggy Instamart Partner,cust_npci_02223,Rohan Chatterjee,rohan.chatterjee42@paytm,+919845850399,403.22,INR,RECOVERED,RECOVERED,TECHNICAL_DECLINE,U69,Remitter Bank System Unavailable / Switch Error,Paytm Payments Bank,PYTM,DIRECT_GATEWAY_RETRY,0.1291,LOW,4,0,1,3,2026-08-06T10:49:53.738758
pay_npci_02224,mer_quick_kart,Bharat QuickCommerce,cust_npci_02224,Amit Joshi,amit.joshi47@oksbi,+919869305506,32.94,INR,RECOVERED,RECOVERED,TECHNICAL_DECLINE,U69,Remitter Bank System Unavailable / Switch Error,State Bank of India,SBI,DIRECT_GATEWAY_RETRY,0.0614,LOW,3,0,1,3,2026-08-13T11:00:45.074023
pay_npci_02225,mer_kirana_net,Desi Kirana Network,cust_npci_02225,Aarav Nair,aarav.nair40@paytm,+919897545749,3638.94,INR,RECOVERED,RECOVERED,BUSINESS_DECLINE,ZA,Insufficient Funds in Customer Account,Paytm Payments Bank,PYTM,SMART_PAYMENT_LINK,0.2706,LOW,7,0,1,3,2026-08-31T17:08:31.678851
pay_npci_02226,mer_demo_apex,Apex Retail India Ltd,cust_npci_02226,Gaurav Kulkarni,gaurav.kulkarni51@okaxis,+919816045603,2830.57,INR,RECOVERED,RECOVERED,TECHNICAL_DECLINE,BT,Issuer Switch Timeout During 2FA Verification,Axis Bank,AXIS,DIRECT_GATEWAY_RETRY,0.1424,LOW,0,0,1,3,2026-08-22T21:09:28.717390
pay_npci_02227,mer_swiggy_inst,Swiggy Instamart Partner,cust_npci_02227,Kavita Sharma,kavita.sharma54@oksbi,+919850640736,2081.92,INR,RECOVERED,RECOVERED,TECHNICAL_DECLINE,U69,Remitter Bank System Unavailable / Switch Error,State Bank of India,SBI,DIRECT_GATEWAY_RETRY,0.02,LOW,13,0,1,3,2026-08-31T19:08:50.920656
pay_npci_02228,mer_swiggy_inst,Swiggy Instamart Partner,cust_npci_02228,Gaurav Gupta,gaurav.gupta89@barodampay,+919836377813,1470.69,INR,RECOVERED,RECOVERED,TECHNICAL_DECLINE,U30,Beneficiary Bank Timeout After Debit (Ambiguous),Bank of Baroda,BOB,STATUS_POLL_VERIFICATION,0.2108,LOW,9,0,1,3,2026-08-28T14:59:24.121252
pay_npci_02229,mer_kirana_net,Desi Kirana Network,cust_npci_02229,Varun Singh,varun.singh64@okhdfcbank,+919846328981,79.16,INR,RECOVERED,RECOVERED,TECHNICAL_DECLINE,U69,Remitter Bank System Unavailable / Switch Error,HDFC Bank,HDFC,DIRECT_GATEWAY_RETRY,0.0675,LOW,2,0,1,3,2026-08-15T12:22:13.324125
pay_npci_02230,mer_tech_bazaar,Croma TechBazaar,cust_npci_02230,Sanjay Patel,sanjay.patel56@oksbi,+919813318504,768.89,INR,RECOVERED,RECOVERED,TECHNICAL_DECLINE,BT,Issuer Switch Timeout During 2FA Verification,State Bank of India,SBI,DIRECT_GATEWAY_RETRY,0.02,LOW,6,0,1,3,2026-08-28T13:10:22.426217
pay_npci_02231,mer_kirana_net,Desi Kirana Network,cust_npci_02231,Vikram Desai,vikram.desai10@sbi,+919855030862,98.84,INR,RECOVERED,RECOVERED,BUSINESS_DECLINE,ZM,Invalid MPIN Entered by Customer,State Bank of India,SBI,CUSTOMER_WHATSAPP_NUDGE,0.2751,LOW,7,0,1,3,2026-08-18T11:33:25.063623
pay_npci_02232,mer_demo_apex,Apex Retail India Ltd,cust_npci_02232,Rohan Desai,rohan.desai85@okaxis,+919869263873,24.0,INR,RECOVERED,RECOVERED,TECHNICAL_DECLINE,BT,Issuer Switch Timeout During 2FA Verification,Axis Bank,AXIS,DIRECT_GATEWAY_RETRY,0.02,LOW,8,0,1,3,2026-08-09T11:32:41.949581
pay_npci_02233,mer_tech_bazaar,Croma TechBazaar,cust_npci_02233,Gaurav Verma,gaurav.verma21@sbi,+919869122936,66520.77,INR,FAILED,PENDING,BUSINESS_DECLINE,ZA,Insufficient Funds in Customer Account,State Bank of India,SBI,SMART_PAYMENT_LINK,0.4537,MEDIUM,15,0,1,3,2026-08-07T13:59:46.905078
pay_npci_02234,mer_demo_apex,Apex Retail India Ltd,cust_npci_02234,Neha Gupta,neha.gupta26@okaxis,+919862108480,390.12,INR,RECOVERED,RECOVERED,TECHNICAL_DECLINE,BT,Issuer Switch Timeout During 2FA Verification,Axis Bank,AXIS,DIRECT_GATEWAY_RETRY,0.0373,LOW,7,0,1,3,2026-08-28T11:30:28.911135
pay_npci_02235,mer_kirana_net,Desi Kirana Network,cust_npci_02235,Manish Mehta,manish.mehta41@oksbi,+919886755592,1172.28,INR,RECOVERED,RECOVERED,BUSINESS_DECLINE,ZA,Insufficient Funds in Customer Account,State Bank of India,SBI,SMART_PAYMENT_LINK,0.261,LOW,11,0,1,3,2026-08-08T13:14:19.894180
pay_npci_02236,mer_kirana_net,Desi Kirana Network,cust_npci_02236,Zoya Chatterjee,zoya.chatterjee41@kotak,+919869844270,228.97,INR,FAILED,PENDING,BUSINESS_DECLINE,U19,Daily Per-Transaction or Cumulative Limit Exceeded,Kotak Mahindra Bank,KKBK,SMART_PAYMENT_LINK,0.4716,MEDIUM,4,0,0,3,2026-08-14T21:15:55.248623
pay_npci_02237,mer_quick_kart,Bharat QuickCommerce,cust_npci_02237,Aarav Singh,aarav.singh32@okpnb,+919882780699,24622.92,INR,RECOVERED,RECOVERED,TECHNICAL_DECLINE,U30,Beneficiary Bank Timeout After Debit (Ambiguous),Punjab National Bank,PNB,STATUS_POLL_VERIFICATION,0.2121,LOW,16,0,1,3,2026-08-14T20:13:10.869148
pay_npci_02238,mer_tech_bazaar,Croma TechBazaar,cust_npci_02238,Rahul Rao,rahul.rao73@ibl,+919862035783,6523.08,INR,FAILED,PENDING,BUSINESS_DECLINE,ZM,Invalid MPIN Entered by Customer,Yes Bank / PhonePe,YESB,CUSTOMER_WHATSAPP_NUDGE,0.376,MEDIUM,2,0,1,3,2026-08-07T22:50:31.034660
pay_npci_02239,mer_kirana_net,Desi Kirana Network,cust_npci_02239,Priya Sharma,priya.sharma55@paytm,+919812625734,119.01,INR,FAILED,PENDING,BUSINESS_DECLINE,ZM,Invalid MPIN Entered by Customer,Paytm Payments Bank,PYTM,CUSTOMER_WHATSAPP_NUDGE,0.3473,LOW,0,0,0,3,2026-08-07T21:05:26.651338
pay_npci_02240,mer_demo_apex,Apex Retail India Ltd,cust_npci_02240,Rahul Gupta,rahul.gupta12@okhdfcbank,+919839078462,14024.53,INR,FAILED,IN_REVIEW,BUSINESS_DECLINE,ZA,Insufficient Funds in Customer Account,HDFC Bank,HDFC,SMART_PAYMENT_LINK,0.8099,HIGH,3,1,0,3,2026-09-04T12:33:35.459750
pay_npci_02241,mer_kirana_net,Desi Kirana Network,cust_npci_02241,Pranav Kulkarni,pranav.kulkarni52@hdfcbank,+919861603580,345.56,INR,FAILED,PENDING,BUSINESS_DECLINE,ZA,Insufficient Funds in Customer Account,HDFC Bank,HDFC,SMART_PAYMENT_LINK,0.4342,MEDIUM,3,0,0,3,2026-08-17T22:19:06.138062
pay_npci_02242,mer_swiggy_inst,Swiggy Instamart Partner,cust_npci_02242,Rohan Nair,rohan.nair47@okaxis,+919890017230,49400.81,INR,FAILED,PENDING,TECHNICAL_DECLINE,U69,Remitter Bank System Unavailable / Switch Error,Axis Bank,AXIS,DIRECT_GATEWAY_RETRY,0.1971,LOW,7,0,0,3,2026-08-26T13:14:52.973725
pay_npci_02243,mer_demo_apex,Apex Retail India Ltd,cust_npci_02243,Sanjay Patel,sanjay.patel63@oksbi,+919856060307,3162.69,INR,RECOVERED,RECOVERED,BUSINESS_DECLINE,U19,Daily Per-Transaction or Cumulative Limit Exceeded,State Bank of India,SBI,SMART_PAYMENT_LINK,0.3055,LOW,15,0,1,3,2026-08-11T19:05:24.147345
pay_npci_02244,mer_swiggy_inst,Swiggy Instamart Partner,cust_npci_02244,Ananya Nair,ananya.nair31@okpnb,+919839299352,2946.6,INR,FAILED,IN_REVIEW,BUSINESS_DECLINE,K1,Suspected Fraud / Excessive Velocity Anomaly,Punjab National Bank,PNB,QUARANTINE_FOR_REVIEW,0.98,HIGH,12,1,2,3,2026-08-21T19:28:55.277445
pay_npci_02245,mer_tech_bazaar,Croma TechBazaar,cust_npci_02245,Sneha Patel,sneha.patel88@hdfcbank,+919810606886,3518.44,INR,FAILED,PENDING,BUSINESS_DECLINE,ZA,Insufficient Funds in Customer Account,HDFC Bank,HDFC,SMART_PAYMENT_LINK,0.4293,MEDIUM,1,0,0,3,2026-08-31T10:49:03.865243
pay_npci_02246,mer_kirana_net,Desi Kirana Network,cust_npci_02246,Pranav Reddy,pranav.reddy74@icici,+919819535687,206.22,INR,FAILED,IN_REVIEW,BUSINESS_DECLINE,K1,Suspected Fraud / Excessive Velocity Anomaly,ICICI Bank,ICICI,QUARANTINE_FOR_REVIEW,0.98,HIGH,17,1,2,3,2026-08-14T11:04:58.717368
pay_npci_02247,mer_swiggy_inst,Swiggy Instamart Partner,cust_npci_02247,Zoya Kumar,zoya.kumar48@oksbi,+919834578793,3397.71,INR,FAILED,PENDING,BUSINESS_DECLINE,XH,Customer Account Blocked / Frozen / Dormant,State Bank of India,SBI,ESCALATE_TO_HUMAN,0.5979,MEDIUM,6,0,2,3,2026-08-27T20:48:41.192300
pay_npci_02248,mer_tech_bazaar,Croma TechBazaar,cust_npci_02248,Pranav Chopra,pranav.chopra34@okaxis,+919815433028,3998.27,INR,RECOVERED,RECOVERED,TECHNICAL_DECLINE,U69,Remitter Bank System Unavailable / Switch Error,Axis Bank,AXIS,DIRECT_GATEWAY_RETRY,0.02,LOW,7,0,1,3,2026-09-02T20:02:40.243344
pay_npci_02249,mer_tech_bazaar,Croma TechBazaar,cust_npci_02249,Ananya Kumar,ananya.kumar29@hdfcbank,+919840197661,25097.67,INR,FAILED,PENDING,BUSINESS_DECLINE,ZA,Insufficient Funds in Customer Account,HDFC Bank,HDFC,SMART_PAYMENT_LINK,0.6371,MEDIUM,4,0,2,3,2026-08-26T08:24:41.974489
pay_npci_02250,mer_quick_kart,Bharat QuickCommerce,cust_npci_02250,Rahul Verma,rahul.verma79@axisbank,+919861547672,253.05,INR,RECOVERED,RECOVERED,TECHNICAL_DECLINE,U69,Remitter Bank System Unavailable / Switch Error,Axis Bank,AXIS,DIRECT_GATEWAY_RETRY,0.0787,LOW,0,0,1,3,2026-08-16T16:49:48.996194
pay_npci_02251,mer_quick_kart,Bharat QuickCommerce,cust_npci_02251,Isha Joshi,isha.joshi11@sbi,+919892036111,380.79,INR,RECOVERED,RECOVERED,TECHNICAL_DECLINE,U69,Remitter Bank System Unavailable / Switch Error,State Bank of India,SBI,DIRECT_GATEWAY_RETRY,0.02,LOW,12,0,1,3,2026-08-30T19:21:33.280323
pay_npci_02252,mer_quick_kart,Bharat QuickCommerce,cust_npci_02252,Sanjay Chatterjee,sanjay.chatterjee19@okaxis,+919869794635,361.32,INR,RECOVERED,RECOVERED,BUSINESS_DECLINE,ZA,Insufficient Funds in Customer Account,Axis Bank,AXIS,SMART_PAYMENT_LINK,0.2871,LOW,6,0,1,3,2026-08-24T17:50:35.617393
pay_npci_02253,mer_swiggy_inst,Swiggy Instamart Partner,cust_npci_02253,Aarav Sharma,aarav.sharma37@barodampay,+919889973783,1482.38,INR,FAILED,PENDING,BUSINESS_DECLINE,XH,Customer Account Blocked / Frozen / Dormant,Bank of Baroda,BOB,ESCALATE_TO_HUMAN,0.526,MEDIUM,6,0,1,3,2026-08-09T09:45:25.952458
pay_npci_02254,mer_tech_bazaar,Croma TechBazaar,cust_npci_02254,Priya Desai,priya.desai81@ibl,+919830837966,4647.9,INR,FAILED,PENDING,BUSINESS_DECLINE,ZA,Insufficient Funds in Customer Account,Yes Bank / PhonePe,YESB,SMART_PAYMENT_LINK,0.3215,LOW,9,0,2,3,2026-08-30T18:44:04.603749
pay_npci_02255,mer_kirana_net,Desi Kirana Network,cust_npci_02255,Vikram Singh,vikram.singh37@okpnb,+919830171215,375.44,INR,RECOVERED,RECOVERED,TECHNICAL_DECLINE,U69,Remitter Bank System Unavailable / Switch Error,Punjab National Bank,PNB,DIRECT_GATEWAY_RETRY,0.02,LOW,12,0,1,3,2026-08-08T17:48:09.100418
pay_npci_02256,mer_kirana_net,Desi Kirana Network,cust_npci_02256,Vivek Joshi,vivek.joshi34@sbi,+919855907318,411.47,INR,FAILED,PENDING,BUSINESS_DECLINE,ZM,Invalid MPIN Entered by Customer,State Bank of India,SBI,CUSTOMER_WHATSAPP_NUDGE,0.2498,LOW,16,0,2,3,2026-08-21T10:31:26.375316
pay_npci_02257,mer_quick_kart,Bharat QuickCommerce,cust_npci_02257,Rohan Desai,rohan.desai13@barodampay,+919850734300,40.54,INR,RECOVERED,RECOVERED,TECHNICAL_DECLINE,U30,Beneficiary Bank Timeout After Debit (Ambiguous),Bank of Baroda,BOB,STATUS_POLL_VERIFICATION,0.1505,LOW,8,0,1,3,2026-09-04T13:19:18.267131
pay_npci_02258,mer_quick_kart,Bharat QuickCommerce,cust_npci_02258,Kavita Joshi,kavita.joshi73@barodampay,+919874690747,1116.73,INR,FAILED,IN_REVIEW,BUSINESS_DECLINE,K1,Suspected Fraud / Excessive Velocity Anomaly,Bank of Baroda,BOB,QUARANTINE_FOR_REVIEW,0.98,HIGH,12,1,0,3,2026-08-13T10:03:27.745902
pay_npci_02259,mer_tech_bazaar,Croma TechBazaar,cust_npci_02259,Priya Mehta,priya.mehta26@paytm,+919834950281,36.25,INR,RECOVERED,RECOVERED,TECHNICAL_DECLINE,U69,Remitter Bank System Unavailable / Switch Error,Paytm Payments Bank,PYTM,DIRECT_GATEWAY_RETRY,0.1368,LOW,0,0,1,3,2026-08-13T17:20:35.176114
pay_npci_02260,mer_demo_apex,Apex Retail India Ltd,cust_npci_02260,Isha Joshi,isha.joshi86@paytm,+919835662677,28.14,INR,RECOVERED,RECOVERED,TECHNICAL_DECLINE,U30,Beneficiary Bank Timeout After Debit (Ambiguous),Paytm Payments Bank,PYTM,STATUS_POLL_VERIFICATION,0.1547,LOW,15,0,1,3,2026-08-13T20:22:17.403130
pay_npci_02261,mer_quick_kart,Bharat QuickCommerce,cust_npci_02261,Zoya Reddy,zoya.reddy17@paytm,+919838356043,4208.01,INR,RECOVERED,RECOVERED,BUSINESS_DECLINE,ZM,Invalid MPIN Entered by Customer,Paytm Payments Bank,PYTM,CUSTOMER_WHATSAPP_NUDGE,0.2487,LOW,17,0,1,3,2026-08-23T08:13:24.696006
pay_npci_02262,mer_tech_bazaar,Croma TechBazaar,cust_npci_02262,Pooja Verma,pooja.verma64@barodampay,+919868094565,3138.24,INR,RECOVERED,RECOVERED,BUSINESS_DECLINE,ZA,Insufficient Funds in Customer Account,Bank of Baroda,BOB,SMART_PAYMENT_LINK,0.3093,LOW,7,0,1,3,2026-08-30T18:21:41.320571
pay_npci_02263,mer_demo_apex,Apex Retail India Ltd,cust_npci_02263,Pooja Verma,pooja.verma88@icici,+919828032321,73140.69,INR,FAILED,PENDING,TECHNICAL_DECLINE,BT,Issuer Switch Timeout During 2FA Verification,ICICI Bank,ICICI,DIRECT_GATEWAY_RETRY,0.227,LOW,6,0,2,3,2026-08-29T21:44:39.237199
pay_npci_02264,mer_demo_apex,Apex Retail India Ltd,cust_npci_02264,Manish Banerjee,manish.banerjee18@okhdfcbank,+919842431776,101.09,INR,FAILED,PENDING,BUSINESS_DECLINE,ZA,Insufficient Funds in Customer Account,HDFC Bank,HDFC,SMART_PAYMENT_LINK,0.4428,MEDIUM,1,0,2,3,2026-08-11T13:20:14.029752
pay_npci_02265,mer_demo_apex,Apex Retail India Ltd,cust_npci_02265,Rohan Desai,rohan.desai63@okhdfcbank,+919817886941,281.78,INR,FAILED,PENDING,TECHNICAL_DECLINE,BT,Issuer Switch Timeout During 2FA Verification,HDFC Bank,HDFC,DIRECT_GATEWAY_RETRY,0.047,LOW,15,0,0,3,2026-08-15T08:30:02.401373
pay_npci_02266,mer_kirana_net,Desi Kirana Network,cust_npci_02266,Pranav Kulkarni,pranav.kulkarni30@sbi,+919825321532,2876.46,INR,FAILED,PENDING,BUSINESS_DECLINE,ZA,Insufficient Funds in Customer Account,State Bank of India,SBI,SMART_PAYMENT_LINK,0.4477,MEDIUM,2,0,0,3,2026-08-26T19:56:05.609550
pay_npci_02267,mer_demo_apex,Apex Retail India Ltd,cust_npci_02267,Aarav Singh,aarav.singh47@oksbi,+919879472863,1509.02,INR,RECOVERED,RECOVERED,BUSINESS_DECLINE,ZA,Insufficient Funds in Customer Account,State Bank of India,SBI,SMART_PAYMENT_LINK,0.2871,LOW,10,0,1,3,2026-08-23T22:52:13.983770
pay_npci_02268,mer_kirana_net,Desi Kirana Network,cust_npci_02268,Varun Joshi,varun.joshi39@paytm,+919865980534,4213.4,INR,RECOVERED,RECOVERED,TECHNICAL_DECLINE,U69,Remitter Bank System Unavailable / Switch Error,Paytm Payments Bank,PYTM,DIRECT_GATEWAY_RETRY,0.0782,LOW,4,0,1,3,2026-08-31T04:51:51.924333
pay_npci_02269,mer_swiggy_inst,Swiggy Instamart Partner,cust_npci_02269,Aarav Chatterjee,aarav.chatterjee37@okhdfcbank,+919830917192,1066.09,INR,RECOVERED,RECOVERED,BUSINESS_DECLINE,ZM,Invalid MPIN Entered by Customer,HDFC Bank,HDFC,CUSTOMER_WHATSAPP_NUDGE,0.2978,LOW,16,0,1,3,2026-08-06T10:58:15.902824
pay_npci_02270,mer_kirana_net,Desi Kirana Network,cust_npci_02270,Sanjay Verma,sanjay.verma16@okaxis,+919831303547,3229.02,INR,RECOVERED,RECOVERED,TECHNICAL_DECLINE,BT,Issuer Switch Timeout During 2FA Verification,Axis Bank,AXIS,DIRECT_GATEWAY_RETRY,0.02,LOW,11,0,1,3,2026-08-05T11:25:11.494330
pay_npci_02271,mer_swiggy_inst,Swiggy Instamart Partner,cust_npci_02271,Sneha Singh,sneha.singh34@icici,+919819405291,1932.93,INR,RECOVERED,RECOVERED,TECHNICAL_DECLINE,BT,Issuer Switch Timeout During 2FA Verification,ICICI Bank,ICICI,DIRECT_GATEWAY_RETRY,0.1154,LOW,4,0,1,3,2026-08-25T23:01:31.089023
pay_npci_02272,mer_tech_bazaar,Croma TechBazaar,cust_npci_02272,Sunil Banerjee,sunil.banerjee56@icici,+919828868521,277.76,INR,RECOVERED,RECOVERED,TECHNICAL_DECLINE,U69,Remitter Bank System Unavailable / Switch Error,ICICI Bank,ICICI,DIRECT_GATEWAY_RETRY,0.1176,LOW,2,0,1,3,2026-08-15T19:05:16.342176
pay_npci_02273,mer_kirana_net,Desi Kirana Network,cust_npci_02273,Pooja Kulkarni,pooja.kulkarni86@oksbi,+919824866779,1854.8,INR,FAILED,PENDING,BUSINESS_DECLINE,U19,Daily Per-Transaction or Cumulative Limit Exceeded,State Bank of India,SBI,SMART_PAYMENT_LINK,0.3617,MEDIUM,17,0,1,3,2026-08-30T14:07:42.274768
pay_npci_02274,mer_kirana_net,Desi Kirana Network,cust_npci_02274,Aarav Kumar,aarav.kumar23@oksbi,+919834962480,309.66,INR,FAILED,PENDING,BUSINESS_DECLINE,ZM,Invalid MPIN Entered by Customer,State Bank of India,SBI,CUSTOMER_WHATSAPP_NUDGE,0.4018,MEDIUM,3,0,0,3,2026-08-30T11:14:33.478417
pay_npci_02275,mer_quick_kart,Bharat QuickCommerce,cust_npci_02275,Tanvi Gupta,tanvi.gupta52@okicici,+919842473930,4137.02,INR,RECOVERED,RECOVERED,BUSINESS_DECLINE,ZA,Insufficient Funds in Customer Account,ICICI Bank,ICICI,SMART_PAYMENT_LINK,0.3041,LOW,16,0,1,3,2026-08-19T11:29:17.340735
pay_npci_02276,mer_kirana_net,Desi Kirana Network,cust_npci_02276,Gaurav Kumar,gaurav.kumar24@unionbank,+919882747687,1669.9,INR,RECOVERED,RECOVERED,BUSINESS_DECLINE,ZM,Invalid MPIN Entered by Customer,Union Bank of India,UBI,CUSTOMER_WHATSAPP_NUDGE,0.29,LOW,15,0,1,3,2026-08-28T09:46:45.658115
pay_npci_02277,mer_demo_apex,Apex Retail India Ltd,cust_npci_02277,Vivek Chopra,vivek.chopra31@hdfcbank,+919820250559,120.86,INR,FAILED,PENDING,BUSINESS_DECLINE,ZA,Insufficient Funds in Customer Account,HDFC Bank,HDFC,SMART_PAYMENT_LINK,0.3892,MEDIUM,4,0,0,3,2026-09-01T18:26:07.886470
pay_npci_02278,mer_swiggy_inst,Swiggy Instamart Partner,cust_npci_02278,Pooja Verma,pooja.verma80@barodampay,+919846396344,36161.47,INR,FAILED,PENDING,BUSINESS_DECLINE,ZA,Insufficient Funds in Customer Account,Bank of Baroda,BOB,SMART_PAYMENT_LINK,0.4445,MEDIUM,16,0,1,3,2026-08-06T13:28:05.457944
pay_npci_02279,mer_quick_kart,Bharat QuickCommerce,cust_npci_02279,Kavita Banerjee,kavita.banerjee85@oksbi,+919872573670,473.98,INR,FAILED,IN_REVIEW,BUSINESS_DECLINE,K1,Suspected Fraud / Excessive Velocity Anomaly,State Bank of India,SBI,QUARANTINE_FOR_REVIEW,0.98,HIGH,11,1,2,3,2026-08-18T18:49:31.696611
pay_npci_02280,mer_demo_apex,Apex Retail India Ltd,cust_npci_02280,Zoya Chatterjee,zoya.chatterjee71@kmbl,+919870821234,66.89,INR,RECOVERED,RECOVERED,BUSINESS_DECLINE,ZA,Insufficient Funds in Customer Account,Kotak Mahindra Bank,KKBK,SMART_PAYMENT_LINK,0.3259,LOW,13,0,1,3,2026-08-12T11:03:36.460598
pay_npci_02281,mer_kirana_net,Desi Kirana Network,cust_npci_02281,Varun Chopra,varun.chopra68@unionbank,+919896156434,3026.33,INR,RECOVERED,RECOVERED,BUSINESS_DECLINE,ZA,Insufficient Funds in Customer Account,Union Bank of India,UBI,SMART_PAYMENT_LINK,0.3025,LOW,8,0,1,3,2026-08-31T12:08:34.304335
pay_npci_02282,mer_quick_kart,Bharat QuickCommerce,cust_npci_02282,Kiran Reddy,kiran.reddy79@barodampay,+919881635175,277.64,INR,FAILED,PENDING,BUSINESS_DECLINE,XH,Customer Account Blocked / Frozen / Dormant,Bank of Baroda,BOB,ESCALATE_TO_HUMAN,0.5962,MEDIUM,16,0,0,3,2026-08-28T13:09:17.013380
pay_npci_02283,mer_swiggy_inst,Swiggy Instamart Partner,cust_npci_02283,Pooja Nair,pooja.nair56@sbi,+919854657366,51099.92,INR,RECOVERED,RECOVERED,TECHNICAL_DECLINE,U69,Remitter Bank System Unavailable / Switch Error,State Bank of India,SBI,DIRECT_GATEWAY_RETRY,0.2937,LOW,1,0,1,3,2026-08-07T23:58:34.696384
pay_npci_02284,mer_demo_apex,Apex Retail India Ltd,cust_npci_02284,Sanjay Nair,sanjay.nair38@oksbi,+919839849089,3592.53,INR,RECOVERED,RECOVERED,TECHNICAL_DECLINE,U30,Beneficiary Bank Timeout After Debit (Ambiguous),State Bank of India,SBI,STATUS_POLL_VERIFICATION,0.1923,LOW,17,0,1,3,2026-08-15T12:32:18.383849
pay_npci_02285,mer_tech_bazaar,Croma TechBazaar,cust_npci_02285,Kiran Chatterjee,kiran.chatterjee13@hdfcbank,+919875976482,2367.43,INR,RECOVERED,RECOVERED,BUSINESS_DECLINE,U19,Daily Per-Transaction or Cumulative Limit Exceeded,HDFC Bank,HDFC,SMART_PAYMENT_LINK,0.329,LOW,15,0,1,3,2026-08-20T20:08:17.215137
pay_npci_02286,mer_tech_bazaar,Croma TechBazaar,cust_npci_02286,Gaurav Kulkarni,gaurav.kulkarni64@paytm,+919817604688,18127.01,INR,RECOVERED,RECOVERED,TECHNICAL_DECLINE,U69,Remitter Bank System Unavailable / Switch Error,Paytm Payments Bank,PYTM,DIRECT_GATEWAY_RETRY,0.02,LOW,17,0,1,3,2026-09-04T00:21:28.477651
pay_npci_02287,mer_demo_apex,Apex Retail India Ltd,cust_npci_02287,Isha Nair,isha.nair67@okicici,+919875747523,186.39,INR,RECOVERED,RECOVERED,TECHNICAL_DECLINE,U69,Remitter Bank System Unavailable / Switch Error,ICICI Bank,ICICI,DIRECT_GATEWAY_RETRY,0.0662,LOW,4,0,1,3,2026-08-26T12:12:46.512621
pay_npci_02288,mer_quick_kart,Bharat QuickCommerce,cust_npci_02288,Sunil Mehta,sunil.mehta91@sbi,+919859007346,3340.37,INR,FAILED,IN_REVIEW,BUSINESS_DECLINE,K1,Suspected Fraud / Excessive Velocity Anomaly,State Bank of India,SBI,QUARANTINE_FOR_REVIEW,0.98,HIGH,11,1,1,3,2026-09-03T21:37:25.166373
pay_npci_02289,mer_demo_apex,Apex Retail India Ltd,cust_npci_02289,Pooja Kumar,pooja.kumar96@oksbi,+919837861692,399.78,INR,RECOVERED,RECOVERED,BUSINESS_DECLINE,ZA,Insufficient Funds in Customer Account,State Bank of India,SBI,SMART_PAYMENT_LINK,0.2814,LOW,9,0,1,3,2026-08-16T12:10:40.395995
pay_npci_02290,mer_kirana_net,Desi Kirana Network,cust_npci_02290,Vikram Singh,vikram.singh36@kotak,+919891428524,175.38,INR,RECOVERED,RECOVERED,TECHNICAL_DECLINE,U69,Remitter Bank System Unavailable / Switch Error,Kotak Mahindra Bank,KKBK,DIRECT_GATEWAY_RETRY,0.02,LOW,10,0,1,3,2026-08-13T08:56:07.919863
pay_npci_02291,mer_kirana_net,Desi Kirana Network,cust_npci_02291,Tanvi Reddy,tanvi.reddy70@unionbank,+919892503666,456.87,INR,RECOVERED,RECOVERED,BUSINESS_DECLINE,ZA,Insufficient Funds in Customer Account,Union Bank of India,UBI,SMART_PAYMENT_LINK,0.3195,LOW,17,0,1,3,2026-08-09T18:07:28.695156
pay_npci_02292,mer_demo_apex,Apex Retail India Ltd,cust_npci_02292,Sunil Kumar,sunil.kumar66@sbi,+919811644242,308.79,INR,FAILED,PENDING,BUSINESS_DECLINE,ZA,Insufficient Funds in Customer Account,State Bank of India,SBI,SMART_PAYMENT_LINK,0.2826,LOW,6,0,1,3,2026-08-23T16:45:28.868150
pay_npci_02293,mer_demo_apex,Apex Retail India Ltd,cust_npci_02293,Sneha Joshi,sneha.joshi14@hdfcbank,+919890853713,327.14,INR,RECOVERED,RECOVERED,BUSINESS_DECLINE,ZA,Insufficient Funds in Customer Account,HDFC Bank,HDFC,SMART_PAYMENT_LINK,0.2728,LOW,11,0,1,3,2026-08-28T17:03:58.696864
pay_npci_02294,mer_tech_bazaar,Croma TechBazaar,cust_npci_02294,Kavita Nair,kavita.nair87@okhdfcbank,+919848950894,60620.52,INR,FAILED,PENDING,BUSINESS_DECLINE,ZA,Insufficient Funds in Customer Account,HDFC Bank,HDFC,SMART_PAYMENT_LINK,0.4827,MEDIUM,12,0,0,3,2026-08-31T22:02:04.568843
pay_npci_02295,mer_demo_apex,Apex Retail India Ltd,cust_npci_02295,Sneha Joshi,sneha.joshi58@unionbank,+919841329657,3578.97,INR,FAILED,IN_REVIEW,BUSINESS_DECLINE,K1,Suspected Fraud / Excessive Velocity Anomaly,Union Bank of India,UBI,QUARANTINE_FOR_REVIEW,0.98,HIGH,14,1,0,3,2026-08-07T20:34:05.722433
pay_npci_02296,mer_quick_kart,Bharat QuickCommerce,cust_npci_02296,Tanvi Banerjee,tanvi.banerjee13@okpnb,+919864338659,11000.79,INR,RECOVERED,RECOVERED,TECHNICAL_DECLINE,U69,Remitter Bank System Unavailable / Switch Error,Punjab National Bank,PNB,DIRECT_GATEWAY_RETRY,0.02,LOW,8,0,1,3,2026-08-18T21:54:36.414643
pay_npci_02297,mer_kirana_net,Desi Kirana Network,cust_npci_02297,Pranav Kulkarni,pranav.kulkarni68@okhdfcbank,+919888752428,41128.27,INR,RECOVERED,RECOVERED,TECHNICAL_DECLINE,U69,Remitter Bank System Unavailable / Switch Error,HDFC Bank,HDFC,DIRECT_GATEWAY_RETRY,0.1443,LOW,17,0,1,3,2026-08-17T14:26:10.288139
pay_npci_02298,mer_tech_bazaar,Croma TechBazaar,cust_npci_02298,Sunil Chatterjee,sunil.chatterjee95@okaxis,+919851525088,498.65,INR,RECOVERED,RECOVERED,TECHNICAL_DECLINE,U30,Beneficiary Bank Timeout After Debit (Ambiguous),Axis Bank,AXIS,STATUS_POLL_VERIFICATION,0.1964,LOW,13,0,1,3,2026-08-27T13:04:42.759528
pay_npci_02299,mer_swiggy_inst,Swiggy Instamart Partner,cust_npci_02299,Priya Reddy,priya.reddy19@hdfcbank,+919822367964,3256.68,INR,FAILED,PENDING,BUSINESS_DECLINE,ZA,Insufficient Funds in Customer Account,HDFC Bank,HDFC,SMART_PAYMENT_LINK,0.4072,MEDIUM,5,0,2,3,2026-08-20T22:41:22.134904
pay_npci_02300,mer_swiggy_inst,Swiggy Instamart Partner,cust_npci_02300,Sneha Nair,sneha.nair52@paytm,+919837524883,3512.58,INR,RECOVERED,RECOVERED,BUSINESS_DECLINE,ZA,Insufficient Funds in Customer Account,Paytm Payments Bank,PYTM,SMART_PAYMENT_LINK,0.3135,LOW,6,0,1,3,2026-08-27T14:56:49.289184
pay_npci_02301,mer_tech_bazaar,Croma TechBazaar,cust_npci_02301,Priya Joshi,priya.joshi84@okpnb,+919835405963,405.48,INR,RECOVERED,RECOVERED,TECHNICAL_DECLINE,BT,Issuer Switch Timeout During 2FA Verification,Punjab National Bank,PNB,DIRECT_GATEWAY_RETRY,0.1059,LOW,0,0,1,3,2026-08-29T07:21:23.142202
pay_npci_02302,mer_quick_kart,Bharat QuickCommerce,cust_npci_02302,Priya Singh,priya.singh70@ybl,+919857056169,94.03,INR,FAILED,PENDING,BUSINESS_DECLINE,ZA,Insufficient Funds in Customer Account,Yes Bank / PhonePe,YESB,SMART_PAYMENT_LINK,0.3878,MEDIUM,4,0,2,3,2026-08-12T17:42:02.019072
pay_npci_02303,mer_demo_apex,Apex Retail India Ltd,cust_npci_02303,Vivek Patel,vivek.patel59@okicici,+919842194245,1897.93,INR,FAILED,PENDING,BUSINESS_DECLINE,ZA,Insufficient Funds in Customer Account,ICICI Bank,ICICI,SMART_PAYMENT_LINK,0.3139,LOW,18,0,1,3,2026-08-13T20:10:24.820239
pay_npci_02304,mer_swiggy_inst,Swiggy Instamart Partner,cust_npci_02304,Aditi Banerjee,aditi.banerjee75@okicici,+919868754811,76.73,INR,FAILED,PENDING,BUSINESS_DECLINE,ZA,Insufficient Funds in Customer Account,ICICI Bank,ICICI,SMART_PAYMENT_LINK,0.4504,MEDIUM,0,0,0,3,2026-08-21T10:21:59.474575
pay_npci_02305,mer_demo_apex,Apex Retail India Ltd,cust_npci_02305,Amit Desai,amit.desai79@okhdfcbank,+919847057069,173.37,INR,FAILED,PENDING,TECHNICAL_DECLINE,U69,Remitter Bank System Unavailable / Switch Error,HDFC Bank,HDFC,DIRECT_GATEWAY_RETRY,0.02,LOW,13,0,0,3,2026-08-19T00:21:09.607163
pay_npci_02306,mer_demo_apex,Apex Retail India Ltd,cust_npci_02306,Aditi Kulkarni,aditi.kulkarni91@okhdfcbank,+919870812448,1835.76,INR,RECOVERED,RECOVERED,TECHNICAL_DECLINE,U69,Remitter Bank System Unavailable / Switch Error,HDFC Bank,HDFC,DIRECT_GATEWAY_RETRY,0.02,LOW,14,0,1,3,2026-08-23T13:33:00.317018
pay_npci_02307,mer_swiggy_inst,Swiggy Instamart Partner,cust_npci_02307,Sunil Sharma,sunil.sharma35@unionbank,+919896938327,112.22,INR,RECOVERED,RECOVERED,BUSINESS_DECLINE,ZM,Invalid MPIN Entered by Customer,Union Bank of India,UBI,CUSTOMER_WHATSAPP_NUDGE,0.2496,LOW,9,0,1,3,2026-08-07T12:36:12.431153
pay_npci_02308,mer_tech_bazaar,Croma TechBazaar,cust_npci_02308,Zoya Chopra,zoya.chopra10@okpnb,+919811314356,4257.81,INR,RECOVERED,RECOVERED,BUSINESS_DECLINE,ZA,Insufficient Funds in Customer Account,Punjab National Bank,PNB,SMART_PAYMENT_LINK,0.2685,LOW,12,0,1,3,2026-08-17T20:19:37.888056
pay_npci_02309,mer_kirana_net,Desi Kirana Network,cust_npci_02309,Amit Sharma,amit.sharma51@kotak,+919897215534,4024.42,INR,RECOVERED,RECOVERED,BUSINESS_DECLINE,ZM,Invalid MPIN Entered by Customer,Kotak Mahindra Bank,KKBK,CUSTOMER_WHATSAPP_NUDGE,0.266,LOW,18,0,1,3,2026-08-29T21:56:39.030464
pay_npci_02310,mer_demo_apex,Apex Retail India Ltd,cust_npci_02310,Rohan Patel,rohan.patel58@sbi,+919896273312,338.09,INR,FAILED,PENDING,BUSINESS_DECLINE,U19,Daily Per-Transaction or Cumulative Limit Exceeded,State Bank of India,SBI,SMART_PAYMENT_LINK,0.4597,MEDIUM,5,0,0,3,2026-08-12T18:55:32.652867
pay_npci_02311,mer_demo_apex,Apex Retail India Ltd,cust_npci_02311,Sneha Gupta,sneha.gupta12@icici,+919892961419,258.69,INR,FAILED,PENDING,BUSINESS_DECLINE,ZA,Insufficient Funds in Customer Account,ICICI Bank,ICICI,SMART_PAYMENT_LINK,0.3824,MEDIUM,2,0,1,3,2026-09-04T11:59:58.987711
pay_npci_02312,mer_demo_apex,Apex Retail India Ltd,cust_npci_02312,Isha Mehta,isha.mehta73@hdfcbank,+919840713247,4057.47,INR,RECOVERED,RECOVERED,BUSINESS_DECLINE,U19,Daily Per-Transaction or Cumulative Limit Exceeded,HDFC Bank,HDFC,SMART_PAYMENT_LINK,0.3281,LOW,14,0,1,3,2026-09-01T17:59:40.440037
pay_npci_02313,mer_demo_apex,Apex Retail India Ltd,cust_npci_02313,Rohan Sharma,rohan.sharma83@barodampay,+919898605192,916.76,INR,RECOVERED,RECOVERED,BUSINESS_DECLINE,ZA,Insufficient Funds in Customer Account,Bank of Baroda,BOB,SMART_PAYMENT_LINK,0.311,LOW,9,0,1,3,2026-09-03T14:24:07.567606
pay_npci_02314,mer_quick_kart,Bharat QuickCommerce,cust_npci_02314,Ananya Desai,ananya.desai10@okpnb,+919818498466,392.52,INR,FAILED,PENDING,BUSINESS_DECLINE,ZM,Invalid MPIN Entered by Customer,Punjab National Bank,PNB,CUSTOMER_WHATSAPP_NUDGE,0.258,LOW,7,0,2,3,2026-08-12T07:04:17.888477
pay_npci_02315,mer_demo_apex,Apex Retail India Ltd,cust_npci_02315,Priya Patel,priya.patel66@sbi,+919873138520,2595.36,INR,RECOVERED,RECOVERED,BUSINESS_DECLINE,ZA,Insufficient Funds in Customer Account,State Bank of India,SBI,SMART_PAYMENT_LINK,0.2622,LOW,15,0,1,3,2026-08-09T09:32:29.626251
pay_npci_02316,mer_swiggy_inst,Swiggy Instamart Partner,cust_npci_02316,Aarav Rao,aarav.rao59@paytm,+919822695785,450.8,INR,FAILED,PENDING,BUSINESS_DECLINE,ZA,Insufficient Funds in Customer Account,Paytm Payments Bank,PYTM,SMART_PAYMENT_LINK,0.2841,LOW,18,0,1,3,2026-08-22T12:29:05.458034
pay_npci_02317,mer_kirana_net,Desi Kirana Network,cust_npci_02317,Varun Gupta,varun.gupta43@kotak,+919814013542,2855.65,INR,RECOVERED,RECOVERED,BUSINESS_DECLINE,ZM,Invalid MPIN Entered by Customer,Kotak Mahindra Bank,KKBK,CUSTOMER_WHATSAPP_NUDGE,0.2657,LOW,9,0,1,3,2026-08-09T15:54:17.293592
pay_npci_02318,mer_demo_apex,Apex Retail India Ltd,cust_npci_02318,Tanvi Nair,tanvi.nair38@okicici,+919898089077,24001.04,INR,FAILED,PENDING,BUSINESS_DECLINE,ZA,Insufficient Funds in Customer Account,ICICI Bank,ICICI,SMART_PAYMENT_LINK,0.4064,MEDIUM,5,0,0,3,2026-08-30T07:31:16.236352
pay_npci_02319,mer_demo_apex,Apex Retail India Ltd,cust_npci_02319,Kiran Nair,kiran.nair30@okaxis,+919845598436,2610.5,INR,RECOVERED,RECOVERED,BUSINESS_DECLINE,ZA,Insufficient Funds in Customer Account,Axis Bank,AXIS,SMART_PAYMENT_LINK,0.2686,LOW,8,0,1,3,2026-09-01T12:40:29.712829
pay_npci_02320,mer_demo_apex,Apex Retail India Ltd,cust_npci_02320,Deepak Chopra,deepak.chopra73@okaxis,+919826510271,1334.48,INR,FAILED,PENDING,TECHNICAL_DECLINE,U69,Remitter Bank System Unavailable / Switch Error,Axis Bank,AXIS,DIRECT_GATEWAY_RETRY,0.1065,LOW,3,0,2,3,2026-08-26T16:37:27.230789
pay_npci_02321,mer_tech_bazaar,Croma TechBazaar,cust_npci_02321,Sunil Gupta,sunil.gupta91@okicici,+919876656304,252.81,INR,FAILED,PENDING,BUSINESS_DECLINE,ZA,Insufficient Funds in Customer Account,ICICI Bank,ICICI,SMART_PAYMENT_LINK,0.4083,MEDIUM,2,0,0,3,2026-08-26T11:46:46.993809
pay_npci_02322,mer_kirana_net,Desi Kirana Network,cust_npci_02322,Aditi Reddy,aditi.reddy19@ibl,+919841369073,3155.43,INR,RECOVERED,RECOVERED,TECHNICAL_DECLINE,SWITCH_DOWN,NPCI Central Switch Queue Congestion,Yes Bank / PhonePe,YESB,BACKOFF_RETRY,0.0333,LOW,13,0,1,3,2026-08-17T09:32:28.061730
pay_npci_02323,mer_swiggy_inst,Swiggy Instamart Partner,cust_npci_02323,Deepak Gupta,deepak.gupta85@okhdfcbank,+919882437963,2020.7,INR,FAILED,IN_REVIEW,BUSINESS_DECLINE,K1,Suspected Fraud / Excessive Velocity Anomaly,HDFC Bank,HDFC,QUARANTINE_FOR_REVIEW,0.98,HIGH,5,1,0,3,2026-08-14T13:08:00.934629
pay_npci_02324,mer_swiggy_inst,Swiggy Instamart Partner,cust_npci_02324,Kavita Joshi,kavita.joshi59@unionbank,+919836681823,1888.65,INR,FAILED,PENDING,BUSINESS_DECLINE,ZA,Insufficient Funds in Customer Account,Union Bank of India,UBI,SMART_PAYMENT_LINK,0.4163,MEDIUM,3,0,1,3,2026-08-07T18:01:46.222802
pay_npci_02325,mer_tech_bazaar,Croma TechBazaar,cust_npci_02325,Ananya Sharma,ananya.sharma14@ybl,+919830589462,2652.02,INR,RECOVERED,RECOVERED,TECHNICAL_DECLINE,U69,Remitter Bank System Unavailable / Switch Error,Yes Bank / PhonePe,YESB,DIRECT_GATEWAY_RETRY,0.0846,LOW,4,0,1,3,2026-09-04T19:21:43.058927
pay_npci_02326,mer_demo_apex,Apex Retail India Ltd,cust_npci_02326,Pranav Banerjee,pranav.banerjee48@unionbank,+919868242547,142.16,INR,RECOVERED,RECOVERED,TECHNICAL_DECLINE,U69,Remitter Bank System Unavailable / Switch Error,Union Bank of India,UBI,DIRECT_GATEWAY_RETRY,0.1276,LOW,5,0,1,3,2026-08-06T18:44:25.336403
pay_npci_02327,mer_demo_apex,Apex Retail India Ltd,cust_npci_02327,Kiran Sharma,kiran.sharma41@sbi,+919866936667,57.23,INR,FAILED,IN_REVIEW,BUSINESS_DECLINE,K1,Suspected Fraud / Excessive Velocity Anomaly,State Bank of India,SBI,QUARANTINE_FOR_REVIEW,0.98,HIGH,8,1,0,3,2026-09-03T02:29:03.275702
pay_npci_02328,mer_swiggy_inst,Swiggy Instamart Partner,cust_npci_02328,Sunil Chatterjee,sunil.chatterjee31@hdfcbank,+919847734770,24.2,INR,FAILED,PENDING,BUSINESS_DECLINE,ZA,Insufficient Funds in Customer Account,HDFC Bank,HDFC,SMART_PAYMENT_LINK,0.3296,LOW,7,0,2,3,2026-08-09T10:15:42.199090
pay_npci_02329,mer_kirana_net,Desi Kirana Network,cust_npci_02329,Ananya Singh,ananya.singh38@oksbi,+919818182709,417.82,INR,RECOVERED,RECOVERED,BUSINESS_DECLINE,ZM,Invalid MPIN Entered by Customer,State Bank of India,SBI,CUSTOMER_WHATSAPP_NUDGE,0.2205,LOW,6,0,1,3,2026-09-03T12:00:43.077256
pay_npci_02330,mer_demo_apex,Apex Retail India Ltd,cust_npci_02330,Isha Sharma,isha.sharma45@barodampay,+919855437124,2013.9,INR,FAILED,PENDING,TECHNICAL_DECLINE,BT,Issuer Switch Timeout During 2FA Verification,Bank of Baroda,BOB,DIRECT_GATEWAY_RETRY,0.02,LOW,17,0,1,3,2026-08-23T07:37:09.650364
pay_npci_02331,mer_swiggy_inst,Swiggy Instamart Partner,cust_npci_02331,Amit Banerjee,amit.banerjee32@paytm,+919884934504,65.26,INR,RECOVERED,RECOVERED,TECHNICAL_DECLINE,U69,Remitter Bank System Unavailable / Switch Error,Paytm Payments Bank,PYTM,DIRECT_GATEWAY_RETRY,0.1342,LOW,4,0,1,3,2026-08-17T19:58:36.811345
pay_npci_02332,mer_tech_bazaar,Croma TechBazaar,cust_npci_02332,Sneha Verma,sneha.verma47@oksbi,+919873002780,766.06,INR,RECOVERED,RECOVERED,BUSINESS_DECLINE,ZM,Invalid MPIN Entered by Customer,State Bank of India,SBI,CUSTOMER_WHATSAPP_NUDGE,0.2615,LOW,11,0,1,3,2026-08-07T19:53:37.435763
pay_npci_02333,mer_tech_bazaar,Croma TechBazaar,cust_npci_02333,Manish Singh,manish.singh57@okpnb,+919878557831,313.27,INR,RECOVERED,RECOVERED,TECHNICAL_DECLINE,U69,Remitter Bank System Unavailable / Switch Error,Punjab National Bank,PNB,DIRECT_GATEWAY_RETRY,0.0786,LOW,5,0,1,3,2026-08-22T12:46:07.952859
pay_npci_02334,mer_quick_kart,Bharat QuickCommerce,cust_npci_02334,Deepak Rao,deepak.rao52@icici,+919840798332,436.12,INR,RECOVERED,RECOVERED,BUSINESS_DECLINE,U19,Daily Per-Transaction or Cumulative Limit Exceeded,ICICI Bank,ICICI,SMART_PAYMENT_LINK,0.2981,LOW,18,0,1,3,2026-08-12T02:52:02.287721
pay_npci_02335,mer_demo_apex,Apex Retail India Ltd,cust_npci_02335,Kavita Nair,kavita.nair10@unionbank,+919829020557,1506.84,INR,FAILED,PENDING,BUSINESS_DECLINE,ZA,Insufficient Funds in Customer Account,Union Bank of India,UBI,SMART_PAYMENT_LINK,0.2957,LOW,6,0,2,3,2026-09-03T08:49:26.545602
pay_npci_02336,mer_tech_bazaar,Croma TechBazaar,cust_npci_02336,Zoya Rao,zoya.rao36@oksbi,+919855475907,214.25,INR,RECOVERED,RECOVERED,TECHNICAL_DECLINE,BT,Issuer Switch Timeout During 2FA Verification,State Bank of India,SBI,DIRECT_GATEWAY_RETRY,0.0561,LOW,16,0,1,3,2026-08-25T14:38:58.625140
pay_npci_02337,mer_tech_bazaar,Croma TechBazaar,cust_npci_02337,Rohan Nair,rohan.nair41@sbi,+919827604090,1960.44,INR,RECOVERED,RECOVERED,BUSINESS_DECLINE,ZA,Insufficient Funds in Customer Account,State Bank of India,SBI,SMART_PAYMENT_LINK,0.2825,LOW,15,0,1,3,2026-08-07T20:18:51.725499
pay_npci_02338,mer_swiggy_inst,Swiggy Instamart Partner,cust_npci_02338,Tanvi Kumar,tanvi.kumar21@hdfcbank,+919869240658,74802.96,INR,FAILED,IN_REVIEW,BUSINESS_DECLINE,XH,Customer Account Blocked / Frozen / Dormant,HDFC Bank,HDFC,ESCALATE_TO_HUMAN,0.7022,HIGH,17,0,1,3,2026-08-05T12:39:09.222688
pay_npci_02339,mer_quick_kart,Bharat QuickCommerce,cust_npci_02339,Rohan Kumar,rohan.kumar11@okpnb,+919893464435,1112.53,INR,RECOVERED,RECOVERED,BUSINESS_DECLINE,U19,Daily Per-Transaction or Cumulative Limit Exceeded,Punjab National Bank,PNB,SMART_PAYMENT_LINK,0.3204,LOW,10,0,1,3,2026-08-22T05:51:13.699009
pay_npci_02340,mer_demo_apex,Apex Retail India Ltd,cust_npci_02340,Tanvi Reddy,tanvi.reddy27@okicici,+919821659979,43.61,INR,RECOVERED,RECOVERED,TECHNICAL_DECLINE,U30,Beneficiary Bank Timeout After Debit (Ambiguous),ICICI Bank,ICICI,STATUS_POLL_VERIFICATION,0.1677,LOW,8,0,1,3,2026-08-22T08:59:41.281744
pay_npci_02341,mer_swiggy_inst,Swiggy Instamart Partner,cust_npci_02341,Priya Reddy,priya.reddy20@hdfcbank,+919868590460,2116.14,INR,FAILED,PENDING,BUSINESS_DECLINE,ZM,Invalid MPIN Entered by Customer,HDFC Bank,HDFC,CUSTOMER_WHATSAPP_NUDGE,0.3526,MEDIUM,1,0,0,3,2026-08-19T18:32:47.332336
pay_npci_02342,mer_swiggy_inst,Swiggy Instamart Partner,cust_npci_02342,Varun Chopra,varun.chopra13@okicici,+919880712115,306.81,INR,RECOVERED,RECOVERED,BUSINESS_DECLINE,ZA,Insufficient Funds in Customer Account,ICICI Bank,ICICI,SMART_PAYMENT_LINK,0.2673,LOW,15,0,1,3,2026-08-26T19:09:19.577636
pay_npci_02343,mer_swiggy_inst,Swiggy Instamart Partner,cust_npci_02343,Isha Sharma,isha.sharma18@okpnb,+919890824155,3246.93,INR,RECOVERED,RECOVERED,TECHNICAL_DECLINE,U69,Remitter Bank System Unavailable / Switch Error,Punjab National Bank,PNB,DIRECT_GATEWAY_RETRY,0.02,LOW,16,0,1,3,2026-08-22T13:24:46.303918
pay_npci_02344,mer_demo_apex,Apex Retail India Ltd,cust_npci_02344,Ananya Kulkarni,ananya.kulkarni69@okicici,+919818978390,148.44,INR,FAILED,PENDING,BUSINESS_DECLINE,XH,Customer Account Blocked / Frozen / Dormant,ICICI Bank,ICICI,ESCALATE_TO_HUMAN,0.6593,MEDIUM,0,0,2,3,2026-08-14T17:16:15.422266
pay_npci_02345,mer_tech_bazaar,Croma TechBazaar,cust_npci_02345,Deepak Singh,deepak.singh97@sbi,+919851256124,375.04,INR,RECOVERED,RECOVERED,TECHNICAL_DECLINE,U30,Beneficiary Bank Timeout After Debit (Ambiguous),State Bank of India,SBI,STATUS_POLL_VERIFICATION,0.1584,LOW,18,0,1,3,2026-08-15T12:13:07.694812
pay_npci_02346,mer_tech_bazaar,Croma TechBazaar,cust_npci_02346,Kavita Sharma,kavita.sharma96@okhdfcbank,+919855828412,412.45,INR,RECOVERED,RECOVERED,TECHNICAL_DECLINE,U30,Beneficiary Bank Timeout After Debit (Ambiguous),HDFC Bank,HDFC,STATUS_POLL_VERIFICATION,0.1708,LOW,9,0,1,3,2026-08-19T12:20:12.137427
pay_npci_02347,mer_demo_apex,Apex Retail India Ltd,cust_npci_02347,Rohan Banerjee,rohan.banerjee94@okicici,+919824926802,22940.48,INR,RECOVERED,RECOVERED,TECHNICAL_DECLINE,U69,Remitter Bank System Unavailable / Switch Error,ICICI Bank,ICICI,DIRECT_GATEWAY_RETRY,0.1349,LOW,4,0,1,3,2026-08-27T12:28:13.377279
pay_npci_02348,mer_kirana_net,Desi Kirana Network,cust_npci_02348,Pooja Sharma,pooja.sharma30@okhdfcbank,+919891824580,189.34,INR,FAILED,IN_REVIEW,BUSINESS_DECLINE,K1,Suspected Fraud / Excessive Velocity Anomaly,HDFC Bank,HDFC,QUARANTINE_FOR_REVIEW,0.98,HIGH,18,1,2,3,2026-08-31T23:00:12.365262
pay_npci_02349,mer_quick_kart,Bharat QuickCommerce,cust_npci_02349,Varun Singh,varun.singh68@okicici,+919866331177,1328.35,INR,FAILED,PENDING,BUSINESS_DECLINE,ZA,Insufficient Funds in Customer Account,ICICI Bank,ICICI,SMART_PAYMENT_LINK,0.3848,MEDIUM,5,0,0,3,2026-08-26T16:41:25.321937
pay_npci_02350,mer_demo_apex,Apex Retail India Ltd,cust_npci_02350,Zoya Kumar,zoya.kumar83@sbi,+919847850553,4474.09,INR,RECOVERED,RECOVERED,TECHNICAL_DECLINE,SWITCH_DOWN,NPCI Central Switch Queue Congestion,State Bank of India,SBI,BACKOFF_RETRY,0.3436,LOW,6,1,1,3,2026-09-03T18:12:54.825832
pay_npci_02351,mer_quick_kart,Bharat QuickCommerce,cust_npci_02351,Sneha Rao,sneha.rao64@icici,+919887608222,2386.7,INR,RECOVERED,RECOVERED,BUSINESS_DECLINE,ZA,Insufficient Funds in Customer Account,ICICI Bank,ICICI,SMART_PAYMENT_LINK,0.3111,LOW,8,0,1,3,2026-09-03T10:02:01.184918
pay_npci_02352,mer_kirana_net,Desi Kirana Network,cust_npci_02352,Aditi Chopra,aditi.chopra74@oksbi,+919825356750,488.46,INR,RECOVERED,RECOVERED,BUSINESS_DECLINE,ZM,Invalid MPIN Entered by Customer,State Bank of India,SBI,CUSTOMER_WHATSAPP_NUDGE,0.3462,LOW,3,0,1,3,2026-09-03T06:20:52.822280
pay_npci_02353,mer_kirana_net,Desi Kirana Network,cust_npci_02353,Aarav Reddy,aarav.reddy23@hdfcbank,+919832185295,4373.35,INR,RECOVERED,RECOVERED,TECHNICAL_DECLINE,U30,Beneficiary Bank Timeout After Debit (Ambiguous),HDFC Bank,HDFC,STATUS_POLL_VERIFICATION,0.1414,LOW,16,0,1,3,2026-08-13T18:08:56.388773
pay_npci_02354,mer_tech_bazaar,Croma TechBazaar,cust_npci_02354,Rahul Joshi,rahul.joshi71@barodampay,+919812686459,408.79,INR,RECOVERED,RECOVERED,BUSINESS_DECLINE,ZA,Insufficient Funds in Customer Account,Bank of Baroda,BOB,SMART_PAYMENT_LINK,0.3097,LOW,15,0,1,3,2026-08-31T17:30:53.336635
pay_npci_02355,mer_quick_kart,Bharat QuickCommerce,cust_npci_02355,Deepak Mehta,deepak.mehta62@axisbank,+919832031406,374.97,INR,RECOVERED,RECOVERED,BUSINESS_DECLINE,ZM,Invalid MPIN Entered by Customer,Axis Bank,AXIS,CUSTOMER_WHATSAPP_NUDGE,0.2898,LOW,13,0,1,3,2026-08-09T06:14:17.929622
pay_npci_02356,mer_swiggy_inst,Swiggy Instamart Partner,cust_npci_02356,Manish Banerjee,manish.banerjee52@unionbank,+919862004067,428.5,INR,FAILED,PENDING,BUSINESS_DECLINE,ZA,Insufficient Funds in Customer Account,Union Bank of India,UBI,SMART_PAYMENT_LINK,0.3996,MEDIUM,0,0,2,3,2026-08-26T11:39:30.688602
pay_npci_02357,mer_swiggy_inst,Swiggy Instamart Partner,cust_npci_02357,Kiran Nair,kiran.nair55@kmbl,+919874610861,25817.58,INR,RECOVERED,RECOVERED,TECHNICAL_DECLINE,SWITCH_DOWN,NPCI Central Switch Queue Congestion,Kotak Mahindra Bank,KKBK,BACKOFF_RETRY,0.1664,LOW,11,0,1,3,2026-08-20T00:22:11.384287
pay_npci_02358,mer_demo_apex,Apex Retail India Ltd,cust_npci_02358,Vivek Patel,vivek.patel47@axisbank,+919816103301,2175.89,INR,RECOVERED,RECOVERED,TECHNICAL_DECLINE,U30,Beneficiary Bank Timeout After Debit (Ambiguous),Axis Bank,AXIS,STATUS_POLL_VERIFICATION,0.1645,LOW,13,0,1,3,2026-08-28T13:27:32.877491
pay_npci_02359,mer_swiggy_inst,Swiggy Instamart Partner,cust_npci_02359,Sanjay Desai,sanjay.desai68@oksbi,+919890144689,355.88,INR,RECOVERED,RECOVERED,TECHNICAL_DECLINE,U69,Remitter Bank System Unavailable / Switch Error,State Bank of India,SBI,DIRECT_GATEWAY_RETRY,0.02,LOW,13,0,1,3,2026-08-15T17:29:46.755874
pay_npci_02360,mer_kirana_net,Desi Kirana Network,cust_npci_02360,Rohan Sharma,rohan.sharma51@sbi,+919810678469,434.35,INR,RECOVERED,RECOVERED,TECHNICAL_DECLINE,SWITCH_DOWN,NPCI Central Switch Queue Congestion,State Bank of India,SBI,BACKOFF_RETRY,0.02,LOW,8,0,1,3,2026-08-21T14:28:40.724123
pay_npci_02361,mer_demo_apex,Apex Retail India Ltd,cust_npci_02361,Tanvi Patel,tanvi.patel67@sbi,+919854003613,193.64,INR,FAILED,PENDING,TECHNICAL_DECLINE,BT,Issuer Switch Timeout During 2FA Verification,State Bank of India,SBI,DIRECT_GATEWAY_RETRY,0.033,LOW,13,0,1,3,2026-08-13T18:48:00.544154
pay_npci_02362,mer_swiggy_inst,Swiggy Instamart Partner,cust_npci_02362,Tanvi Nair,tanvi.nair83@axisbank,+919897879961,384.49,INR,FAILED,PENDING,BUSINESS_DECLINE,ZA,Insufficient Funds in Customer Account,Axis Bank,AXIS,SMART_PAYMENT_LINK,0.443,MEDIUM,1,0,2,3,2026-08-12T15:05:47.833001
pay_npci_02363,mer_swiggy_inst,Swiggy Instamart Partner,cust_npci_02363,Manish Banerjee,manish.banerjee30@okpnb,+919863147955,101.82,INR,RECOVERED,RECOVERED,BUSINESS_DECLINE,ZM,Invalid MPIN Entered by Customer,Punjab National Bank,PNB,CUSTOMER_WHATSAPP_NUDGE,0.2239,LOW,6,0,1,3,2026-08-31T08:54:20.651694
pay_npci_02364,mer_demo_apex,Apex Retail India Ltd,cust_npci_02364,Pooja Chopra,pooja.chopra50@sbi,+919829813857,447.22,INR,FAILED,IN_REVIEW,BUSINESS_DECLINE,K1,Suspected Fraud / Excessive Velocity Anomaly,State Bank of India,SBI,QUARANTINE_FOR_REVIEW,0.98,HIGH,17,1,1,3,2026-09-02T21:16:27.090157
pay_npci_02365,mer_swiggy_inst,Swiggy Instamart Partner,cust_npci_02365,Tanvi Verma,tanvi.verma20@unionbank,+919889371696,100.61,INR,FAILED,PENDING,BUSINESS_DECLINE,ZA,Insufficient Funds in Customer Account,Union Bank of India,UBI,SMART_PAYMENT_LINK,0.3838,MEDIUM,4,0,1,3,2026-08-12T17:31:48.231360
pay_npci_02366,mer_tech_bazaar,Croma TechBazaar,cust_npci_02366,Varun Patel,varun.patel34@ybl,+919874496531,781.99,INR,RECOVERED,RECOVERED,BUSINESS_DECLINE,ZA,Insufficient Funds in Customer Account,Yes Bank / PhonePe,YESB,SMART_PAYMENT_LINK,0.3282,LOW,18,0,1,3,2026-08-23T17:09:21.003955
pay_npci_02367,mer_kirana_net,Desi Kirana Network,cust_npci_02367,Pranav Sharma,pranav.sharma55@axisbank,+919856088903,364.82,INR,RECOVERED,RECOVERED,BUSINESS_DECLINE,ZA,Insufficient Funds in Customer Account,Axis Bank,AXIS,SMART_PAYMENT_LINK,0.2707,LOW,17,0,1,3,2026-08-25T15:04:49.704388
pay_npci_02368,mer_swiggy_inst,Swiggy Instamart Partner,cust_npci_02368,Manish Joshi,manish.joshi81@sbi,+919856847551,201.78,INR,RECOVERED,RECOVERED,BUSINESS_DECLINE,ZA,Insufficient Funds in Customer Account,State Bank of India,SBI,SMART_PAYMENT_LINK,0.3231,LOW,14,0,1,3,2026-08-27T19:18:20.377089
pay_npci_02369,mer_demo_apex,Apex Retail India Ltd,cust_npci_02369,Amit Kumar,amit.kumar44@okpnb,+919870718150,101.97,INR,RECOVERED,RECOVERED,BUSINESS_DECLINE,ZM,Invalid MPIN Entered by Customer,Punjab National Bank,PNB,CUSTOMER_WHATSAPP_NUDGE,0.2284,LOW,6,0,1,3,2026-08-11T22:29:58.865960
pay_npci_02370,mer_kirana_net,Desi Kirana Network,cust_npci_02370,Pranav Sharma,pranav.sharma34@oksbi,+919823899002,3392.24,INR,FAILED,PENDING,BUSINESS_DECLINE,ZA,Insufficient Funds in Customer Account,State Bank of India,SBI,SMART_PAYMENT_LINK,0.3953,MEDIUM,5,0,1,3,2026-08-09T22:10:32.056576
pay_npci_02371,mer_tech_bazaar,Croma TechBazaar,cust_npci_02371,Vikram Banerjee,vikram.banerjee83@okpnb,+919820263282,3616.11,INR,FAILED,PENDING,TECHNICAL_DECLINE,U69,Remitter Bank System Unavailable / Switch Error,Punjab National Bank,PNB,DIRECT_GATEWAY_RETRY,0.02,LOW,6,0,0,3,2026-08-21T16:03:50.754348
pay_npci_02372,mer_kirana_net,Desi Kirana Network,cust_npci_02372,Tanvi Singh,tanvi.singh41@unionbank,+919860507263,271.19,INR,FAILED,IN_REVIEW,BUSINESS_DECLINE,K1,Suspected Fraud / Excessive Velocity Anomaly,Union Bank of India,UBI,QUARANTINE_FOR_REVIEW,0.98,HIGH,17,1,2,3,2026-08-27T13:36:43.371268
pay_npci_02373,mer_quick_kart,Bharat QuickCommerce,cust_npci_02373,Zoya Joshi,zoya.joshi26@oksbi,+919865527891,490.11,INR,RECOVERED,RECOVERED,TECHNICAL_DECLINE,SWITCH_DOWN,NPCI Central Switch Queue Congestion,State Bank of India,SBI,BACKOFF_RETRY,0.1297,LOW,5,0,1,3,2026-08-13T22:26:11.489984
pay_npci_02374,mer_swiggy_inst,Swiggy Instamart Partner,cust_npci_02374,Priya Mehta,priya.mehta92@okpnb,+919857071160,55659.51,INR,FAILED,PENDING,BUSINESS_DECLINE,ZA,Insufficient Funds in Customer Account,Punjab National Bank,PNB,SMART_PAYMENT_LINK,0.4591,MEDIUM,8,0,1,3,2026-08-09T18:53:50.025660
pay_npci_02375,mer_kirana_net,Desi Kirana Network,cust_npci_02375,Zoya Gupta,zoya.gupta84@unionbank,+919899591707,54791.49,INR,FAILED,PENDING,BUSINESS_DECLINE,ZA,Insufficient Funds in Customer Account,Union Bank of India,UBI,SMART_PAYMENT_LINK,0.4817,MEDIUM,14,0,2,3,2026-08-23T18:21:14.110746
pay_npci_02376,mer_demo_apex,Apex Retail India Ltd,cust_npci_02376,Sanjay Kulkarni,sanjay.kulkarni96@kotak,+919897998459,1497.41,INR,FAILED,PENDING,BUSINESS_DECLINE,U19,Daily Per-Transaction or Cumulative Limit Exceeded,Kotak Mahindra Bank,KKBK,SMART_PAYMENT_LINK,0.3621,MEDIUM,10,0,0,3,2026-09-03T22:52:25.366193
pay_npci_02377,mer_kirana_net,Desi Kirana Network,cust_npci_02377,Vivek Nair,vivek.nair79@paytm,+919879196341,1740.51,INR,FAILED,IN_REVIEW,BUSINESS_DECLINE,K1,Suspected Fraud / Excessive Velocity Anomaly,Paytm Payments Bank,PYTM,QUARANTINE_FOR_REVIEW,0.98,HIGH,16,1,0,3,2026-09-01T20:50:19.913532
pay_npci_02378,mer_demo_apex,Apex Retail India Ltd,cust_npci_02378,Isha Chatterjee,isha.chatterjee55@paytm,+919871154505,135.24,INR,RECOVERED,RECOVERED,TECHNICAL_DECLINE,U69,Remitter Bank System Unavailable / Switch Error,Paytm Payments Bank,PYTM,DIRECT_GATEWAY_RETRY,0.02,LOW,12,0,1,3,2026-09-03T07:41:22.180164
pay_npci_02379,mer_swiggy_inst,Swiggy Instamart Partner,cust_npci_02379,Pooja Patel,pooja.patel75@axisbank,+919843543787,57911.9,INR,FAILED,PENDING,TECHNICAL_DECLINE,U69,Remitter Bank System Unavailable / Switch Error,Axis Bank,AXIS,DIRECT_GATEWAY_RETRY,0.1449,LOW,10,0,1,3,2026-08-31T18:43:49.345554
pay_npci_02380,mer_tech_bazaar,Croma TechBazaar,cust_npci_02380,Neha Verma,neha.verma43@paytm,+919838653513,4135.91,INR,RECOVERED,RECOVERED,BUSINESS_DECLINE,ZM,Invalid MPIN Entered by Customer,Paytm Payments Bank,PYTM,CUSTOMER_WHATSAPP_NUDGE,0.2829,LOW,15,0,1,3,2026-08-06T20:38:36.899635
pay_npci_02381,mer_tech_bazaar,Croma TechBazaar,cust_npci_02381,Sneha Banerjee,sneha.banerjee26@ibl,+919836567715,529.49,INR,RECOVERED,RECOVERED,TECHNICAL_DECLINE,U69,Remitter Bank System Unavailable / Switch Error,Yes Bank / PhonePe,YESB,DIRECT_GATEWAY_RETRY,0.02,LOW,16,0,1,3,2026-09-02T11:06:54.553931
pay_npci_02382,mer_kirana_net,Desi Kirana Network,cust_npci_02382,Aarav Singh,aarav.singh17@sbi,+919872614979,37.59,INR,RECOVERED,RECOVERED,TECHNICAL_DECLINE,BT,Issuer Switch Timeout During 2FA Verification,State Bank of India,SBI,DIRECT_GATEWAY_RETRY,0.0534,LOW,15,0,1,3,2026-08-17T09:01:02.029707
pay_npci_02383,mer_demo_apex,Apex Retail India Ltd,cust_npci_02383,Manish Gupta,manish.gupta78@paytm,+919887412101,463.03,INR,RECOVERED,RECOVERED,TECHNICAL_DECLINE,BT,Issuer Switch Timeout During 2FA Verification,Paytm Payments Bank,PYTM,DIRECT_GATEWAY_RETRY,0.02,LOW,9,0,1,3,2026-08-06T09:59:07.800761
pay_npci_02384,mer_demo_apex,Apex Retail India Ltd,cust_npci_02384,Kavita Kulkarni,kavita.kulkarni83@okpnb,+919884328524,4331.47,INR,RECOVERED,RECOVERED,TECHNICAL_DECLINE,BT,Issuer Switch Timeout During 2FA Verification,Punjab National Bank,PNB,DIRECT_GATEWAY_RETRY,0.056,LOW,9,0,1,3,2026-09-02T18:17:48.645671
pay_npci_02385,mer_kirana_net,Desi Kirana Network,cust_npci_02385,Zoya Mehta,zoya.mehta11@oksbi,+919897854050,310.38,INR,RECOVERED,RECOVERED,TECHNICAL_DECLINE,BT,Issuer Switch Timeout During 2FA Verification,State Bank of India,SBI,DIRECT_GATEWAY_RETRY,0.02,LOW,12,0,1,3,2026-08-12T15:44:49.965137
pay_npci_02386,mer_kirana_net,Desi Kirana Network,cust_npci_02386,Gaurav Chopra,gaurav.chopra48@sbi,+919889743939,490.02,INR,RECOVERED,RECOVERED,TECHNICAL_DECLINE,U69,Remitter Bank System Unavailable / Switch Error,State Bank of India,SBI,DIRECT_GATEWAY_RETRY,0.02,LOW,13,0,1,3,2026-08-22T19:05:22.802495
pay_npci_02387,mer_demo_apex,Apex Retail India Ltd,cust_npci_02387,Kavita Patel,kavita.patel55@unionbank,+919895553591,288.98,INR,FAILED,PENDING,BUSINESS_DECLINE,U19,Daily Per-Transaction or Cumulative Limit Exceeded,Union Bank of India,UBI,SMART_PAYMENT_LINK,0.4167,MEDIUM,0,0,0,3,2026-08-08T23:32:02.528229
pay_npci_02388,mer_tech_bazaar,Croma TechBazaar,cust_npci_02388,Ananya Kumar,ananya.kumar52@icici,+919810214773,29511.21,INR,FAILED,PENDING,BUSINESS_DECLINE,ZA,Insufficient Funds in Customer Account,ICICI Bank,ICICI,SMART_PAYMENT_LINK,0.5184,MEDIUM,6,0,1,3,2026-08-20T14:29:05.330987
pay_npci_02389,mer_quick_kart,Bharat QuickCommerce,cust_npci_02389,Sneha Sharma,sneha.sharma88@sbi,+919820029787,795.81,INR,FAILED,PENDING,BUSINESS_DECLINE,ZM,Invalid MPIN Entered by Customer,State Bank of India,SBI,CUSTOMER_WHATSAPP_NUDGE,0.3927,MEDIUM,4,0,2,3,2026-08-27T20:19:41.635091
pay_npci_02390,mer_swiggy_inst,Swiggy Instamart Partner,cust_npci_02390,Isha Banerjee,isha.banerjee79@hdfcbank,+919881810821,291.91,INR,FAILED,PENDING,BUSINESS_DECLINE,ZM,Invalid MPIN Entered by Customer,HDFC Bank,HDFC,CUSTOMER_WHATSAPP_NUDGE,0.2843,LOW,9,0,0,3,2026-08-15T12:03:32.034998
pay_npci_02391,mer_demo_apex,Apex Retail India Ltd,cust_npci_02391,Ananya Gupta,ananya.gupta72@okicici,+919838076001,2002.13,INR,RECOVERED,RECOVERED,TECHNICAL_DECLINE,SWITCH_DOWN,NPCI Central Switch Queue Congestion,ICICI Bank,ICICI,BACKOFF_RETRY,0.1286,LOW,2,0,1,3,2026-08-07T06:40:54.105722
pay_npci_02392,mer_kirana_net,Desi Kirana Network,cust_npci_02392,Manish Desai,manish.desai21@axisbank,+919819546057,404.84,INR,RECOVERED,RECOVERED,BUSINESS_DECLINE,ZA,Insufficient Funds in Customer Account,Axis Bank,AXIS,SMART_PAYMENT_LINK,0.3008,LOW,14,0,1,3,2026-09-04T00:20:22.034296
pay_npci_02393,mer_tech_bazaar,Croma TechBazaar,cust_npci_02393,Sanjay Banerjee,sanjay.banerjee82@okpnb,+919885126025,3548.1,INR,RECOVERED,RECOVERED,TECHNICAL_DECLINE,U30,Beneficiary Bank Timeout After Debit (Ambiguous),Punjab National Bank,PNB,STATUS_POLL_VERIFICATION,0.308,LOW,2,0,1,3,2026-08-18T18:15:41.432560
pay_npci_02394,mer_kirana_net,Desi Kirana Network,cust_npci_02394,Gaurav Chatterjee,gaurav.chatterjee20@hdfcbank,+919828833452,137.68,INR,RECOVERED,RECOVERED,BUSINESS_DECLINE,ZM,Invalid MPIN Entered by Customer,HDFC Bank,HDFC,CUSTOMER_WHATSAPP_NUDGE,0.254,LOW,16,0,1,3,2026-08-13T10:23:46.228268
pay_npci_02395,mer_demo_apex,Apex Retail India Ltd,cust_npci_02395,Neha Kumar,neha.kumar37@hdfcbank,+919811077594,1797.94,INR,RECOVERED,RECOVERED,BUSINESS_DECLINE,ZM,Invalid MPIN Entered by Customer,HDFC Bank,HDFC,CUSTOMER_WHATSAPP_NUDGE,0.2996,LOW,12,0,1,3,2026-08-09T10:14:54.336483
pay_npci_02396,mer_swiggy_inst,Swiggy Instamart Partner,cust_npci_02396,Gaurav Verma,gaurav.verma97@paytm,+919831171837,4542.37,INR,FAILED,PENDING,BUSINESS_DECLINE,ZM,Invalid MPIN Entered by Customer,Paytm Payments Bank,PYTM,CUSTOMER_WHATSAPP_NUDGE,0.3713,MEDIUM,2,0,1,3,2026-08-09T17:57:14.112123
pay_npci_02397,mer_quick_kart,Bharat QuickCommerce,cust_npci_02397,Vivek Joshi,vivek.joshi38@okpnb,+919871277657,338.6,INR,RECOVERED,RECOVERED,TECHNICAL_DECLINE,U30,Beneficiary Bank Timeout After Debit (Ambiguous),Punjab National Bank,PNB,STATUS_POLL_VERIFICATION,0.1925,LOW,14,0,1,3,2026-08-27T21:58:31.345532
pay_npci_02398,mer_tech_bazaar,Croma TechBazaar,cust_npci_02398,Amit Banerjee,amit.banerjee90@barodampay,+919822955242,71.64,INR,RECOVERED,RECOVERED,TECHNICAL_DECLINE,U69,Remitter Bank System Unavailable / Switch Error,Bank of Baroda,BOB,DIRECT_GATEWAY_RETRY,0.02,LOW,18,0,1,3,2026-08-06T09:54:32.101910
pay_npci_02399,mer_kirana_net,Desi Kirana Network,cust_npci_02399,Rohan Nair,rohan.nair78@oksbi,+919873729170,325.42,INR,RECOVERED,RECOVERED,BUSINESS_DECLINE,ZA,Insufficient Funds in Customer Account,State Bank of India,SBI,SMART_PAYMENT_LINK,0.2886,LOW,17,0,1,3,2026-08-22T19:08:59.669057
pay_npci_02400,mer_kirana_net,Desi Kirana Network,cust_npci_02400,Aditi Rao,aditi.rao45@icici,+919863010132,1414.58,INR,RECOVERED,RECOVERED,BUSINESS_DECLINE,ZA,Insufficient Funds in Customer Account,ICICI Bank,ICICI,SMART_PAYMENT_LINK,0.2674,LOW,17,0,1,3,2026-08-22T16:19:18.571202
pay_npci_02401,mer_swiggy_inst,Swiggy Instamart Partner,cust_npci_02401,Ananya Gupta,ananya.gupta85@kotak,+919866394784,4491.07,INR,RECOVERED,RECOVERED,BUSINESS_DECLINE,ZA,Insufficient Funds in Customer Account,Kotak Mahindra Bank,KKBK,SMART_PAYMENT_LINK,0.2919,LOW,14,0,1,3,2026-08-06T20:17:32.970627
pay_npci_02402,mer_tech_bazaar,Croma TechBazaar,cust_npci_02402,Kavita Sharma,kavita.sharma77@icici,+919838527902,1560.17,INR,FAILED,PENDING,BUSINESS_DECLINE,XH,Customer Account Blocked / Frozen / Dormant,ICICI Bank,ICICI,ESCALATE_TO_HUMAN,0.5767,MEDIUM,15,0,1,3,2026-08-14T20:08:52.123953
pay_npci_02403,mer_demo_apex,Apex Retail India Ltd,cust_npci_02403,Vivek Chatterjee,vivek.chatterjee58@ybl,+919817511843,249.48,INR,RECOVERED,RECOVERED,TECHNICAL_DECLINE,U69,Remitter Bank System Unavailable / Switch Error,Yes Bank / PhonePe,YESB,DIRECT_GATEWAY_RETRY,0.02,LOW,13,0,1,3,2026-08-26T11:05:52.178502
pay_npci_02404,mer_swiggy_inst,Swiggy Instamart Partner,cust_npci_02404,Aditi Nair,aditi.nair39@sbi,+919881409374,295.96,INR,FAILED,PENDING,BUSINESS_DECLINE,U19,Daily Per-Transaction or Cumulative Limit Exceeded,State Bank of India,SBI,SMART_PAYMENT_LINK,0.438,MEDIUM,4,0,0,3,2026-08-22T20:39:00.992158
pay_npci_02405,mer_kirana_net,Desi Kirana Network,cust_npci_02405,Ananya Banerjee,ananya.banerjee81@paytm,+919826721060,923.26,INR,RECOVERED,RECOVERED,BUSINESS_DECLINE,ZA,Insufficient Funds in Customer Account,Paytm Payments Bank,PYTM,SMART_PAYMENT_LINK,0.2879,LOW,15,0,1,3,2026-08-18T20:55:49.737395
pay_npci_02406,mer_swiggy_inst,Swiggy Instamart Partner,cust_npci_02406,Neha Singh,neha.singh21@ibl,+919820638236,7767.38,INR,RECOVERED,RECOVERED,BUSINESS_DECLINE,ZA,Insufficient Funds in Customer Account,Yes Bank / PhonePe,YESB,SMART_PAYMENT_LINK,0.2899,LOW,17,0,1,3,2026-08-07T11:55:28.856547
pay_npci_02407,mer_demo_apex,Apex Retail India Ltd,cust_npci_02407,Kiran Patel,kiran.patel64@ybl,+919822328013,127.68,INR,FAILED,PENDING,BUSINESS_DECLINE,ZA,Insufficient Funds in Customer Account,Yes Bank / PhonePe,YESB,SMART_PAYMENT_LINK,0.2905,LOW,11,0,2,3,2026-08-21T18:43:03.736701
pay_npci_02408,mer_quick_kart,Bharat QuickCommerce,cust_npci_02408,Sunil Chopra,sunil.chopra34@oksbi,+919875023016,910.08,INR,RECOVERED,RECOVERED,BUSINESS_DECLINE,ZM,Invalid MPIN Entered by Customer,State Bank of India,SBI,CUSTOMER_WHATSAPP_NUDGE,0.2389,LOW,12,0,1,3,2026-08-19T21:31:29.264084
pay_npci_02409,mer_swiggy_inst,Swiggy Instamart Partner,cust_npci_02409,Deepak Kulkarni,deepak.kulkarni25@okaxis,+919858494819,404.74,INR,RECOVERED,RECOVERED,BUSINESS_DECLINE,ZA,Insufficient Funds in Customer Account,Axis Bank,AXIS,SMART_PAYMENT_LINK,0.2665,LOW,15,0,1,3,2026-08-25T18:44:40.497527
pay_npci_02410,mer_demo_apex,Apex Retail India Ltd,cust_npci_02410,Kiran Gupta,kiran.gupta41@okpnb,+919877228422,143.88,INR,FAILED,PENDING,BUSINESS_DECLINE,ZM,Invalid MPIN Entered by Customer,Punjab National Bank,PNB,CUSTOMER_WHATSAPP_NUDGE,0.3897,MEDIUM,5,0,0,3,2026-08-30T20:58:29.542396
pay_npci_02411,mer_demo_apex,Apex Retail India Ltd,cust_npci_02411,Neha Joshi,neha.joshi40@oksbi,+919886565888,3918.55,INR,RECOVERED,RECOVERED,BUSINESS_DECLINE,ZA,Insufficient Funds in Customer Account,State Bank of India,SBI,SMART_PAYMENT_LINK,0.3086,LOW,18,0,1,3,2026-08-30T19:53:24.715170
pay_npci_02412,mer_swiggy_inst,Swiggy Instamart Partner,cust_npci_02412,Deepak Nair,deepak.nair64@oksbi,+919883695710,32337.24,INR,FAILED,PENDING,BUSINESS_DECLINE,ZA,Insufficient Funds in Customer Account,State Bank of India,SBI,SMART_PAYMENT_LINK,0.5695,MEDIUM,4,0,2,3,2026-08-13T22:46:36.274795
pay_npci_02413,mer_quick_kart,Bharat QuickCommerce,cust_npci_02413,Tanvi Sharma,tanvi.sharma21@oksbi,+919848504558,247.47,INR,RECOVERED,RECOVERED,BUSINESS_DECLINE,ZM,Invalid MPIN Entered by Customer,State Bank of India,SBI,CUSTOMER_WHATSAPP_NUDGE,0.3445,LOW,5,0,1,3,2026-08-27T07:48:59.714482
pay_npci_02414,mer_tech_bazaar,Croma TechBazaar,cust_npci_02414,Ananya Nair,ananya.nair75@ibl,+919850797953,4605.7,INR,RECOVERED,RECOVERED,TECHNICAL_DECLINE,U69,Remitter Bank System Unavailable / Switch Error,Yes Bank / PhonePe,YESB,DIRECT_GATEWAY_RETRY,0.02,LOW,18,0,1,3,2026-08-27T10:02:49.290061
pay_npci_02415,mer_tech_bazaar,Croma TechBazaar,cust_npci_02415,Rohan Joshi,rohan.joshi73@kotak,+919880807584,4632.24,INR,RECOVERED,RECOVERED,TECHNICAL_DECLINE,U69,Remitter Bank System Unavailable / Switch Error,Kotak Mahindra Bank,KKBK,DIRECT_GATEWAY_RETRY,0.02,LOW,17,0,1,3,2026-08-30T20:20:43.098053
pay_npci_02416,mer_quick_kart,Bharat QuickCommerce,cust_npci_02416,Gaurav Verma,gaurav.verma66@okpnb,+919893144315,190.97,INR,FAILED,PENDING,BUSINESS_DECLINE,U19,Daily Per-Transaction or Cumulative Limit Exceeded,Punjab National Bank,PNB,SMART_PAYMENT_LINK,0.3604,MEDIUM,10,0,0,3,2026-08-16T19:34:53.621068
pay_npci_02417,mer_kirana_net,Desi Kirana Network,cust_npci_02417,Priya Chatterjee,priya.chatterjee92@ybl,+919871631788,633.92,INR,RECOVERED,RECOVERED,TECHNICAL_DECLINE,U30,Beneficiary Bank Timeout After Debit (Ambiguous),Yes Bank / PhonePe,YESB,STATUS_POLL_VERIFICATION,0.1655,LOW,18,0,1,3,2026-09-02T14:58:53.648976
pay_npci_02418,mer_kirana_net,Desi Kirana Network,cust_npci_02418,Ananya Nair,ananya.nair61@paytm,+919813817985,442.54,INR,RECOVERED,RECOVERED,BUSINESS_DECLINE,U19,Daily Per-Transaction or Cumulative Limit Exceeded,Paytm Payments Bank,PYTM,SMART_PAYMENT_LINK,0.3195,LOW,16,0,1,3,2026-08-29T14:46:43.278101
pay_npci_02419,mer_tech_bazaar,Croma TechBazaar,cust_npci_02419,Isha Reddy,isha.reddy14@okaxis,+919813935973,4756.96,INR,RECOVERED,RECOVERED,BUSINESS_DECLINE,ZA,Insufficient Funds in Customer Account,Axis Bank,AXIS,SMART_PAYMENT_LINK,0.2768,LOW,13,0,1,3,2026-08-09T23:09:42.096645
pay_npci_02420,mer_demo_apex,Apex Retail India Ltd,cust_npci_02420,Kiran Chopra,kiran.chopra71@hdfcbank,+919866294653,2890.27,INR,RECOVERED,RECOVERED,BUSINESS_DECLINE,ZM,Invalid MPIN Entered by Customer,HDFC Bank,HDFC,CUSTOMER_WHATSAPP_NUDGE,0.2271,LOW,15,0,1,3,2026-08-12T08:43:01.232131
pay_npci_02421,mer_tech_bazaar,Croma TechBazaar,cust_npci_02421,Pooja Gupta,pooja.gupta58@paytm,+919848579947,163.56,INR,FAILED,IN_REVIEW,BUSINESS_DECLINE,K1,Suspected Fraud / Excessive Velocity Anomaly,Paytm Payments Bank,PYTM,QUARANTINE_FOR_REVIEW,0.98,HIGH,3,1,2,3,2026-08-10T01:59:11.185332
pay_npci_02422,mer_demo_apex,Apex Retail India Ltd,cust_npci_02422,Zoya Nair,zoya.nair58@paytm,+919868170497,151.6,INR,FAILED,IN_REVIEW,BUSINESS_DECLINE,K1,Suspected Fraud / Excessive Velocity Anomaly,Paytm Payments Bank,PYTM,QUARANTINE_FOR_REVIEW,0.98,HIGH,3,1,2,3,2026-08-23T09:12:47.529853
pay_npci_02423,mer_tech_bazaar,Croma TechBazaar,cust_npci_02423,Aarav Kulkarni,aarav.kulkarni89@barodampay,+919875216437,253.18,INR,FAILED,PENDING,BUSINESS_DECLINE,U19,Daily Per-Transaction or Cumulative Limit Exceeded,Bank of Baroda,BOB,SMART_PAYMENT_LINK,0.3645,MEDIUM,17,0,1,3,2026-08-19T16:50:46.279383
pay_npci_02424,mer_quick_kart,Bharat QuickCommerce,cust_npci_02424,Ananya Gupta,ananya.gupta61@sbi,+919897430509,1910.22,INR,RECOVERED,RECOVERED,BUSINESS_DECLINE,ZM,Invalid MPIN Entered by Customer,State Bank of India,SBI,CUSTOMER_WHATSAPP_NUDGE,0.2458,LOW,11,0,1,3,2026-08-29T19:50:19.221380
pay_npci_02425,mer_demo_apex,Apex Retail India Ltd,cust_npci_02425,Aarav Kulkarni,aarav.kulkarni12@okaxis,+919855380939,45312.49,INR,RECOVERED,RECOVERED,TECHNICAL_DECLINE,BT,Issuer Switch Timeout During 2FA Verification,Axis Bank,AXIS,DIRECT_GATEWAY_RETRY,0.1838,LOW,12,0,1,3,2026-08-19T10:15:20.417925
pay_npci_02426,mer_demo_apex,Apex Retail India Ltd,cust_npci_02426,Pooja Kulkarni,pooja.kulkarni27@okpnb,+919872425392,2935.98,INR,FAILED,PENDING,BUSINESS_DECLINE,XH,Customer Account Blocked / Frozen / Dormant,Punjab National Bank,PNB,ESCALATE_TO_HUMAN,0.5976,MEDIUM,14,0,0,3,2026-08-21T20:40:44.527972
pay_npci_02427,mer_swiggy_inst,Swiggy Instamart Partner,cust_npci_02427,Sanjay Kulkarni,sanjay.kulkarni83@barodampay,+919882010548,1423.85,INR,RECOVERED,RECOVERED,BUSINESS_DECLINE,ZA,Insufficient Funds in Customer Account,Bank of Baroda,BOB,SMART_PAYMENT_LINK,0.3,LOW,11,0,1,3,2026-08-14T09:07:08.869230
pay_npci_02428,mer_swiggy_inst,Swiggy Instamart Partner,cust_npci_02428,Vivek Desai,vivek.desai84@okaxis,+919846430128,23629.48,INR,RECOVERED,RECOVERED,BUSINESS_DECLINE,ZA,Insufficient Funds in Customer Account,Axis Bank,AXIS,SMART_PAYMENT_LINK,0.3379,LOW,14,0,1,3,2026-08-25T15:40:28.238716
pay_npci_02429,mer_tech_bazaar,Croma TechBazaar,cust_npci_02429,Sanjay Verma,sanjay.verma33@unionbank,+919868986008,127.78,INR,RECOVERED,RECOVERED,BUSINESS_DECLINE,ZA,Insufficient Funds in Customer Account,Union Bank of India,UBI,SMART_PAYMENT_LINK,0.3351,LOW,6,0,1,3,2026-08-29T06:56:15.148662
pay_npci_02430,mer_tech_bazaar,Croma TechBazaar,cust_npci_02430,Vikram Patel,vikram.patel47@hdfcbank,+919841658231,328.66,INR,FAILED,PENDING,BUSINESS_DECLINE,ZA,Insufficient Funds in Customer Account,HDFC Bank,HDFC,SMART_PAYMENT_LINK,0.4211,MEDIUM,1,0,1,3,2026-08-16T20:15:19.830850
pay_npci_02431,mer_demo_apex,Apex Retail India Ltd,cust_npci_02431,Ananya Verma,ananya.verma10@unionbank,+919840039480,4230.69,INR,RECOVERED,RECOVERED,BUSINESS_DECLINE,ZA,Insufficient Funds in Customer Account,Union Bank of India,UBI,SMART_PAYMENT_LINK,0.2779,LOW,16,0,1,3,2026-08-11T08:40:58.027341
pay_npci_02432,mer_swiggy_inst,Swiggy Instamart Partner,cust_npci_02432,Manish Kulkarni,manish.kulkarni77@oksbi,+919852686247,347.18,INR,FAILED,PENDING,BUSINESS_DECLINE,XH,Customer Account Blocked / Frozen / Dormant,State Bank of India,SBI,ESCALATE_TO_HUMAN,0.6728,MEDIUM,0,0,0,3,2026-08-12T13:49:43.553331
pay_npci_02433,mer_kirana_net,Desi Kirana Network,cust_npci_02433,Manish Kulkarni,manish.kulkarni74@okaxis,+919845061639,69.32,INR,RECOVERED,RECOVERED,TECHNICAL_DECLINE,U69,Remitter Bank System Unavailable / Switch Error,Axis Bank,AXIS,DIRECT_GATEWAY_RETRY,0.02,LOW,10,0,1,3,2026-08-06T01:53:56.737983
pay_npci_02434,mer_kirana_net,Desi Kirana Network,cust_npci_02434,Vivek Sharma,vivek.sharma38@paytm,+919891989400,2205.71,INR,RECOVERED,RECOVERED,BUSINESS_DECLINE,ZA,Insufficient Funds in Customer Account,Paytm Payments Bank,PYTM,SMART_PAYMENT_LINK,0.2752,LOW,9,0,1,3,2026-08-26T07:55:38.232139
pay_npci_02435,mer_swiggy_inst,Swiggy Instamart Partner,cust_npci_02435,Neha Nair,neha.nair58@oksbi,+919830974608,242.98,INR,FAILED,PENDING,BUSINESS_DECLINE,ZA,Insufficient Funds in Customer Account,State Bank of India,SBI,SMART_PAYMENT_LINK,0.4429,MEDIUM,3,0,1,3,2026-08-10T22:51:44.083437
pay_npci_02436,mer_swiggy_inst,Swiggy Instamart Partner,cust_npci_02436,Isha Nair,isha.nair26@icici,+919883293436,2931.91,INR,RECOVERED,RECOVERED,BUSINESS_DECLINE,ZA,Insufficient Funds in Customer Account,ICICI Bank,ICICI,SMART_PAYMENT_LINK,0.2802,LOW,16,0,1,3,2026-08-22T09:14:29.648600
pay_npci_02437,mer_kirana_net,Desi Kirana Network,cust_npci_02437,Gaurav Kulkarni,gaurav.kulkarni68@okhdfcbank,+919865760035,3397.97,INR,RECOVERED,RECOVERED,BUSINESS_DECLINE,ZA,Insufficient Funds in Customer Account,HDFC Bank,HDFC,SMART_PAYMENT_LINK,0.3093,LOW,11,0,1,3,2026-08-29T07:31:00.238548
pay_npci_02438,mer_demo_apex,Apex Retail India Ltd,cust_npci_02438,Deepak Gupta,deepak.gupta82@paytm,+919841343759,73727.99,INR,FAILED,PENDING,BUSINESS_DECLINE,ZM,Invalid MPIN Entered by Customer,Paytm Payments Bank,PYTM,CUSTOMER_WHATSAPP_NUDGE,0.4101,MEDIUM,17,0,1,3,2026-09-03T19:54:34.805925
pay_npci_02439,mer_tech_bazaar,Croma TechBazaar,cust_npci_02439,Vikram Sharma,vikram.sharma56@hdfcbank,+919813673327,837.02,INR,FAILED,PENDING,BUSINESS_DECLINE,ZM,Invalid MPIN Entered by Customer,HDFC Bank,HDFC,CUSTOMER_WHATSAPP_NUDGE,0.2253,LOW,6,0,0,3,2026-08-06T10:58:03.585350
pay_npci_02440,mer_kirana_net,Desi Kirana Network,cust_npci_02440,Tanvi Chatterjee,tanvi.chatterjee45@oksbi,+919835326778,297.74,INR,RECOVERED,RECOVERED,TECHNICAL_DECLINE,SWITCH_DOWN,NPCI Central Switch Queue Congestion,State Bank of India,SBI,BACKOFF_RETRY,0.02,LOW,7,0,1,3,2026-09-04T21:48:36.925213
pay_npci_02441,mer_quick_kart,Bharat QuickCommerce,cust_npci_02441,Kavita Rao,kavita.rao82@oksbi,+919884711317,223.74,INR,RECOVERED,RECOVERED,BUSINESS_DECLINE,ZM,Invalid MPIN Entered by Customer,State Bank of India,SBI,CUSTOMER_WHATSAPP_NUDGE,0.2725,LOW,17,0,1,3,2026-08-05T13:44:45.191241
pay_npci_02442,mer_tech_bazaar,Croma TechBazaar,cust_npci_02442,Pranav Banerjee,pranav.banerjee25@ybl,+919882912492,114.69,INR,FAILED,IN_REVIEW,BUSINESS_DECLINE,XH,Customer Account Blocked / Frozen / Dormant,Yes Bank / PhonePe,YESB,ESCALATE_TO_HUMAN,0.7121,HIGH,3,0,2,3,2026-08-20T15:30:10.862765
pay_npci_02443,mer_kirana_net,Desi Kirana Network,cust_npci_02443,Aditi Joshi,aditi.joshi18@icici,+919866670801,4680.4,INR,FAILED,PENDING,TECHNICAL_DECLINE,BT,Issuer Switch Timeout During 2FA Verification,ICICI Bank,ICICI,DIRECT_GATEWAY_RETRY,0.0562,LOW,14,0,2,3,2026-08-23T14:17:07.461841
pay_npci_02444,mer_swiggy_inst,Swiggy Instamart Partner,cust_npci_02444,Vivek Kulkarni,vivek.kulkarni23@unionbank,+919872069996,3473.58,INR,FAILED,PENDING,TECHNICAL_DECLINE,U30,Beneficiary Bank Timeout After Debit (Ambiguous),Union Bank of India,UBI,STATUS_POLL_VERIFICATION,0.6154,MEDIUM,1,1,1,3,2026-08-30T09:20:09.713995
pay_npci_02445,mer_kirana_net,Desi Kirana Network,cust_npci_02445,Sneha Rao,sneha.rao96@okhdfcbank,+919892781237,1512.69,INR,FAILED,PENDING,BUSINESS_DECLINE,ZM,Invalid MPIN Entered by Customer,HDFC Bank,HDFC,CUSTOMER_WHATSAPP_NUDGE,0.4116,MEDIUM,5,0,2,3,2026-08-20T22:32:22.382814
pay_npci_02446,mer_demo_apex,Apex Retail India Ltd,cust_npci_02446,Vivek Banerjee,vivek.banerjee56@ibl,+919861802073,1196.14,INR,FAILED,PENDING,BUSINESS_DECLINE,ZA,Insufficient Funds in Customer Account,Yes Bank / PhonePe,YESB,SMART_PAYMENT_LINK,0.4348,MEDIUM,1,0,1,3,2026-08-22T11:19:19.791329
pay_npci_02447,mer_quick_kart,Bharat QuickCommerce,cust_npci_02447,Pranav Reddy,pranav.reddy79@oksbi,+919846820907,3057.75,INR,FAILED,PENDING,BUSINESS_DECLINE,ZA,Insufficient Funds in Customer Account,State Bank of India,SBI,SMART_PAYMENT_LINK,0.4374,MEDIUM,2,0,2,3,2026-08-09T11:54:54.697278
pay_npci_02448,mer_quick_kart,Bharat QuickCommerce,cust_npci_02448,Vivek Patel,vivek.patel36@unionbank,+919834154153,429.93,INR,RECOVERED,RECOVERED,TECHNICAL_DECLINE,U69,Remitter Bank System Unavailable / Switch Error,Union Bank of India,UBI,DIRECT_GATEWAY_RETRY,0.136,LOW,5,0,1,3,2026-08-19T20:45:38.694912
pay_npci_02449,mer_demo_apex,Apex Retail India Ltd,cust_npci_02449,Rahul Singh,rahul.singh20@sbi,+919858813649,409.61,INR,FAILED,PENDING,BUSINESS_DECLINE,U19,Daily Per-Transaction or Cumulative Limit Exceeded,State Bank of India,SBI,SMART_PAYMENT_LINK,0.3547,MEDIUM,7,0,1,3,2026-08-12T07:36:26.852078
pay_npci_02450,mer_quick_kart,Bharat QuickCommerce,cust_npci_02450,Gaurav Sharma,gaurav.sharma11@kmbl,+919890194001,490.34,INR,RECOVERED,RECOVERED,TECHNICAL_DECLINE,BT,Issuer Switch Timeout During 2FA Verification,Kotak Mahindra Bank,KKBK,DIRECT_GATEWAY_RETRY,0.02,LOW,13,0,1,3,2026-08-20T17:46:55.811248
pay_npci_02451,mer_demo_apex,Apex Retail India Ltd,cust_npci_02451,Sanjay Chopra,sanjay.chopra82@barodampay,+919828490575,96.86,INR,RECOVERED,RECOVERED,TECHNICAL_DECLINE,BT,Issuer Switch Timeout During 2FA Verification,Bank of Baroda,BOB,DIRECT_GATEWAY_RETRY,0.0235,LOW,17,0,1,3,2026-08-14T18:06:02.009148
pay_npci_02452,mer_swiggy_inst,Swiggy Instamart Partner,cust_npci_02452,Priya Joshi,priya.joshi22@hdfcbank,+919887134359,14493.11,INR,FAILED,PENDING,BUSINESS_DECLINE,ZM,Invalid MPIN Entered by Customer,HDFC Bank,HDFC,CUSTOMER_WHATSAPP_NUDGE,0.3939,MEDIUM,1,0,0,3,2026-08-12T07:48:00.765033
pay_npci_02453,mer_swiggy_inst,Swiggy Instamart Partner,cust_npci_02453,Manish Desai,manish.desai14@oksbi,+919812932315,384.07,INR,RECOVERED,RECOVERED,BUSINESS_DECLINE,U19,Daily Per-Transaction or Cumulative Limit Exceeded,State Bank of India,SBI,SMART_PAYMENT_LINK,0.3419,LOW,13,0,1,3,2026-08-13T18:56:50.325855
pay_npci_02454,mer_kirana_net,Desi Kirana Network,cust_npci_02454,Gaurav Chopra,gaurav.chopra67@barodampay,+919875922210,231.57,INR,RECOVERED,RECOVERED,BUSINESS_DECLINE,ZM,Invalid MPIN Entered by Customer,Bank of Baroda,BOB,CUSTOMER_WHATSAPP_NUDGE,0.258,LOW,6,0,1,3,2026-08-29T10:51:29.720965
pay_npci_02455,mer_tech_bazaar,Croma TechBazaar,cust_npci_02455,Aarav Chopra,aarav.chopra27@sbi,+919899359250,173.73,INR,RECOVERED,RECOVERED,BUSINESS_DECLINE,ZA,Insufficient Funds in Customer Account,State Bank of India,SBI,SMART_PAYMENT_LINK,0.3002,LOW,9,0,1,3,2026-08-13T18:04:51.494941
pay_npci_02456,mer_tech_bazaar,Croma TechBazaar,cust_npci_02456,Rohan Verma,rohan.verma64@okicici,+919831864756,74026.2,INR,FAILED,PENDING,BUSINESS_DECLINE,ZM,Invalid MPIN Entered by Customer,ICICI Bank,ICICI,CUSTOMER_WHATSAPP_NUDGE,0.4761,MEDIUM,18,0,2,3,2026-08-13T19:32:59.175029
pay_npci_02457,mer_demo_apex,Apex Retail India Ltd,cust_npci_02457,Sunil Gupta,sunil.gupta80@hdfcbank,+919874458979,81.12,INR,RECOVERED,RECOVERED,TECHNICAL_DECLINE,U69,Remitter Bank System Unavailable / Switch Error,HDFC Bank,HDFC,DIRECT_GATEWAY_RETRY,0.02,LOW,6,0,1,3,2026-08-21T18:47:55.769873
pay_npci_02458,mer_demo_apex,Apex Retail India Ltd,cust_npci_02458,Kiran Reddy,kiran.reddy99@sbi,+919874036318,261.54,INR,FAILED,PENDING,BUSINESS_DECLINE,ZM,Invalid MPIN Entered by Customer,State Bank of India,SBI,CUSTOMER_WHATSAPP_NUDGE,0.3565,MEDIUM,1,0,0,3,2026-08-16T19:38:18.422316
pay_npci_02459,mer_quick_kart,Bharat QuickCommerce,cust_npci_02459,Zoya Chopra,zoya.chopra32@oksbi,+919853265920,264.11,INR,RECOVERED,RECOVERED,TECHNICAL_DECLINE,U69,Remitter Bank System Unavailable / Switch Error,State Bank of India,SBI,DIRECT_GATEWAY_RETRY,0.02,LOW,16,0,1,3,2026-08-24T12:16:53.555805
pay_npci_02460,mer_swiggy_inst,Swiggy Instamart Partner,cust_npci_02460,Pranav Sharma,pranav.sharma39@sbi,+919829773564,274.04,INR,RECOVERED,RECOVERED,BUSINESS_DECLINE,ZA,Insufficient Funds in Customer Account,State Bank of India,SBI,SMART_PAYMENT_LINK,0.3025,LOW,15,0,1,3,2026-08-07T17:30:33.557043
pay_npci_02461,mer_kirana_net,Desi Kirana Network,cust_npci_02461,Tanvi Rao,tanvi.rao32@sbi,+919852049109,278.81,INR,RECOVERED,RECOVERED,BUSINESS_DECLINE,ZA,Insufficient Funds in Customer Account,State Bank of India,SBI,SMART_PAYMENT_LINK,0.2653,LOW,18,0,1,3,2026-08-25T21:38:53.864455
pay_npci_02462,mer_demo_apex,Apex Retail India Ltd,cust_npci_02462,Kavita Rao,kavita.rao51@oksbi,+919853626172,4151.69,INR,RECOVERED,RECOVERED,TECHNICAL_DECLINE,U69,Remitter Bank System Unavailable / Switch Error,State Bank of India,SBI,DIRECT_GATEWAY_RETRY,0.02,LOW,6,0,1,3,2026-08-31T11:23:03.214787
pay_npci_02463,mer_quick_kart,Bharat QuickCommerce,cust_npci_02463,Manish Singh,manish.singh33@okpnb,+919858188698,45490.58,INR,FAILED,PENDING,TECHNICAL_DECLINE,BT,Issuer Switch Timeout During 2FA Verification,Punjab National Bank,PNB,DIRECT_GATEWAY_RETRY,0.3371,LOW,4,0,2,3,2026-08-26T17:21:49.291556
pay_npci_02464,mer_quick_kart,Bharat QuickCommerce,cust_npci_02464,Aditi Sharma,aditi.sharma10@paytm,+919856025487,43.74,INR,RECOVERED,RECOVERED,TECHNICAL_DECLINE,U69,Remitter Bank System Unavailable / Switch Error,Paytm Payments Bank,PYTM,DIRECT_GATEWAY_RETRY,0.02,LOW,9,0,1,3,2026-08-25T21:42:06.966800
pay_npci_02465,mer_demo_apex,Apex Retail India Ltd,cust_npci_02465,Priya Reddy,priya.reddy38@unionbank,+919886692162,392.08,INR,FAILED,PENDING,BUSINESS_DECLINE,ZA,Insufficient Funds in Customer Account,Union Bank of India,UBI,SMART_PAYMENT_LINK,0.3814,MEDIUM,1,0,1,3,2026-08-21T16:59:27.740776
pay_npci_02466,mer_swiggy_inst,Swiggy Instamart Partner,cust_npci_02466,Neha Chatterjee,neha.chatterjee51@oksbi,+919847758352,2938.53,INR,FAILED,IN_REVIEW,BUSINESS_DECLINE,K1,Suspected Fraud / Excessive Velocity Anomaly,State Bank of India,SBI,QUARANTINE_FOR_REVIEW,0.98,HIGH,8,1,2,3,2026-08-12T11:26:48.988814
pay_npci_02467,mer_tech_bazaar,Croma TechBazaar,cust_npci_02467,Rohan Singh,rohan.singh99@icici,+919874900052,29.05,INR,RECOVERED,RECOVERED,TECHNICAL_DECLINE,U30,Beneficiary Bank Timeout After Debit (Ambiguous),ICICI Bank,ICICI,STATUS_POLL_VERIFICATION,0.3007,LOW,5,0,1,3,2026-08-25T22:37:29.563219
pay_npci_02468,mer_tech_bazaar,Croma TechBazaar,cust_npci_02468,Aditi Desai,aditi.desai85@okhdfcbank,+919815459271,338.05,INR,FAILED,PENDING,TECHNICAL_DECLINE,U69,Remitter Bank System Unavailable / Switch Error,HDFC Bank,HDFC,DIRECT_GATEWAY_RETRY,0.3611,MEDIUM,18,1,0,3,2026-08-31T18:28:18.172070
pay_npci_02469,mer_quick_kart,Bharat QuickCommerce,cust_npci_02469,Priya Nair,priya.nair93@axisbank,+919839326706,1259.17,INR,FAILED,IN_REVIEW,BUSINESS_DECLINE,K1,Suspected Fraud / Excessive Velocity Anomaly,Axis Bank,AXIS,QUARANTINE_FOR_REVIEW,0.98,HIGH,11,1,1,3,2026-08-27T23:30:08.504798
pay_npci_02470,mer_demo_apex,Apex Retail India Ltd,cust_npci_02470,Varun Kumar,varun.kumar13@unionbank,+919834942388,2003.84,INR,RECOVERED,RECOVERED,BUSINESS_DECLINE,U19,Daily Per-Transaction or Cumulative Limit Exceeded,Union Bank of India,UBI,SMART_PAYMENT_LINK,0.3032,LOW,13,0,1,3,2026-08-19T14:21:45.162947
pay_npci_02471,mer_quick_kart,Bharat QuickCommerce,cust_npci_02471,Pranav Banerjee,pranav.banerjee13@okhdfcbank,+919878960576,348.06,INR,RECOVERED,RECOVERED,BUSINESS_DECLINE,ZA,Insufficient Funds in Customer Account,HDFC Bank,HDFC,SMART_PAYMENT_LINK,0.3096,LOW,13,0,1,3,2026-08-29T17:09:02.785708
pay_npci_02472,mer_tech_bazaar,Croma TechBazaar,cust_npci_02472,Ananya Joshi,ananya.joshi53@sbi,+919823095032,106.94,INR,FAILED,PENDING,BUSINESS_DECLINE,ZA,Insufficient Funds in Customer Account,State Bank of India,SBI,SMART_PAYMENT_LINK,0.4331,MEDIUM,3,0,0,3,2026-08-05T09:22:36.468256
pay_npci_02473,mer_swiggy_inst,Swiggy Instamart Partner,cust_npci_02473,Aarav Chopra,aarav.chopra48@ibl,+919894157663,350.02,INR,RECOVERED,RECOVERED,TECHNICAL_DECLINE,U69,Remitter Bank System Unavailable / Switch Error,Yes Bank / PhonePe,YESB,DIRECT_GATEWAY_RETRY,0.02,LOW,15,0,1,3,2026-08-06T11:42:27.975718
pay_npci_02474,mer_quick_kart,Bharat QuickCommerce,cust_npci_02474,Sneha Kulkarni,sneha.kulkarni31@barodampay,+919897433643,2281.42,INR,RECOVERED,RECOVERED,TECHNICAL_DECLINE,BT,Issuer Switch Timeout During 2FA Verification,Bank of Baroda,BOB,DIRECT_GATEWAY_RETRY,0.0514,LOW,15,0,1,3,2026-08-26T07:38:39.255360
pay_npci_02475,mer_swiggy_inst,Swiggy Instamart Partner,cust_npci_02475,Ananya Joshi,ananya.joshi46@barodampay,+919832976814,192.14,INR,FAILED,PENDING,TECHNICAL_DECLINE,BT,Issuer Switch Timeout During 2FA Verification,Bank of Baroda,BOB,DIRECT_GATEWAY_RETRY,0.1134,LOW,5,0,0,3,2026-08-20T05:59:35.467990
pay_npci_02476,mer_tech_bazaar,Croma TechBazaar,cust_npci_02476,Vikram Kulkarni,vikram.kulkarni47@ybl,+919812747927,488.15,INR,RECOVERED,RECOVERED,TECHNICAL_DECLINE,BT,Issuer Switch Timeout During 2FA Verification,Yes Bank / PhonePe,YESB,DIRECT_GATEWAY_RETRY,0.02,LOW,13,0,1,3,2026-08-23T15:37:18.794173
pay_npci_02477,mer_quick_kart,Bharat QuickCommerce,cust_npci_02477,Isha Gupta,isha.gupta71@oksbi,+919847314811,4729.17,INR,RECOVERED,RECOVERED,BUSINESS_DECLINE,ZM,Invalid MPIN Entered by Customer,State Bank of India,SBI,CUSTOMER_WHATSAPP_NUDGE,0.286,LOW,6,0,1,3,2026-08-31T11:59:29.319263
pay_npci_02478,mer_kirana_net,Desi Kirana Network,cust_npci_02478,Priya Patel,priya.patel82@oksbi,+919852879998,4592.78,INR,FAILED,PENDING,TECHNICAL_DECLINE,U69,Remitter Bank System Unavailable / Switch Error,State Bank of India,SBI,DIRECT_GATEWAY_RETRY,0.02,LOW,15,0,1,3,2026-08-09T14:34:25.328003
pay_npci_02479,mer_swiggy_inst,Swiggy Instamart Partner,cust_npci_02479,Rahul Kumar,rahul.kumar57@ybl,+919811378849,3858.5,INR,RECOVERED,RECOVERED,TECHNICAL_DECLINE,U69,Remitter Bank System Unavailable / Switch Error,Yes Bank / PhonePe,YESB,DIRECT_GATEWAY_RETRY,0.02,LOW,17,0,1,3,2026-08-31T21:48:02.685894
pay_npci_02480,mer_kirana_net,Desi Kirana Network,cust_npci_02480,Manish Nair,manish.nair74@oksbi,+919814266094,375.0,INR,RECOVERED,RECOVERED,BUSINESS_DECLINE,ZM,Invalid MPIN Entered by Customer,State Bank of India,SBI,CUSTOMER_WHATSAPP_NUDGE,0.2219,LOW,10,0,1,3,2026-08-05T14:11:51.485360
pay_npci_02481,mer_swiggy_inst,Swiggy Instamart Partner,cust_npci_02481,Vikram Kulkarni,vikram.kulkarni70@sbi,+919858860348,3418.71,INR,FAILED,PENDING,BUSINESS_DECLINE,XH,Customer Account Blocked / Frozen / Dormant,State Bank of India,SBI,ESCALATE_TO_HUMAN,0.5255,MEDIUM,12,0,1,3,2026-08-17T15:07:55.470805
pay_npci_02482,mer_demo_apex,Apex Retail India Ltd,cust_npci_02482,Manish Rao,manish.rao60@okaxis,+919838567732,190.01,INR,RECOVERED,RECOVERED,BUSINESS_DECLINE,ZA,Insufficient Funds in Customer Account,Axis Bank,AXIS,SMART_PAYMENT_LINK,0.3081,LOW,6,0,1,3,2026-08-28T19:34:32.019794
pay_npci_02483,mer_swiggy_inst,Swiggy Instamart Partner,cust_npci_02483,Manish Desai,manish.desai70@oksbi,+919896738004,45.93,INR,FAILED,PENDING,BUSINESS_DECLINE,ZM,Invalid MPIN Entered by Customer,State Bank of India,SBI,CUSTOMER_WHATSAPP_NUDGE,0.3829,MEDIUM,1,0,1,3,2026-08-13T11:17:43.364578
pay_npci_02484,mer_tech_bazaar,Croma TechBazaar,cust_npci_02484,Kiran Kulkarni,kiran.kulkarni93@paytm,+919846247248,321.51,INR,RECOVERED,RECOVERED,BUSINESS_DECLINE,ZA,Insufficient Funds in Customer Account,Paytm Payments Bank,PYTM,SMART_PAYMENT_LINK,0.2867,LOW,15,0,1,3,2026-08-20T08:21:14.103480
pay_npci_02485,mer_kirana_net,Desi Kirana Network,cust_npci_02485,Gaurav Patel,gaurav.patel39@okaxis,+919886026166,192.43,INR,FAILED,PENDING,BUSINESS_DECLINE,ZM,Invalid MPIN Entered by Customer,Axis Bank,AXIS,CUSTOMER_WHATSAPP_NUDGE,0.3728,MEDIUM,0,0,2,3,2026-08-29T18:21:59.981040
pay_npci_02486,mer_quick_kart,Bharat QuickCommerce,cust_npci_02486,Aditi Desai,aditi.desai49@okpnb,+919851650968,147.6,INR,RECOVERED,RECOVERED,TECHNICAL_DECLINE,BT,Issuer Switch Timeout During 2FA Verification,Punjab National Bank,PNB,DIRECT_GATEWAY_RETRY,0.02,LOW,14,0,1,3,2026-09-01T18:28:44.919672
pay_npci_02487,mer_quick_kart,Bharat QuickCommerce,cust_npci_02487,Kiran Mehta,kiran.mehta53@hdfcbank,+919854103447,4286.88,INR,RECOVERED,RECOVERED,BUSINESS_DECLINE,ZA,Insufficient Funds in Customer Account,HDFC Bank,HDFC,SMART_PAYMENT_LINK,0.3354,LOW,6,0,1,3,2026-08-29T09:22:01.985483
pay_npci_02488,mer_kirana_net,Desi Kirana Network,cust_npci_02488,Manish Joshi,manish.joshi82@okicici,+919824651852,708.3,INR,RECOVERED,RECOVERED,TECHNICAL_DECLINE,U30,Beneficiary Bank Timeout After Debit (Ambiguous),ICICI Bank,ICICI,STATUS_POLL_VERIFICATION,0.262,LOW,2,0,1,3,2026-08-26T05:52:36.493190
pay_npci_02489,mer_quick_kart,Bharat QuickCommerce,cust_npci_02489,Pooja Verma,pooja.verma75@sbi,+919893403196,3476.74,INR,FAILED,PENDING,BUSINESS_DECLINE,ZM,Invalid MPIN Entered by Customer,State Bank of India,SBI,CUSTOMER_WHATSAPP_NUDGE,0.3513,MEDIUM,5,0,2,3,2026-08-30T19:27:05.168114
pay_npci_02490,mer_demo_apex,Apex Retail India Ltd,cust_npci_02490,Vivek Joshi,vivek.joshi47@ybl,+919853862906,20.16,INR,FAILED,PENDING,BUSINESS_DECLINE,ZM,Invalid MPIN Entered by Customer,Yes Bank / PhonePe,YESB,CUSTOMER_WHATSAPP_NUDGE,0.408,MEDIUM,3,0,1,3,2026-08-25T21:27:16.809194
pay_npci_02491,mer_kirana_net,Desi Kirana Network,cust_npci_02491,Varun Reddy,varun.reddy64@paytm,+919879405476,370.52,INR,RECOVERED,RECOVERED,TECHNICAL_DECLINE,BT,Issuer Switch Timeout During 2FA Verification,Paytm Payments Bank,PYTM,DIRECT_GATEWAY_RETRY,0.0476,LOW,17,0,1,3,2026-08-22T08:56:33.859761
pay_npci_02492,mer_demo_apex,Apex Retail India Ltd,cust_npci_02492,Isha Joshi,isha.joshi60@okicici,+919823187339,4786.97,INR,FAILED,PENDING,BUSINESS_DECLINE,ZA,Insufficient Funds in Customer Account,ICICI Bank,ICICI,SMART_PAYMENT_LINK,0.4282,MEDIUM,0,0,2,3,2026-08-26T21:30:44.330606
pay_npci_02493,mer_quick_kart,Bharat QuickCommerce,cust_npci_02493,Vikram Verma,vikram.verma50@kmbl,+919852200041,446.57,INR,RECOVERED,RECOVERED,TECHNICAL_DECLINE,BT,Issuer Switch Timeout During 2FA Verification,Kotak Mahindra Bank,KKBK,DIRECT_GATEWAY_RETRY,0.0285,LOW,15,0,1,3,2026-08-21T08:44:58.876523
pay_npci_02494,mer_demo_apex,Apex Retail India Ltd,cust_npci_02494,Rohan Gupta,rohan.gupta10@kmbl,+919824137111,413.88,INR,RECOVERED,RECOVERED,TECHNICAL_DECLINE,BT,Issuer Switch Timeout During 2FA Verification,Kotak Mahindra Bank,KKBK,DIRECT_GATEWAY_RETRY,0.02,LOW,8,0,1,3,2026-08-06T13:53:28.366811
pay_npci_02495,mer_tech_bazaar,Croma TechBazaar,cust_npci_02495,Aditi Desai,aditi.desai39@okpnb,+919830261096,257.04,INR,FAILED,PENDING,TECHNICAL_DECLINE,U69,Remitter Bank System Unavailable / Switch Error,Punjab National Bank,PNB,DIRECT_GATEWAY_RETRY,0.02,LOW,11,0,2,3,2026-08-09T13:04:57.192476
pay_npci_02496,mer_swiggy_inst,Swiggy Instamart Partner,cust_npci_02496,Amit Singh,amit.singh94@ibl,+919881418574,285.3,INR,RECOVERED,RECOVERED,TECHNICAL_DECLINE,U69,Remitter Bank System Unavailable / Switch Error,Yes Bank / PhonePe,YESB,DIRECT_GATEWAY_RETRY,0.02,LOW,14,0,1,3,2026-08-12T13:12:11.314077
pay_npci_02497,mer_demo_apex,Apex Retail India Ltd,cust_npci_02497,Varun Chopra,varun.chopra99@ybl,+919841217249,3058.8,INR,RECOVERED,RECOVERED,BUSINESS_DECLINE,ZA,Insufficient Funds in Customer Account,Yes Bank / PhonePe,YESB,SMART_PAYMENT_LINK,0.3244,LOW,9,0,1,3,2026-09-01T19:13:24.823211
pay_npci_02498,mer_tech_bazaar,Croma TechBazaar,cust_npci_02498,Rahul Singh,rahul.singh69@barodampay,+919858766657,1463.96,INR,RECOVERED,RECOVERED,BUSINESS_DECLINE,ZA,Insufficient Funds in Customer Account,Bank of Baroda,BOB,SMART_PAYMENT_LINK,0.307,LOW,14,0,1,3,2026-08-11T09:08:35.351588
pay_npci_02499,mer_tech_bazaar,Croma TechBazaar,cust_npci_02499,Deepak Sharma,deepak.sharma18@hdfcbank,+919896670138,2196.89,INR,RECOVERED,RECOVERED,TECHNICAL_DECLINE,BT,Issuer Switch Timeout During 2FA Verification,HDFC Bank,HDFC,DIRECT_GATEWAY_RETRY,0.02,LOW,6,0,1,3,2026-08-23T18:51:52.304606
pay_npci_02500,mer_quick_kart,Bharat QuickCommerce,cust_npci_02500,Gaurav Chopra,gaurav.chopra32@unionbank,+919815315961,42274.48,INR,FAILED,PENDING,BUSINESS_DECLINE,ZA,Insufficient Funds in Customer Account,Union Bank of India,UBI,SMART_PAYMENT_LINK,0.6318,MEDIUM,3,0,0,3,2026-09-02T08:08:08.642409
